consumptionQuantity1,consumptionQuantity2,consumptionValue,consumptionCIFValue,cifValue,date,countryCode,hS10Code,censusUOMId1,censusUOMId2,fasConvertedUOMId,fasNonConvertedUOMId,quantity1,quantity2,value,mes_origen,year
898927.0,0.0,1578417.0,1601965.0,1601965.0,199401,CA,0203110000,47,47,70,70,898927.0,0.0,1578417.0,1,1994
5030936.0,0.0,7769338.0,7895052.0,7895052.0,199401,CA,0203129010,47,47,70,70,5048386.0,0.0,7792689.0,1,1994
1300979.0,0.0,2622376.0,2654571.0,2654571.0,199401,CA,0203129020,47,47,70,70,1300979.0,0.0,2622376.0,1,1994
38102.0,0.0,46200.0,46630.0,46630.0,199401,CA,0203192010,47,47,70,70,38102.0,0.0,46200.0,1,1994
30723.0,0.0,146463.0,147363.0,147363.0,199401,CA,0203192090,47,47,70,70,30723.0,0.0,146463.0,1,1994
705682.0,0.0,1066355.0,1080091.0,1080091.0,199401,CA,0203194010,47,47,70,70,705682.0,0.0,1066355.0,1,1994
4205558.0,0.0,9611503.0,9719683.0,9719683.0,199401,CA,0203194090,47,47,70,70,4186537.0,0.0,9526845.0,1,1994
206927.0,0.0,321564.0,331924.0,331924.0,199401,CA,0203229000,47,47,70,70,206927.0,0.0,321564.0,1,1994
19051.0,0.0,14337.0,14489.0,55427.0,199401,CA,0203292000,47,47,70,70,36551.0,0.0,54075.0,1,1994
1580537.0,0.0,2529802.0,2592428.0,2592428.0,199401,CA,0203294000,47,47,70,70,1580537.0,0.0,2529802.0,1,1994
998856.0,0.0,1823045.0,1851293.0,1851293.0,199402,CA,0203110000,47,47,70,70,998856.0,0.0,1823045.0,2,1994
4244318.0,0.0,7374195.0,7491662.0,7491662.0,199402,CA,0203129010,47,47,70,70,4226868.0,0.0,7350844.0,2,1994
1484943.0,0.0,3150005.0,3175827.0,3175827.0,199402,CA,0203129020,47,47,70,70,1484943.0,0.0,3150005.0,2,1994
19066.0,0.0,92835.0,92990.0,92990.0,199402,CA,0203192090,47,47,70,70,19066.0,0.0,92835.0,2,1994
614292.0,0.0,1029808.0,1041146.0,1041146.0,199402,CA,0203194010,47,47,70,70,614292.0,0.0,1029808.0,2,1994
4399837.0,0.0,10572398.0,10684944.0,10684944.0,199402,CA,0203194090,47,47,70,70,4399837.0,0.0,10572398.0,2,1994
142469.0,0.0,255858.0,261621.0,261621.0,199402,CA,0203229000,47,47,70,70,142469.0,0.0,255858.0,2,1994
38246.0,0.0,14662.0,16621.0,16621.0,199402,CA,0203292000,47,47,70,70,38246.0,0.0,14662.0,2,1994
1516937.0,0.0,2640998.0,2720022.0,2720022.0,199402,CA,0203294000,47,47,70,70,1516937.0,0.0,2640998.0,2,1994
1260523.0,0.0,2248781.0,2279469.0,2279469.0,199403,CA,0203110000,47,47,70,70,1260523.0,0.0,2248781.0,3,1994
18318.0,0.0,31095.0,31105.0,31105.0,199403,CA,0203121010,47,47,70,70,18318.0,0.0,31095.0,3,1994
4367406.0,0.0,7831747.0,7940158.0,7940158.0,199403,CA,0203129010,47,47,70,70,4367406.0,0.0,7831747.0,3,1994
1524146.0,0.0,3044312.0,3073965.0,3073965.0,199403,CA,0203129020,47,47,70,70,1524146.0,0.0,3044312.0,3,1994
844405.0,0.0,1280292.0,1298089.0,1298089.0,199403,CA,0203194010,47,47,70,70,844405.0,0.0,1280292.0,3,1994
5103534.0,0.0,11966358.0,12091545.0,12091545.0,199403,CA,0203194090,47,47,70,70,5087023.0,0.0,11966358.0,3,1994
325402.0,0.0,269239.0,273136.0,273136.0,199403,CA,0203229000,47,47,70,70,325402.0,0.0,269239.0,3,1994
19448.0,0.0,10101.0,11985.0,11985.0,199403,CA,0203292000,47,47,70,70,19448.0,0.0,10101.0,3,1994
2114608.0,0.0,3276878.0,3364202.0,3364202.0,199403,CA,0203294000,47,47,70,70,2114608.0,0.0,3276878.0,3,1994
1081316.0,0.0,1978225.0,2005338.0,2005338.0,199404,CA,0203110000,47,47,70,70,1081316.0,0.0,1978225.0,4,1994
5655316.0,0.0,9127851.0,9271389.0,9271389.0,199404,CA,0203129010,47,47,70,70,5655316.0,0.0,9127851.0,4,1994
1645929.0,0.0,3170382.0,3203546.0,3203546.0,199404,CA,0203129020,47,47,70,70,1645929.0,0.0,3170382.0,4,1994
7110.0,0.0,10189.0,11427.0,11427.0,199404,CA,0203192090,47,47,70,70,7110.0,0.0,10189.0,4,1994
679176.0,0.0,1161659.0,1179785.0,1179785.0,199404,CA,0203194010,47,47,70,70,679176.0,0.0,1161659.0,4,1994
4614519.0,0.0,10592374.0,10740441.0,10740441.0,199404,CA,0203194090,47,47,70,70,4614519.0,0.0,10592374.0,4,1994
265071.0,0.0,287848.0,294740.0,294740.0,199404,CA,0203229000,47,47,70,70,265071.0,0.0,287848.0,4,1994
79095.0,0.0,223607.0,227903.0,269027.0,199404,CA,0203292000,47,47,70,70,96595.0,0.0,263731.0,4,1994
1842454.0,0.0,3229690.0,3274070.0,3274070.0,199404,CA,0203294000,47,47,70,70,1842454.0,0.0,3229690.0,4,1994
1198046.0,0.0,2105297.0,2134530.0,2134530.0,199405,CA,0203110000,47,47,70,70,1198046.0,0.0,2105297.0,5,1994
4016679.0,0.0,6379492.0,6489743.0,6489743.0,199405,CA,0203129010,47,47,70,70,4016679.0,0.0,6379492.0,5,1994
1191987.0,0.0,2532329.0,2553671.0,2553671.0,199405,CA,0203129020,47,47,70,70,1191987.0,0.0,2532329.0,5,1994
11002.0,0.0,26439.0,28353.0,28353.0,199405,CA,0203192010,47,47,70,70,11002.0,0.0,26439.0,5,1994
14589.0,0.0,13102.0,17533.0,17533.0,199405,CA,0203192090,47,47,70,70,14589.0,0.0,13102.0,5,1994
439398.0,0.0,779014.0,791967.0,791967.0,199405,CA,0203194010,47,47,70,70,439398.0,0.0,779014.0,5,1994
4042459.0,0.0,9843721.0,9955291.0,9955291.0,199405,CA,0203194090,47,47,70,70,4042459.0,0.0,9843721.0,5,1994
212101.0,0.0,220101.0,225102.0,225102.0,199405,CA,0203229000,47,47,70,70,212101.0,0.0,220101.0,5,1994
38350.0,0.0,34937.0,37935.0,37935.0,199405,CA,0203292000,47,47,70,70,38350.0,0.0,34937.0,5,1994
1654301.0,0.0,2996143.0,3042174.0,3042174.0,199405,CA,0203294000,47,47,70,70,1654301.0,0.0,2996143.0,5,1994
1241337.0,0.0,2209190.0,2244094.0,2244094.0,199406,CA,0203110000,47,47,70,70,1241337.0,0.0,2209190.0,6,1994
6865.0,0.0,9532.0,9732.0,9732.0,199406,CA,0203121010,47,47,70,70,6865.0,0.0,9532.0,6,1994
13049.0,0.0,21712.0,22262.0,22262.0,199406,CA,0203121020,47,47,70,70,13049.0,0.0,21712.0,6,1994
3903846.0,0.0,6165115.0,6263347.0,6263347.0,199406,CA,0203129010,47,47,70,70,3903846.0,0.0,6165115.0,6,1994
1321350.0,0.0,2973226.0,2998011.0,2998011.0,199406,CA,0203129020,47,47,70,70,1321350.0,0.0,2973226.0,6,1994
5444.0,0.0,15041.0,15241.0,15241.0,199406,CA,0203192010,47,47,70,70,5444.0,0.0,15041.0,6,1994
36473.0,0.0,63265.0,64665.0,64665.0,199406,CA,0203192090,47,47,70,70,36473.0,0.0,63265.0,6,1994
302550.0,0.0,499766.0,509812.0,509812.0,199406,CA,0203194010,47,47,70,70,302550.0,0.0,499766.0,6,1994
3991062.0,0.0,9643824.0,9750145.0,9750145.0,199406,CA,0203194090,47,47,70,70,3991062.0,0.0,9643824.0,6,1994
63234.0,0.0,71274.0,72371.0,72371.0,199406,CA,0203229000,47,47,70,70,63234.0,0.0,71274.0,6,1994
19448.0,0.0,10009.0,11889.0,11889.0,199406,CA,0203292000,47,47,70,70,19448.0,0.0,10009.0,6,1994
1914934.0,0.0,3076384.0,3137572.0,3137572.0,199406,CA,0203294000,47,47,70,70,1914934.0,0.0,3076384.0,6,1994
1136564.0,0.0,1960618.0,1986558.0,1986558.0,199407,CA,0203110000,47,47,70,70,1136564.0,0.0,1960618.0,7,1994
3740319.0,0.0,5867847.0,5965765.0,5965765.0,199407,CA,0203129010,47,47,70,70,3740319.0,0.0,5867847.0,7,1994
1361740.0,0.0,2801002.0,2825737.0,2825737.0,199407,CA,0203129020,47,47,70,70,1361740.0,0.0,2801002.0,7,1994
295977.0,0.0,497634.0,505307.0,505307.0,199407,CA,0203194010,47,47,70,70,295977.0,0.0,497634.0,7,1994
4298431.0,0.0,10388885.0,10519712.0,10519712.0,199407,CA,0203194090,47,47,70,70,4313131.0,0.0,10409276.0,7,1994
111917.0,0.0,87236.0,89279.0,89279.0,199407,CA,0203229000,47,47,70,70,111917.0,0.0,87236.0,7,1994
0.0,0.0,0.0,0.0,41710.0,199407,CA,0203292000,47,47,70,70,17500.0,0.0,40510.0,7,1994
2145310.0,0.0,3397540.0,3433918.0,3433918.0,199407,CA,0203294000,47,47,70,70,2145310.0,0.0,3397540.0,7,1994
935644.0,0.0,1695679.0,1719901.0,1719901.0,199408,CA,0203110000,47,47,70,70,935644.0,0.0,1695679.0,8,1994
17548.0,0.0,27820.0,28620.0,28620.0,199408,CA,0203121020,47,47,70,70,17548.0,0.0,27820.0,8,1994
3314001.0,0.0,5446919.0,5540196.0,5540196.0,199408,CA,0203129010,47,47,70,70,3326424.0,0.0,5462530.0,8,1994
1390563.0,0.0,2597865.0,2623141.0,2623141.0,199408,CA,0203129020,47,47,70,70,1390563.0,0.0,2597865.0,8,1994
321414.0,0.0,577544.0,587451.0,587451.0,199408,CA,0203194010,47,47,70,70,321414.0,0.0,577544.0,8,1994
4463102.0,0.0,10832328.0,10958644.0,10958644.0,199408,CA,0203194090,47,47,70,70,4448402.0,0.0,10811937.0,8,1994
58106.0,0.0,56064.0,58036.0,58036.0,199408,CA,0203229000,47,47,70,70,58106.0,0.0,56064.0,8,1994
25130.0,0.0,17375.0,19460.0,65815.0,199408,CA,0203292000,47,47,70,70,42830.0,0.0,63230.0,8,1994
1810173.0,0.0,3242733.0,3270872.0,3270872.0,199408,CA,0203294000,47,47,70,70,1810173.0,0.0,3242733.0,8,1994
657374.0,0.0,1215629.0,1232668.0,1232668.0,199409,CA,0203110000,47,47,70,70,657374.0,0.0,1215629.0,9,1994
14534.0,0.0,32175.0,32320.0,32320.0,199409,CA,0203121010,47,47,70,70,14534.0,0.0,32175.0,9,1994
2061762.0,0.0,3491934.0,3549165.0,3549165.0,199409,CA,0203129010,47,47,70,70,2049339.0,0.0,3476323.0,9,1994
1242790.0,0.0,2428897.0,2457142.0,2457142.0,199409,CA,0203129020,47,47,70,70,1242790.0,0.0,2428897.0,9,1994
19686.0,0.0,17220.0,17420.0,17420.0,199409,CA,0203192090,47,47,70,70,19686.0,0.0,17220.0,9,1994
238117.0,0.0,415640.0,422731.0,422731.0,199409,CA,0203194010,47,47,70,70,238117.0,0.0,415640.0,9,1994
3499582.0,0.0,8940592.0,9057371.0,9057371.0,199409,CA,0203194090,47,47,70,70,3518622.0,0.0,8961316.0,9,1994
169790.0,0.0,183590.0,186129.0,186129.0,199409,CA,0203229000,47,47,70,70,169790.0,0.0,183590.0,9,1994
37921.0,0.0,15588.0,19261.0,40973.0,199409,CA,0203292000,47,47,70,70,63336.0,0.0,79723.0,9,1994
1318037.0,0.0,2401870.0,2444071.0,2444071.0,199409,CA,0203294000,47,47,70,70,1318037.0,0.0,2401870.0,9,1994
765005.0,0.0,1346128.0,1365046.0,1365046.0,199410,CA,0203110000,47,47,70,70,765005.0,0.0,1346128.0,10,1994
3103773.0,0.0,4678793.0,4767581.0,4767581.0,199410,CA,0203129010,47,47,70,70,3103773.0,0.0,4678793.0,10,1994
977213.0,0.0,1669173.0,1687984.0,1687984.0,199410,CA,0203129020,47,47,70,70,977213.0,0.0,1669173.0,10,1994
314569.0,0.0,491775.0,503915.0,503915.0,199410,CA,0203194010,47,47,70,70,314569.0,0.0,491775.0,10,1994
4216725.0,0.0,9798974.0,9909165.0,9909165.0,199410,CA,0203194090,47,47,70,70,4216725.0,0.0,9798974.0,10,1994
208472.0,0.0,420237.0,426816.0,426816.0,199410,CA,0203229000,47,47,70,70,208472.0,0.0,420237.0,10,1994
38397.0,0.0,55987.0,60345.0,103768.0,199410,CA,0203292000,47,47,70,70,38397.0,0.0,55987.0,10,1994
1620240.0,0.0,2985783.0,3060056.0,3060056.0,199410,CA,0203294000,47,47,70,70,1620240.0,0.0,2985783.0,10,1994
749650.0,0.0,1427471.0,1446928.0,1446928.0,199411,CA,0203110000,47,47,70,70,749650.0,0.0,1427471.0,11,1994
3317915.0,0.0,5174796.0,5269773.0,5269773.0,199411,CA,0203129010,47,47,70,70,3317915.0,0.0,5174796.0,11,1994
903117.0,0.0,1508213.0,1526777.0,1526777.0,199411,CA,0203129020,47,47,70,70,903117.0,0.0,1508213.0,11,1994
550.0,0.0,4226.0,4376.0,4376.0,199411,CA,0203192090,47,47,70,70,550.0,0.0,4226.0,11,1994
405709.0,0.0,597530.0,614013.0,614013.0,199411,CA,0203194010,47,47,70,70,405709.0,0.0,597530.0,11,1994
4425598.0,0.0,9407841.0,9521162.0,9521162.0,199411,CA,0203194090,47,47,70,70,4425598.0,0.0,9407841.0,11,1994
204890.0,0.0,389858.0,393708.0,393708.0,199411,CA,0203229000,47,47,70,70,204890.0,0.0,389858.0,11,1994
27883.0,0.0,50321.0,52970.0,52970.0,199411,CA,0203292000,47,47,70,70,27883.0,0.0,50321.0,11,1994
1545904.0,0.0,2864523.0,2932524.0,2932524.0,199411,CA,0203294000,47,47,70,70,1545904.0,0.0,2864523.0,11,1994
694288.0,0.0,1252775.0,1027260.0,1027260.0,199412,CA,0203110000,47,47,70,70,694288.0,0.0,1252775.0,12,1994
3106400.0,0.0,5200164.0,6342777.0,6342777.0,199412,CA,0203129010,47,47,70,70,3106400.0,0.0,5200164.0,12,1994
1127352.0,0.0,2033140.0,2768065.0,2768065.0,199412,CA,0203129020,47,47,70,70,1127352.0,0.0,2033140.0,12,1994
9573.0,0.0,16131.0,0.0,0.0,199412,CA,0203192010,47,47,70,70,9573.0,0.0,16131.0,12,1994
480811.0,0.0,573491.0,1061972.0,1061972.0,199412,CA,0203194010,47,47,70,70,480811.0,0.0,573491.0,12,1994
4369889.0,0.0,10038906.0,10445755.0,10445755.0,199412,CA,0203194090,47,47,70,70,4350849.0,0.0,10018182.0,12,1994
321994.0,0.0,586151.0,494412.0,494412.0,199412,CA,0203229000,47,47,70,70,321994.0,0.0,586151.0,12,1994
35491.0,0.0,102802.0,0.0,0.0,199412,CA,0203292000,47,47,70,70,35491.0,0.0,102802.0,12,1994
1133109.0,0.0,1947219.0,2517078.0,2517078.0,199412,CA,0203294000,47,47,70,70,1142187.0,0.0,1953162.0,12,1994
718295.0,0.0,1330556.0,1349063.0,1349063.0,199501,CA,0203110000,47,47,70,70,718295.0,0.0,1330556.0,1,1995
3796591.0,0.0,5532881.0,5634593.0,5634593.0,199501,CA,0203129010,47,47,70,70,3814139.0,0.0,5555173.0,1,1995
1057431.0,0.0,2058657.0,2079360.0,2079360.0,199501,CA,0203129020,47,47,70,70,1057431.0,0.0,2058657.0,1,1995
17047.0,0.0,40213.0,40693.0,40693.0,199501,CA,0203192090,47,47,70,70,17047.0,0.0,40213.0,1,1995
777999.0,0.0,916812.0,939225.0,939225.0,199501,CA,0203194010,47,47,70,70,777999.0,0.0,916812.0,1,1995
4997846.0,0.0,11300483.0,11438464.0,11438464.0,199501,CA,0203194090,47,47,70,70,4950003.0,0.0,11287148.0,1,1995
352198.0,0.0,665699.0,672550.0,672550.0,199501,CA,0203229000,47,47,70,70,352198.0,0.0,665699.0,1,1995
37370.0,0.0,52055.0,54514.0,88963.0,199501,CA,0203292000,47,47,70,70,55070.0,0.0,86004.0,1,1995
1871043.0,0.0,3614047.0,3686519.0,3707239.0,199501,CA,0203294000,47,47,70,70,1889503.0,0.0,3627767.0,1,1995
796214.0,0.0,1505798.0,1526594.0,1526594.0,199502,CA,0203110000,47,47,70,70,796214.0,0.0,1505798.0,2,1995
37065.0,0.0,87910.0,89510.0,89510.0,199502,CA,0203121010,47,47,70,70,37065.0,0.0,87910.0,2,1995
19047.0,0.0,41991.0,42291.0,42291.0,199502,CA,0203121020,47,47,70,70,19047.0,0.0,41991.0,2,1995
3854839.0,0.0,5868445.0,5983569.0,5983569.0,199502,CA,0203129010,47,47,70,70,3854839.0,0.0,5868445.0,2,1995
1113478.0,0.0,2013064.0,2068668.0,2068668.0,199502,CA,0203129020,47,47,70,70,1113478.0,0.0,2013064.0,2,1995
169337.0,0.0,423942.0,429962.0,429962.0,199502,CA,0203192090,47,47,70,70,169337.0,0.0,423942.0,2,1995
754656.0,0.0,918443.0,936682.0,936682.0,199502,CA,0203194010,47,47,70,70,754656.0,0.0,918443.0,2,1995
5032065.0,0.0,12331338.0,12495336.0,12495336.0,199502,CA,0203194090,47,47,70,70,5032065.0,0.0,12331338.0,2,1995
435916.0,0.0,797939.0,807281.0,807281.0,199502,CA,0203229000,47,47,70,70,454967.0,0.0,811846.0,2,1995
143405.0,0.0,258953.0,264655.0,264655.0,199502,CA,0203292000,47,47,70,70,143405.0,0.0,258953.0,2,1995
1440799.0,0.0,2578364.0,2663072.0,2663072.0,199502,CA,0203294000,47,47,70,70,1431721.0,0.0,2572421.0,2,1995
894787.0,0.0,1692185.0,1716023.0,1716023.0,199503,CA,0203110000,47,47,70,70,894787.0,0.0,1692185.0,3,1995
6163.0,0.0,30327.0,30623.0,30623.0,199503,CA,0203121010,47,47,70,70,6163.0,0.0,30327.0,3,1995
3724471.0,0.0,5602954.0,5702959.0,5702959.0,199503,CA,0203129010,47,47,70,70,3724471.0,0.0,5602954.0,3,1995
1089944.0,0.0,2020442.0,2045232.0,2045232.0,199503,CA,0203129020,47,47,70,70,1089944.0,0.0,2020442.0,3,1995
204444.0,0.0,493748.0,502108.0,502108.0,199503,CA,0203192090,47,47,70,70,204444.0,0.0,493748.0,3,1995
888303.0,0.0,1090297.0,1112473.0,1112473.0,199503,CA,0203194010,47,47,70,70,888303.0,0.0,1090297.0,3,1995
6334707.0,0.0,14500261.0,14658419.0,14658419.0,199503,CA,0203194090,47,47,70,70,6334707.0,0.0,14500261.0,3,1995
590550.0,0.0,1052047.0,1063829.0,1063829.0,199503,CA,0203229000,47,47,70,70,590550.0,0.0,1052047.0,3,1995
29728.0,0.0,15250.0,16324.0,51073.0,199503,CA,0203292000,47,47,70,70,47428.0,0.0,49199.0,3,1995
1411949.0,0.0,2763009.0,2837529.0,2837529.0,199503,CA,0203294000,47,47,70,70,1411949.0,0.0,2763009.0,3,1995
771579.0,0.0,1448277.0,1470352.0,1470352.0,199504,CA,0203110000,47,47,70,70,771579.0,0.0,1448277.0,4,1995
15287.0,0.0,36041.0,37041.0,37041.0,199504,CA,0203121010,47,47,70,70,15287.0,0.0,36041.0,4,1995
3249186.0,0.0,4237291.0,4342134.0,4342134.0,199504,CA,0203129010,47,47,70,70,3231638.0,0.0,4214999.0,4,1995
1095338.0,0.0,1938353.0,1969216.0,1969216.0,199504,CA,0203129020,47,47,70,70,1095338.0,0.0,1938353.0,4,1995
19461.0,0.0,47722.0,48588.0,48588.0,199504,CA,0203192010,47,47,70,70,19461.0,0.0,47722.0,4,1995
312639.0,0.0,757460.0,768040.0,768040.0,199504,CA,0203192090,47,47,70,70,312639.0,0.0,757460.0,4,1995
876116.0,0.0,1109956.0,1135815.0,1135815.0,199504,CA,0203194010,47,47,70,70,876116.0,0.0,1109956.0,4,1995
5023892.0,0.0,11368362.0,11498388.0,11498388.0,199504,CA,0203194090,47,47,70,70,5023892.0,0.0,11368362.0,4,1995
378192.0,0.0,722706.0,731424.0,731424.0,199504,CA,0203229000,47,47,70,70,378192.0,0.0,722706.0,4,1995
93831.0,0.0,157354.0,161213.0,198303.0,199504,CA,0203292000,47,47,70,70,111531.0,0.0,193644.0,4,1995
1825055.0,0.0,3287277.0,3381164.0,3381164.0,199504,CA,0203294000,47,47,70,70,1825055.0,0.0,3287277.0,4,1995
720103.0,0.0,1338841.0,1358002.0,1358002.0,199505,CA,0203110000,47,47,70,70,720103.0,0.0,1338841.0,5,1995
7540.0,0.0,12960.0,13063.0,13063.0,199505,CA,0203121010,47,47,70,70,10297.0,0.0,15802.0,5,1995
11321.0,0.0,11673.0,11730.0,11730.0,199505,CA,0203121020,47,47,70,70,11321.0,0.0,11673.0,5,1995
3375166.0,0.0,4589227.0,4696975.0,4696975.0,199505,CA,0203129010,47,47,70,70,3375166.0,0.0,4589227.0,5,1995
1026511.0,0.0,2079842.0,2111054.0,2111054.0,199505,CA,0203129020,47,47,70,70,1026511.0,0.0,2079842.0,5,1995
5778.0,0.0,15054.0,15191.0,15191.0,199505,CA,0203192010,47,47,70,70,5778.0,0.0,15054.0,5,1995
346623.0,0.0,859389.0,870632.0,870632.0,199505,CA,0203192090,47,47,70,70,346623.0,0.0,859389.0,5,1995
807184.0,0.0,944976.0,970777.0,970777.0,199505,CA,0203194010,47,47,70,70,807184.0,0.0,944976.0,5,1995
5332895.0,0.0,12601387.0,12766802.0,12766802.0,199505,CA,0203194090,47,47,70,70,5352561.0,0.0,12634048.0,5,1995
249875.0,0.0,373704.0,381703.0,381703.0,199505,CA,0203229000,47,47,70,70,249875.0,0.0,373704.0,5,1995
19210.0,0.0,9616.0,11475.0,11475.0,199505,CA,0203292000,47,47,70,70,19210.0,0.0,9616.0,5,1995
2098706.0,0.0,3848390.0,3958704.0,3958704.0,199505,CA,0203294000,47,47,70,70,2098706.0,0.0,3848390.0,5,1995
701772.0,0.0,1305263.0,1323630.0,1323630.0,199506,CA,0203110000,47,47,70,70,720961.0,0.0,1336593.0,6,1995
63268.0,0.0,90351.0,92223.0,92223.0,199506,CA,0203121010,47,47,70,70,60511.0,0.0,87509.0,6,1995
5330.0,0.0,6901.0,6957.0,6957.0,199506,CA,0203121020,47,47,70,70,5330.0,0.0,6901.0,6,1995
3531291.0,0.0,5167510.0,5270229.0,5270229.0,199506,CA,0203129010,47,47,70,70,3531291.0,0.0,5167510.0,6,1995
762211.0,0.0,1471153.0,1498436.0,1498436.0,199506,CA,0203129020,47,47,70,70,762211.0,0.0,1471153.0,6,1995
31586.0,0.0,98215.0,98707.0,98707.0,199506,CA,0203192010,47,47,70,70,31586.0,0.0,98215.0,6,1995
227608.0,0.0,607442.0,615309.0,615309.0,199506,CA,0203192090,47,47,70,70,227608.0,0.0,607442.0,6,1995
720180.0,0.0,911074.0,927867.0,927867.0,199506,CA,0203194010,47,47,70,70,720180.0,0.0,911074.0,6,1995
4802423.0,0.0,11763198.0,11911558.0,11911558.0,199506,CA,0203194090,47,47,70,70,4782757.0,0.0,11730537.0,6,1995
126351.0,0.0,217666.0,220134.0,220134.0,199506,CA,0203229000,47,47,70,70,126351.0,0.0,217666.0,6,1995
76849.0,0.0,43546.0,50982.0,87291.0,199506,CA,0203292000,47,47,70,70,111989.0,0.0,90365.0,6,1995
1684348.0,0.0,2875733.0,2969626.0,2969626.0,199506,CA,0203294000,47,47,70,70,1684348.0,0.0,2875733.0,6,1995
768514.0,0.0,1411285.0,1430033.0,1430033.0,199507,CA,0203110000,47,47,70,70,749325.0,0.0,1379955.0,7,1995
18121.0,0.0,58635.0,63714.0,63714.0,199507,CA,0203121010,47,47,70,70,18121.0,0.0,58635.0,7,1995
5335.0,0.0,6473.0,6531.0,6531.0,199507,CA,0203121020,47,47,70,70,5335.0,0.0,6473.0,7,1995
3664480.0,0.0,5698427.0,5794467.0,5794467.0,199507,CA,0203129010,47,47,70,70,3664480.0,0.0,5698427.0,7,1995
686817.0,0.0,1439819.0,1473778.0,1473778.0,199507,CA,0203129020,47,47,70,70,686817.0,0.0,1439819.0,7,1995
2462.0,0.0,8848.0,8909.0,8909.0,199507,CA,0203192010,47,47,70,70,2462.0,0.0,8848.0,7,1995
206608.0,0.0,536350.0,543430.0,543430.0,199507,CA,0203192090,47,47,70,70,206608.0,0.0,536350.0,7,1995
551743.0,0.0,855929.0,870319.0,870319.0,199507,CA,0203194010,47,47,70,70,551743.0,0.0,855929.0,7,1995
4381758.0,0.0,11942312.0,12126356.0,12126356.0,199507,CA,0203194090,47,47,70,70,4381758.0,0.0,11942312.0,7,1995
174715.0,0.0,155898.0,160298.0,160298.0,199507,CA,0203229000,47,47,70,70,174715.0,0.0,155898.0,7,1995
45745.0,0.0,45938.0,47993.0,91026.0,199507,CA,0203292000,47,47,70,70,44235.0,0.0,77161.0,7,1995
1875628.0,0.0,2921731.0,2983961.0,2983961.0,199507,CA,0203294000,47,47,70,70,1875628.0,0.0,2921731.0,7,1995
974445.0,0.0,1802771.0,1825924.0,1825924.0,199508,CA,0203110000,47,47,70,70,974445.0,0.0,1802771.0,8,1995
4756.0,0.0,5190.0,5203.0,5203.0,199508,CA,0203121010,47,47,70,70,4756.0,0.0,5190.0,8,1995
6110.0,0.0,12728.0,12778.0,12778.0,199508,CA,0203121020,47,47,70,70,6110.0,0.0,12728.0,8,1995
4342557.0,0.0,7145039.0,7271502.0,7271502.0,199508,CA,0203129010,47,47,70,70,4361721.0,0.0,7174139.0,8,1995
879750.0,0.0,1765768.0,1807313.0,1807313.0,199508,CA,0203129020,47,47,70,70,872090.0,0.0,1765768.0,8,1995
21034.0,0.0,127869.0,128131.0,128131.0,199508,CA,0203192010,47,47,70,70,21034.0,0.0,127869.0,8,1995
43286.0,0.0,113605.0,114507.0,114507.0,199508,CA,0203192090,47,47,70,70,43286.0,0.0,113605.0,8,1995
635626.0,0.0,1123966.0,1143302.0,1143302.0,199508,CA,0203194010,47,47,70,70,635626.0,0.0,1123966.0,8,1995
5039986.0,0.0,14021773.0,14226571.0,14226571.0,199508,CA,0203194090,47,47,70,70,5033271.0,0.0,14021773.0,8,1995
395122.0,0.0,717809.0,724941.0,724941.0,199508,CA,0203229000,47,47,70,70,395122.0,0.0,717809.0,8,1995
38121.0,0.0,70141.0,71291.0,71291.0,199508,CA,0203292000,47,47,70,70,38121.0,0.0,70141.0,8,1995
2287489.0,0.0,4331563.0,4447438.0,4447438.0,199508,CA,0203294000,47,47,70,70,2287489.0,0.0,4331563.0,8,1995
782576.0,0.0,1454703.0,1473247.0,1473247.0,199509,CA,0203110000,47,47,70,70,782576.0,0.0,1454703.0,9,1995
3259.0,0.0,8597.0,8777.0,8777.0,199509,CA,0203121020,47,47,70,70,3259.0,0.0,8597.0,9,1995
2560132.0,0.0,4676134.0,4743854.0,4743854.0,199509,CA,0203129010,47,47,70,70,2560132.0,0.0,4676134.0,9,1995
1007740.0,0.0,2020831.0,2047885.0,2047885.0,199509,CA,0203129020,47,47,70,70,1007740.0,0.0,2020831.0,9,1995
676964.0,0.0,1203865.0,1219552.0,1219552.0,199509,CA,0203194010,47,47,70,70,676964.0,0.0,1203865.0,9,1995
3986741.0,0.0,10289742.0,10429747.0,10429747.0,199509,CA,0203194090,47,47,70,70,3986741.0,0.0,10289742.0,9,1995
154276.0,0.0,270382.0,273666.0,283546.0,199509,CA,0203229000,47,47,70,70,172775.0,0.0,280187.0,9,1995
38101.0,0.0,15424.0,15920.0,63155.0,199509,CA,0203292000,47,47,70,70,77122.0,0.0,61859.0,9,1995
1863967.0,0.0,3397206.0,3468752.0,3468752.0,199509,CA,0203294000,47,47,70,70,1863967.0,0.0,3397206.0,9,1995
939540.0,0.0,1709060.0,1733140.0,1733140.0,199510,CA,0203110000,47,47,70,70,939540.0,0.0,1709060.0,10,1995
4001083.0,0.0,7051686.0,7185856.0,7185856.0,199510,CA,0203129010,47,47,70,70,4001083.0,0.0,7051686.0,10,1995
1226105.0,0.0,2528213.0,2589481.0,2589481.0,199510,CA,0203129020,47,47,70,70,1226105.0,0.0,2528213.0,10,1995
4563.0,0.0,2181.0,2190.0,2190.0,199510,CA,0203192010,47,47,70,70,4563.0,0.0,2181.0,10,1995
17942.0,0.0,30853.0,31653.0,31653.0,199510,CA,0203192090,47,47,70,70,17942.0,0.0,30853.0,10,1995
983336.0,0.0,1607083.0,1637005.0,1637005.0,199510,CA,0203194010,47,47,70,70,983336.0,0.0,1607083.0,10,1995
5247196.0,0.0,13378768.0,13630078.0,13630078.0,199510,CA,0203194090,47,47,70,70,5247196.0,0.0,13378768.0,10,1995
309090.0,0.0,665427.0,671103.0,671103.0,199510,CA,0203229000,47,47,70,70,309090.0,0.0,665427.0,10,1995
38142.0,0.0,83554.0,84003.0,127336.0,199510,CA,0203292000,47,47,70,70,54072.0,0.0,126087.0,10,1995
2836074.0,0.0,5717277.0,5888472.0,5888472.0,199510,CA,0203294000,47,47,70,70,2836074.0,0.0,5717277.0,10,1995
932381.0,0.0,1660285.0,1683449.0,1683449.0,199511,CA,0203110000,47,47,70,70,932381.0,0.0,1660285.0,11,1995
2801981.0,0.0,5376740.0,5464152.0,5464152.0,199511,CA,0203129010,47,47,70,70,2782817.0,0.0,5347640.0,11,1995
1104424.0,0.0,2203481.0,2251407.0,2251407.0,199511,CA,0203129020,47,47,70,70,1104424.0,0.0,2203481.0,11,1995
681633.0,0.0,1160841.0,1181398.0,1181398.0,199511,CA,0203194010,47,47,70,70,681633.0,0.0,1160841.0,11,1995
4115396.0,0.0,10370923.0,10543498.0,10543498.0,199511,CA,0203194090,47,47,70,70,4115396.0,0.0,10370923.0,11,1995
292422.0,0.0,526271.0,531751.0,531751.0,199511,CA,0203229000,47,47,70,70,292422.0,0.0,526271.0,11,1995
56596.0,0.0,70607.0,72196.0,72196.0,199511,CA,0203292000,47,47,70,70,56596.0,0.0,70607.0,11,1995
2203912.0,0.0,4381795.0,4477740.0,4477740.0,199511,CA,0203294000,47,47,70,70,2203912.0,0.0,4381795.0,11,1995
930109.0,0.0,1643703.0,1666225.0,1666225.0,199512,CA,0203110000,47,47,70,70,930109.0,0.0,1643703.0,12,1995
2813084.0,0.0,5156084.0,5249738.0,5249738.0,199512,CA,0203129010,47,47,70,70,2813084.0,0.0,5156084.0,12,1995
887993.0,0.0,1766919.0,1792609.0,1792609.0,199512,CA,0203129020,47,47,70,70,887993.0,0.0,1766919.0,12,1995
5045.0,0.0,13785.0,13910.0,13910.0,199512,CA,0203192010,47,47,70,70,5045.0,0.0,13785.0,12,1995
18804.0,0.0,30677.0,30977.0,30977.0,199512,CA,0203192090,47,47,70,70,18804.0,0.0,30677.0,12,1995
686828.0,0.0,1071741.0,1092112.0,1092112.0,199512,CA,0203194010,47,47,70,70,686828.0,0.0,1071741.0,12,1995
4231093.0,0.0,10834513.0,10974727.0,10974727.0,199512,CA,0203194090,47,47,70,70,4231093.0,0.0,10834513.0,12,1995
292887.0,0.0,525727.0,532523.0,532523.0,199512,CA,0203229000,47,47,70,70,292887.0,0.0,525727.0,12,1995
37739.0,0.0,44889.0,45238.0,45238.0,199512,CA,0203292000,47,47,70,70,37739.0,0.0,44889.0,12,1995
2110475.0,0.0,4115271.0,4209513.0,4209513.0,199512,CA,0203294000,47,47,70,70,2110475.0,0.0,4115271.0,12,1995
1134925.0,0.0,2093120.0,2119291.0,2119291.0,199601,CA,0203110000,47,47,70,70,1134925.0,0.0,2093120.0,1,1996
2672932.0,0.0,4368338.0,4443044.0,4443044.0,199601,CA,0203129010,47,47,70,70,2672932.0,0.0,4368338.0,1,1996
864899.0,0.0,1715811.0,1733020.0,1733020.0,199601,CA,0203129020,47,47,70,70,864899.0,0.0,1715811.0,1,1996
772.0,0.0,1907.0,1927.0,1927.0,199601,CA,0203192010,47,47,70,70,772.0,0.0,1907.0,1,1996
9154.0,0.0,47448.0,48325.0,48325.0,199601,CA,0203192090,47,47,70,70,9154.0,0.0,47448.0,1,1996
814386.0,0.0,1245099.0,1266422.0,1266422.0,199601,CA,0203194010,47,47,70,70,814386.0,0.0,1245099.0,1,1996
3905419.0,0.0,10593249.0,10717004.0,10717004.0,199601,CA,0203194090,47,47,70,70,3905419.0,0.0,10593249.0,1,1996
255696.0,0.0,611931.0,617766.0,617766.0,199601,CA,0203229000,47,47,70,70,255696.0,0.0,611931.0,1,1996
28131.0,0.0,15943.0,18066.0,18066.0,199601,CA,0203292000,47,47,70,70,28131.0,0.0,15943.0,1,1996
2400486.0,0.0,4943247.0,5001663.0,5001663.0,199601,CA,0203294000,47,47,70,70,2400486.0,0.0,4943247.0,1,1996
961012.0,0.0,1741530.0,1762906.0,1762906.0,199602,CA,0203110000,47,47,70,70,961012.0,0.0,1741530.0,2,1996
2551103.0,0.0,4339382.0,4421523.0,4421523.0,199602,CA,0203129010,47,47,70,70,2551103.0,0.0,4339382.0,2,1996
986142.0,0.0,2013520.0,2036405.0,2036405.0,199602,CA,0203129020,47,47,70,70,986142.0,0.0,2013520.0,2,1996
5484.0,0.0,13104.0,13224.0,13224.0,199602,CA,0203192010,47,47,70,70,5484.0,0.0,13104.0,2,1996
11444.0,0.0,11054.0,11128.0,11128.0,199602,CA,0203192090,47,47,70,70,11444.0,0.0,11054.0,2,1996
624791.0,0.0,1140090.0,1154791.0,1154791.0,199602,CA,0203194010,47,47,70,70,624791.0,0.0,1140090.0,2,1996
3946866.0,0.0,11068837.0,11183533.0,11183533.0,199602,CA,0203194090,47,47,70,70,3946866.0,0.0,11068837.0,2,1996
296254.0,0.0,453424.0,460457.0,460457.0,199602,CA,0203229000,47,47,70,70,296254.0,0.0,453424.0,2,1996
19000.0,0.0,6971.0,7321.0,7321.0,199602,CA,0203292000,47,47,70,70,19000.0,0.0,6971.0,2,1996
1701011.0,0.0,3502765.0,3551197.0,3551197.0,199602,CA,0203294000,47,47,70,70,1701011.0,0.0,3502765.0,2,1996
1151792.0,0.0,2124312.0,2151907.0,2151907.0,199603,CA,0203110000,47,47,70,70,1151792.0,0.0,2124312.0,3,1996
12249.0,0.0,16202.0,16252.0,16252.0,199603,CA,0203121010,47,47,70,70,12249.0,0.0,16202.0,3,1996
4934.0,0.0,6563.0,6679.0,6679.0,199603,CA,0203121020,47,47,70,70,4934.0,0.0,6563.0,3,1996
2456201.0,0.0,4451521.0,4527742.0,4527742.0,199603,CA,0203129010,47,47,70,70,2456201.0,0.0,4451521.0,3,1996
985002.0,0.0,2051210.0,2074787.0,2074787.0,199603,CA,0203129020,47,47,70,70,985002.0,0.0,2051210.0,3,1996
27731.0,0.0,68677.0,69222.0,69222.0,199603,CA,0203192010,47,47,70,70,27731.0,0.0,68677.0,3,1996
822264.0,0.0,1490225.0,1512419.0,1512419.0,199603,CA,0203194010,47,47,70,70,822264.0,0.0,1490225.0,3,1996
4426069.0,0.0,12328294.0,12461126.0,12461126.0,199603,CA,0203194090,47,47,70,70,4426069.0,0.0,12328294.0,3,1996
309731.0,0.0,546393.0,552980.0,552980.0,199603,CA,0203229000,47,47,70,70,309731.0,0.0,546393.0,3,1996
19051.0,0.0,9964.0,10111.0,57346.0,199603,CA,0203292000,47,47,70,70,34981.0,0.0,56399.0,3,1996
2221150.0,0.0,4243064.0,4287191.0,4287191.0,199603,CA,0203294000,47,47,70,70,2221150.0,0.0,4243064.0,3,1996
1051158.0,0.0,1972890.0,1998441.0,1998441.0,199604,CA,0203110000,47,47,70,70,1051158.0,0.0,1972890.0,4,1996
1983890.0,0.0,3450906.0,3513259.0,3513259.0,199604,CA,0203129010,47,47,70,70,1996491.0,0.0,3469467.0,4,1996
1204800.0,0.0,2375254.0,2405576.0,2405576.0,199604,CA,0203129020,47,47,70,70,1204800.0,0.0,2375254.0,4,1996
71525.0,0.0,276784.0,277757.0,277757.0,199604,CA,0203192010,47,47,70,70,71525.0,0.0,276784.0,4,1996
6804.0,0.0,16800.0,16900.0,16900.0,199604,CA,0203192090,47,47,70,70,6804.0,0.0,16800.0,4,1996
1154419.0,0.0,2376612.0,2404206.0,2404206.0,199604,CA,0203194010,47,47,70,70,1154419.0,0.0,2376612.0,4,1996
3914247.0,0.0,10744309.0,10866811.0,10866811.0,199604,CA,0203194090,47,47,70,70,3916597.0,0.0,10751992.0,4,1996
251553.0,0.0,361588.0,365786.0,365786.0,199604,CA,0203229000,47,47,70,70,251553.0,0.0,361588.0,4,1996
37472.0,0.0,17084.0,17582.0,17582.0,199604,CA,0203292000,47,47,70,70,37472.0,0.0,17084.0,4,1996
2253111.0,0.0,4595374.0,4662736.0,4748887.0,199604,CA,0203294000,47,47,70,70,2277999.0,0.0,4677125.0,4,1996
1144755.0,0.0,2233536.0,2261873.0,2261873.0,199605,CA,0203110000,47,47,70,70,1144755.0,0.0,2233536.0,5,1996
2353577.0,0.0,4608970.0,4684740.0,4684740.0,199605,CA,0203129010,47,47,70,70,2340976.0,0.0,4590409.0,5,1996
1273570.0,0.0,2883997.0,2922339.0,2922339.0,199605,CA,0203129020,47,47,70,70,1273570.0,0.0,2883997.0,5,1996
5328.0,0.0,16664.0,16854.0,16854.0,199605,CA,0203192010,47,47,70,70,5328.0,0.0,16664.0,5,1996
972314.0,0.0,2200083.0,2227629.0,2227629.0,199605,CA,0203194010,47,47,70,70,972314.0,0.0,2200083.0,5,1996
4132891.0,0.0,12154854.0,12295381.0,12295381.0,199605,CA,0203194090,47,47,70,70,4130541.0,0.0,12147171.0,5,1996
193822.0,0.0,302552.0,307202.0,307202.0,199605,CA,0203229000,47,47,70,70,193822.0,0.0,302552.0,5,1996
23790.0,0.0,31575.0,32775.0,86644.0,199605,CA,0203292000,47,47,70,70,40251.0,0.0,84644.0,5,1996
2719436.0,0.0,5329314.0,5388409.0,5388409.0,199605,CA,0203294000,47,47,70,70,2733675.0,0.0,5374519.0,5,1996
1221092.0,0.0,2364137.0,2395812.0,2395812.0,199606,CA,0203110000,47,47,70,70,1221092.0,0.0,2364137.0,6,1996
2348559.0,0.0,4953027.0,5028893.0,5028893.0,199606,CA,0203129010,47,47,70,70,2348559.0,0.0,4953027.0,6,1996
985282.0,0.0,2358177.0,2377782.0,2377782.0,199606,CA,0203129020,47,47,70,70,985282.0,0.0,2358177.0,6,1996
33647.0,0.0,141308.0,141819.0,141819.0,199606,CA,0203192010,47,47,70,70,33647.0,0.0,141308.0,6,1996
1165020.0,0.0,2482179.0,2509236.0,2509236.0,199606,CA,0203194010,47,47,70,70,1165020.0,0.0,2482179.0,6,1996
5030802.0,0.0,14074287.0,14247686.0,14247686.0,199606,CA,0203194090,47,47,70,70,5030802.0,0.0,14074287.0,6,1996
198401.0,0.0,435598.0,439138.0,439138.0,199606,CA,0203229000,47,47,70,70,198401.0,0.0,435598.0,6,1996
3382450.0,0.0,8010220.0,8082530.0,8082530.0,199606,CA,0203294000,47,47,70,70,3387150.0,0.0,8012786.0,6,1996
1012898.0,0.0,1961011.0,1986705.0,1986705.0,199607,CA,0203110000,47,47,70,70,1012898.0,0.0,1961011.0,7,1996
17481.0,0.0,37216.0,37716.0,37716.0,199607,CA,0203121010,47,47,70,70,17481.0,0.0,37216.0,7,1996
2474537.0,0.0,5049604.0,5124836.0,5124836.0,199607,CA,0203129010,47,47,70,70,2474537.0,0.0,5049604.0,7,1996
1002618.0,0.0,2431303.0,2449802.0,2449802.0,199607,CA,0203129020,47,47,70,70,1002618.0,0.0,2431303.0,7,1996
82754.0,0.0,257062.0,258110.0,258110.0,199607,CA,0203192010,47,47,70,70,82754.0,0.0,257062.0,7,1996
1190412.0,0.0,2648835.0,2677968.0,2677968.0,199607,CA,0203194010,47,47,70,70,1190412.0,0.0,2648835.0,7,1996
4483336.0,0.0,13050299.0,13203595.0,13203595.0,199607,CA,0203194090,47,47,70,70,4483336.0,0.0,13050299.0,7,1996
24930.0,0.0,64012.0,68151.0,68151.0,199607,CA,0203221000,47,47,70,70,24930.0,0.0,64012.0,7,1996
148304.0,0.0,256186.0,259735.0,259735.0,199607,CA,0203229000,47,47,70,70,148304.0,0.0,256186.0,7,1996
2277591.0,0.0,5247428.0,5297378.0,5297378.0,199607,CA,0203294000,47,47,70,70,2277591.0,0.0,5247428.0,7,1996
807888.0,0.0,1550871.0,1571037.0,1571037.0,199608,CA,0203110000,47,47,70,70,807888.0,0.0,1550871.0,8,1996
3053.0,0.0,7230.0,7325.0,7325.0,199608,CA,0203121020,47,47,70,70,3053.0,0.0,7230.0,8,1996
2403025.0,0.0,5398686.0,5473578.0,5473578.0,199608,CA,0203129010,47,47,70,70,2403025.0,0.0,5398686.0,8,1996
1102409.0,0.0,2725290.0,2745448.0,2745448.0,199608,CA,0203129020,47,47,70,70,1102409.0,0.0,2725290.0,8,1996
67875.0,0.0,203120.0,203838.0,203838.0,199608,CA,0203192010,47,47,70,70,67875.0,0.0,203120.0,8,1996
21170.0,0.0,62244.0,62753.0,62753.0,199608,CA,0203192090,47,47,70,70,21170.0,0.0,62244.0,8,1996
1119309.0,0.0,2969568.0,2998317.0,2998317.0,199608,CA,0203194010,47,47,70,70,1119309.0,0.0,2969568.0,8,1996
4806179.0,0.0,14278896.0,14416538.0,14416538.0,199608,CA,0203194090,47,47,70,70,4806179.0,0.0,14278896.0,8,1996
126843.0,0.0,184906.0,187555.0,187555.0,199608,CA,0203229000,47,47,70,70,126843.0,0.0,184906.0,8,1996
1378.0,0.0,13309.0,13532.0,13532.0,199608,CA,0203292000,47,47,70,70,1378.0,0.0,13309.0,8,1996
2550649.0,0.0,6036275.0,6065242.0,6065242.0,199608,CA,0203294000,47,47,70,70,2531710.0,0.0,5988504.0,8,1996
739361.0,0.0,1392193.0,1409454.0,1409454.0,199609,CA,0203110000,47,47,70,70,739361.0,0.0,1392193.0,9,1996
3443.0,0.0,7229.0,7355.0,7355.0,199609,CA,0203121020,47,47,70,70,3443.0,0.0,7229.0,9,1996
1889577.0,0.0,4370130.0,4431057.0,4431057.0,199609,CA,0203129010,47,47,70,70,1889577.0,0.0,4370130.0,9,1996
1333157.0,0.0,2949097.0,2976538.0,2976538.0,199609,CA,0203129020,47,47,70,70,1333157.0,0.0,2949097.0,9,1996
82420.0,0.0,255724.0,257052.0,257052.0,199609,CA,0203192010,47,47,70,70,82420.0,0.0,255724.0,9,1996
58943.0,0.0,185609.0,186908.0,186908.0,199609,CA,0203192090,47,47,70,70,58943.0,0.0,185609.0,9,1996
1098040.0,0.0,2342761.0,2370866.0,2370866.0,199609,CA,0203194010,47,47,70,70,1098040.0,0.0,2342761.0,9,1996
4456490.0,0.0,13127263.0,13259470.0,13259470.0,199609,CA,0203194090,47,47,70,70,4456490.0,0.0,13127263.0,9,1996
135023.0,0.0,253463.0,256076.0,256076.0,199609,CA,0203229000,47,47,70,70,135023.0,0.0,253463.0,9,1996
1225.0,0.0,11830.0,12022.0,12022.0,199609,CA,0203292000,47,47,70,70,1225.0,0.0,11830.0,9,1996
1868589.0,0.0,4749649.0,4778294.0,4778294.0,199609,CA,0203294000,47,47,70,70,1868589.0,0.0,4749649.0,9,1996
1074134.0,0.0,2025210.0,2049754.0,2049754.0,199610,CA,0203110000,47,47,70,70,1074134.0,0.0,2025210.0,10,1996
2869.0,0.0,6287.0,6336.0,6336.0,199610,CA,0203121020,47,47,70,70,2869.0,0.0,6287.0,10,1996
4176923.0,0.0,9103698.0,9216370.0,9216370.0,199610,CA,0203129010,47,47,70,70,4196881.0,0.0,9147697.0,10,1996
1312017.0,0.0,2829779.0,2866111.0,2866111.0,199610,CA,0203129020,47,47,70,70,1312017.0,0.0,2829779.0,10,1996
170534.0,0.0,533537.0,536164.0,536164.0,199610,CA,0203192010,47,47,70,70,170534.0,0.0,533537.0,10,1996
62335.0,0.0,105338.0,106772.0,106772.0,199610,CA,0203192090,47,47,70,70,62335.0,0.0,105338.0,10,1996
1359445.0,0.0,2663006.0,2701924.0,2701924.0,199610,CA,0203194010,47,47,70,70,1359445.0,0.0,2663006.0,10,1996
5518808.0,0.0,15743937.0,15891906.0,15891906.0,199610,CA,0203194090,47,47,70,70,5518808.0,0.0,15743937.0,10,1996
49771.0,0.0,164214.0,178172.0,178172.0,199610,CA,0203221000,47,47,70,70,49771.0,0.0,164214.0,10,1996
185198.0,0.0,325083.0,329727.0,329727.0,199610,CA,0203229000,47,47,70,70,185198.0,0.0,325083.0,10,1996
39014.0,0.0,53463.0,54264.0,54264.0,199610,CA,0203292000,47,47,70,70,39014.0,0.0,53463.0,10,1996
2397564.0,0.0,5831719.0,5944053.0,5944053.0,199610,CA,0203294000,47,47,70,70,2397564.0,0.0,5831719.0,10,1996
888405.0,0.0,1703776.0,1723956.0,1723956.0,199611,CA,0203110000,47,47,70,70,888405.0,0.0,1703776.0,11,1996
3374691.0,0.0,7285215.0,7372899.0,7372899.0,199611,CA,0203129010,47,47,70,70,3388006.0,0.0,7314509.0,11,1996
1089153.0,0.0,2314836.0,2342705.0,2342705.0,199611,CA,0203129020,47,47,70,70,1089153.0,0.0,2314836.0,11,1996
294297.0,0.0,959790.0,968328.0,968328.0,199611,CA,0203192010,47,47,70,70,294297.0,0.0,959790.0,11,1996
24335.0,0.0,75815.0,76769.0,76769.0,199611,CA,0203192090,47,47,70,70,24335.0,0.0,75815.0,11,1996
1118329.0,0.0,2027081.0,2056268.0,2056268.0,199611,CA,0203194010,47,47,70,70,1118329.0,0.0,2027081.0,11,1996
4733779.0,0.0,12594968.0,12749562.0,12749562.0,199611,CA,0203194090,47,47,70,70,4724522.0,0.0,12594968.0,11,1996
258286.0,0.0,489500.0,495070.0,495070.0,199611,CA,0203229000,47,47,70,70,258286.0,0.0,489500.0,11,1996
21607.0,0.0,23198.0,23744.0,23744.0,199611,CA,0203292000,47,47,70,70,21607.0,0.0,23198.0,11,1996
2226999.0,0.0,5409110.0,5477027.0,5477027.0,199611,CA,0203294000,47,47,70,70,2226999.0,0.0,5409110.0,11,1996
857587.0,0.0,1665431.0,1683845.0,1683845.0,199612,CA,0203110000,47,47,70,70,857587.0,0.0,1665431.0,12,1996
2905940.0,0.0,6363540.0,6454525.0,6454525.0,199612,CA,0203129010,47,47,70,70,2872667.0,0.0,6290247.0,12,1996
1385733.0,0.0,2714950.0,2746327.0,2746327.0,199612,CA,0203129020,47,47,70,70,1385733.0,0.0,2714950.0,12,1996
121305.0,0.0,469106.0,471164.0,471164.0,199612,CA,0203192010,47,47,70,70,121305.0,0.0,469106.0,12,1996
121489.0,0.0,172981.0,173492.0,173492.0,199612,CA,0203192090,47,47,70,70,121489.0,0.0,172981.0,12,1996
920769.0,0.0,1856202.0,1880734.0,1880734.0,199612,CA,0203194010,47,47,70,70,920769.0,0.0,1856202.0,12,1996
4973079.0,0.0,14091074.0,14225136.0,14225136.0,199612,CA,0203194090,47,47,70,70,4973079.0,0.0,14091074.0,12,1996
173301.0,0.0,345506.0,349178.0,349178.0,199612,CA,0203229000,47,47,70,70,173301.0,0.0,345506.0,12,1996
18975.0,0.0,48525.0,49225.0,49225.0,199612,CA,0203292000,47,47,70,70,18975.0,0.0,48525.0,12,1996
2044135.0,0.0,5071469.0,5136481.0,5136481.0,199612,CA,0203294000,47,47,70,70,2044135.0,0.0,5071469.0,12,1996
922130.0,0.0,1768394.0,1787653.0,1787653.0,199701,CA,0203110000,47,47,70,70,922130.0,0.0,1768394.0,1,1997
1252.0,0.0,2182.0,2250.0,2250.0,199701,CA,0203121010,47,47,70,70,1252.0,0.0,2182.0,1,1997
3617269.0,0.0,7061505.0,7170231.0,7170231.0,199701,CA,0203129010,47,47,70,70,3617269.0,0.0,7061505.0,1,1997
1057247.0,0.0,2118870.0,2147860.0,2147860.0,199701,CA,0203129020,47,47,70,70,1057247.0,0.0,2118870.0,1,1997
137738.0,0.0,392296.0,394808.0,394808.0,199701,CA,0203192010,47,47,70,70,137738.0,0.0,392296.0,1,1997
40622.0,0.0,47945.0,48705.0,48705.0,199701,CA,0203192090,47,47,70,70,40622.0,0.0,47945.0,1,1997
1046872.0,0.0,2295074.0,2332852.0,2332852.0,199701,CA,0203194010,47,47,70,70,1046872.0,0.0,2295074.0,1,1997
5057963.0,0.0,13813813.0,13979196.0,13979196.0,199701,CA,0203194090,47,47,70,70,5078716.0,0.0,13858455.0,1,1997
18476.0,0.0,40199.0,40797.0,40797.0,199701,CA,0203221000,47,47,70,70,18476.0,0.0,40199.0,1,1997
199302.0,0.0,461752.0,465840.0,465840.0,199701,CA,0203229000,47,47,70,70,199302.0,0.0,461752.0,1,1997
2009067.0,0.0,4834546.0,4920543.0,4920543.0,199701,CA,0203294000,47,47,70,70,2009067.0,0.0,4834546.0,1,1997
739942.0,0.0,1385103.0,1400996.0,1400996.0,199702,CA,0203110000,47,47,70,70,739942.0,0.0,1385103.0,2,1997
2558536.0,0.0,5276853.0,5364736.0,5364736.0,199702,CA,0203129010,47,47,70,70,2558536.0,0.0,5276853.0,2,1997
685690.0,0.0,1364263.0,1376919.0,1376919.0,199702,CA,0203129020,47,47,70,70,685690.0,0.0,1364263.0,2,1997
27695.0,0.0,75004.0,75642.0,75642.0,199702,CA,0203192010,47,47,70,70,27695.0,0.0,75004.0,2,1997
18365.0,0.0,32794.0,33365.0,33365.0,199702,CA,0203192090,47,47,70,70,18365.0,0.0,32794.0,2,1997
889181.0,0.0,2016358.0,2050148.0,2050148.0,199702,CA,0203194010,47,47,70,70,889181.0,0.0,2016358.0,2,1997
4670026.0,0.0,12559259.0,12717264.0,12717264.0,199702,CA,0203194090,47,47,70,70,4670026.0,0.0,12559259.0,2,1997
165438.0,0.0,314037.0,317612.0,317612.0,199702,CA,0203229000,47,47,70,70,165438.0,0.0,314037.0,2,1997
1847416.0,0.0,4875496.0,4936201.0,4936201.0,199702,CA,0203294000,47,47,70,70,1847416.0,0.0,4875496.0,2,1997
835187.0,0.0,1543811.0,1562616.0,1562616.0,199703,CA,0203110000,47,47,70,70,835187.0,0.0,1543811.0,3,1997
3401.0,0.0,10822.0,11071.0,11071.0,199703,CA,0203121010,47,47,70,70,3401.0,0.0,10822.0,3,1997
8807.0,0.0,13780.0,13811.0,13811.0,199703,CA,0203121020,47,47,70,70,8807.0,0.0,13780.0,3,1997
2304112.0,0.0,4441338.0,4531485.0,4531485.0,199703,CA,0203129010,47,47,70,70,2304112.0,0.0,4441338.0,3,1997
610996.0,0.0,1122929.0,1130676.0,1130676.0,199703,CA,0203129020,47,47,70,70,610996.0,0.0,1122929.0,3,1997
32474.0,0.0,89951.0,90745.0,90745.0,199703,CA,0203192010,47,47,70,70,32474.0,0.0,89951.0,3,1997
25229.0,0.0,46288.0,46838.0,46838.0,199703,CA,0203192090,47,47,70,70,25229.0,0.0,46288.0,3,1997
880474.0,0.0,1911226.0,1936152.0,1936152.0,199703,CA,0203194010,47,47,70,70,880474.0,0.0,1911226.0,3,1997
4270383.0,0.0,11875611.0,11996601.0,11996601.0,199703,CA,0203194090,47,47,70,70,4270383.0,0.0,11875611.0,3,1997
23342.0,0.0,71529.0,76347.0,76347.0,199703,CA,0203221000,47,47,70,70,23342.0,0.0,71529.0,3,1997
282746.0,0.0,592598.0,597704.0,597704.0,199703,CA,0203229000,47,47,70,70,282746.0,0.0,592598.0,3,1997
2088022.0,0.0,5289457.0,5332832.0,5332832.0,199703,CA,0203294000,47,47,70,70,2088022.0,0.0,5289457.0,3,1997
993743.0,0.0,1817110.0,1841110.0,1841110.0,199704,CA,0203110000,47,47,70,70,993743.0,0.0,1817110.0,4,1997
4520.0,0.0,11872.0,12260.0,12260.0,199704,CA,0203121020,47,47,70,70,4520.0,0.0,11872.0,4,1997
3074690.0,0.0,5661084.0,5756700.0,5756700.0,199704,CA,0203129010,47,47,70,70,3224998.0,0.0,5879206.0,4,1997
633231.0,0.0,1372764.0,1383278.0,1383278.0,199704,CA,0203129020,47,47,70,70,633231.0,0.0,1372764.0,4,1997
42926.0,0.0,95360.0,98457.0,98457.0,199704,CA,0203192010,47,47,70,70,42926.0,0.0,95360.0,4,1997
20548.0,0.0,48301.0,48995.0,48995.0,199704,CA,0203192090,47,47,70,70,20548.0,0.0,48301.0,4,1997
754560.0,0.0,1766651.0,1789579.0,1789579.0,199704,CA,0203194010,47,47,70,70,839635.0,0.0,1996620.0,4,1997
4034665.0,0.0,10927690.0,11054637.0,11054637.0,199704,CA,0203194090,47,47,70,70,4115219.0,0.0,11096612.0,4,1997
123801.0,0.0,319627.0,322193.0,322193.0,199704,CA,0203229000,47,47,70,70,127911.0,0.0,324222.0,4,1997
37258.0,0.0,55965.0,56025.0,56025.0,199704,CA,0203292000,47,47,70,70,37258.0,0.0,55965.0,4,1997
1952888.0,0.0,4846564.0,4884135.0,4884135.0,199704,CA,0203294000,47,47,70,70,2089223.0,0.0,5340363.0,4,1997
907423.0,0.0,1747617.0,1770667.0,1770667.0,199705,CA,0203110000,47,47,70,70,907423.0,0.0,1747617.0,5,1997
9230.0,0.0,18892.0,18972.0,18972.0,199705,CA,0203121010,47,47,70,70,9230.0,0.0,18892.0,5,1997
4268.0,0.0,8736.0,8773.0,8773.0,199705,CA,0203121020,47,47,70,70,4268.0,0.0,8736.0,5,1997
3422111.0,0.0,6431382.0,6533559.0,6533559.0,199705,CA,0203129010,47,47,70,70,3271803.0,0.0,6213260.0,5,1997
785712.0,0.0,1760482.0,1787494.0,1787494.0,199705,CA,0203129020,47,47,70,70,785712.0,0.0,1760482.0,5,1997
16623.0,0.0,41804.0,42800.0,42800.0,199705,CA,0203192010,47,47,70,70,16623.0,0.0,41804.0,5,1997
18251.0,0.0,11180.0,12175.0,12175.0,199705,CA,0203192090,47,47,70,70,18251.0,0.0,11180.0,5,1997
810367.0,0.0,2016254.0,2039650.0,2039650.0,199705,CA,0203194010,47,47,70,70,725292.0,0.0,1786285.0,5,1997
4288734.0,0.0,12325637.0,12454117.0,12454117.0,199705,CA,0203194090,47,47,70,70,4195657.0,0.0,12112073.0,5,1997
21507.0,0.0,61818.0,65431.0,65431.0,199705,CA,0203221000,47,47,70,70,21507.0,0.0,61818.0,5,1997
91608.0,0.0,202471.0,204274.0,204274.0,199705,CA,0203229000,47,47,70,70,87498.0,0.0,197876.0,5,1997
2639.0,0.0,8363.0,8852.0,8852.0,199705,CA,0203292000,47,47,70,70,2639.0,0.0,8363.0,5,1997
1815236.0,0.0,4453812.0,4487414.0,4487414.0,199705,CA,0203294000,47,47,70,70,1728853.0,0.0,4115290.0,5,1997
889658.0,0.0,1706980.0,1729019.0,1729019.0,199706,CA,0203110000,47,47,70,70,889658.0,0.0,1706980.0,6,1997
81632.0,0.0,140123.0,140340.0,140340.0,199706,CA,0203121010,47,47,70,70,81632.0,0.0,140123.0,6,1997
32375.0,0.0,92484.0,92564.0,92564.0,199706,CA,0203121020,47,47,70,70,32375.0,0.0,92484.0,6,1997
2979012.0,0.0,6046071.0,6122715.0,6122715.0,199706,CA,0203129010,47,47,70,70,2979012.0,0.0,6046071.0,6,1997
813705.0,0.0,1837861.0,1855868.0,1855868.0,199706,CA,0203129020,47,47,70,70,813705.0,0.0,1837861.0,6,1997
66894.0,0.0,347932.0,351737.0,351737.0,199706,CA,0203192010,47,47,70,70,66894.0,0.0,347932.0,6,1997
868191.0,0.0,2289359.0,2308390.0,2308390.0,199706,CA,0203194010,47,47,70,70,868191.0,0.0,2289359.0,6,1997
4046616.0,0.0,11747971.0,11865711.0,11865711.0,199706,CA,0203194090,47,47,70,70,4046616.0,0.0,11747971.0,6,1997
187215.0,0.0,414866.0,417759.0,417759.0,199706,CA,0203229000,47,47,70,70,187215.0,0.0,414866.0,6,1997
1984.0,0.0,16500.0,16700.0,16700.0,199706,CA,0203292000,47,47,70,70,16799.0,0.0,138727.0,6,1997
2269884.0,0.0,5279082.0,5339098.0,5339098.0,199706,CA,0203294000,47,47,70,70,2269884.0,0.0,5279082.0,6,1997
864398.0,0.0,1644695.0,1665600.0,1665600.0,199707,CA,0203110000,47,47,70,70,864398.0,0.0,1644695.0,7,1997
22561.0,0.0,92040.0,92133.0,92133.0,199707,CA,0203121020,47,47,70,70,22561.0,0.0,92040.0,7,1997
2911567.0,0.0,6026969.0,6095697.0,6095697.0,199707,CA,0203129010,47,47,70,70,2911567.0,0.0,6026969.0,7,1997
950170.0,0.0,2076974.0,2098866.0,2098866.0,199707,CA,0203129020,47,47,70,70,950170.0,0.0,2076974.0,7,1997
67621.0,0.0,163611.0,164475.0,164475.0,199707,CA,0203192010,47,47,70,70,67621.0,0.0,163611.0,7,1997
486.0,0.0,2200.0,2400.0,2400.0,199707,CA,0203192090,47,47,70,70,486.0,0.0,2200.0,7,1997
988111.0,0.0,2385464.0,2407879.0,2407879.0,199707,CA,0203194010,47,47,70,70,988111.0,0.0,2385464.0,7,1997
4351302.0,0.0,13077817.0,13205745.0,13205745.0,199707,CA,0203194090,47,47,70,70,4351302.0,0.0,13077817.0,7,1997
17889.0,0.0,41410.0,41419.0,41419.0,199707,CA,0203210000,47,47,70,70,17889.0,0.0,41410.0,7,1997
57114.0,0.0,143133.0,144633.0,144633.0,199707,CA,0203221000,47,47,70,70,57114.0,0.0,143133.0,7,1997
209508.0,0.0,378499.0,381409.0,381409.0,199707,CA,0203229000,47,47,70,70,209508.0,0.0,378499.0,7,1997
9072.0,0.0,89750.0,89950.0,148892.0,199707,CA,0203292000,47,47,70,70,26772.0,0.0,147892.0,7,1997
2356951.0,0.0,5219716.0,5270938.0,5270938.0,199707,CA,0203294000,47,47,70,70,2337853.0,0.0,5203349.0,7,1997
972949.0,0.0,1977967.0,2004316.0,2004316.0,199708,CA,0203110000,47,47,70,70,972949.0,0.0,1977967.0,8,1997
22607.0,0.0,36661.0,36721.0,36721.0,199708,CA,0203121020,47,47,70,70,22607.0,0.0,36661.0,8,1997
2630945.0,0.0,5587638.0,5659290.0,5659290.0,199708,CA,0203129010,47,47,70,70,2630945.0,0.0,5587638.0,8,1997
1206639.0,0.0,2351721.0,2379456.0,2379456.0,199708,CA,0203129020,47,47,70,70,1206639.0,0.0,2351721.0,8,1997
8119.0,0.0,23308.0,23419.0,23419.0,199708,CA,0203192010,47,47,70,70,8119.0,0.0,23308.0,8,1997
924226.0,0.0,2282557.0,2305720.0,2305720.0,199708,CA,0203194010,47,47,70,70,924226.0,0.0,2282557.0,8,1997
4731690.0,0.0,13682290.0,13807134.0,13807134.0,199708,CA,0203194090,47,47,70,70,4731690.0,0.0,13682290.0,8,1997
53482.0,0.0,121969.0,122756.0,122756.0,199708,CA,0203229000,47,47,70,70,53482.0,0.0,121969.0,8,1997
14815.0,0.0,122227.0,0.0,0.0,199708,CA,0203292000,47,47,70,70,0.0,0.0,0.0,8,1997
2518538.0,0.0,5716686.0,5780512.0,5780512.0,199708,CA,0203294000,47,47,70,70,2537588.0,0.0,5755739.0,8,1997
924467.0,0.0,1782422.0,1806135.0,1806135.0,199709,CA,0203110000,47,47,70,70,924467.0,0.0,1782422.0,9,1997
3127988.0,0.0,6179147.0,6254205.0,6254205.0,199709,CA,0203129010,47,47,70,70,3127988.0,0.0,6179147.0,9,1997
978199.0,0.0,1874236.0,1897804.0,1897804.0,199709,CA,0203129020,47,47,70,70,978199.0,0.0,1874236.0,9,1997
72959.0,0.0,218216.0,225034.0,225034.0,199709,CA,0203192010,47,47,70,70,72959.0,0.0,218216.0,9,1997
22181.0,0.0,48900.0,53790.0,53790.0,199709,CA,0203192090,47,47,70,70,22181.0,0.0,48900.0,9,1997
1380029.0,0.0,3235083.0,3270291.0,3270291.0,199709,CA,0203194010,47,47,70,70,1380029.0,0.0,3235083.0,9,1997
4832913.0,0.0,13195962.0,13328018.0,13328018.0,199709,CA,0203194090,47,47,70,70,4832913.0,0.0,13195962.0,9,1997
136970.0,0.0,225301.0,227038.0,227038.0,199709,CA,0203229000,47,47,70,70,136970.0,0.0,225301.0,9,1997
21243.0,0.0,47935.0,48447.0,48447.0,199709,CA,0203292000,47,47,70,70,21243.0,0.0,47935.0,9,1997
2956803.0,0.0,6757816.0,6809928.0,6827551.0,199709,CA,0203294000,47,47,70,70,2975178.0,0.0,6775438.0,9,1997
943168.0,0.0,1838222.0,1863356.0,1863356.0,199710,CA,0203110000,47,47,70,70,943168.0,0.0,1838222.0,10,1997
3430627.0,0.0,6418819.0,6496428.0,6496428.0,199710,CA,0203129010,47,47,70,70,3430627.0,0.0,6418819.0,10,1997
1130241.0,0.0,2095706.0,2124616.0,2124616.0,199710,CA,0203129020,47,47,70,70,1130241.0,0.0,2095706.0,10,1997
49889.0,0.0,124520.0,129739.0,129739.0,199710,CA,0203192010,47,47,70,70,49889.0,0.0,124520.0,10,1997
3629.0,0.0,17030.0,17397.0,17397.0,199710,CA,0203192090,47,47,70,70,3629.0,0.0,17030.0,10,1997
1709468.0,0.0,3289729.0,3331313.0,3331313.0,199710,CA,0203194010,47,47,70,70,1709468.0,0.0,3289729.0,10,1997
5024468.0,0.0,13452542.0,13606902.0,13606902.0,199710,CA,0203194090,47,47,70,70,5024468.0,0.0,13452542.0,10,1997
142347.0,0.0,336216.0,340357.0,340357.0,199710,CA,0203229000,47,47,70,70,142347.0,0.0,336216.0,10,1997
84734.0,0.0,204547.0,208716.0,208716.0,199710,CA,0203292000,47,47,70,70,84734.0,0.0,204547.0,10,1997
2670842.0,0.0,5688658.0,5737092.0,5737092.0,199710,CA,0203294000,47,47,70,70,2670842.0,0.0,5688658.0,10,1997
852295.0,0.0,1626376.0,1648812.0,1648812.0,199711,CA,0203110000,47,47,70,70,852295.0,0.0,1626376.0,11,1997
8927.0,0.0,11682.0,12249.0,12249.0,199711,CA,0203121020,47,47,70,70,8927.0,0.0,11682.0,11,1997
2719888.0,0.0,5164834.0,5220626.0,5220626.0,199711,CA,0203129010,47,47,70,70,2719888.0,0.0,5164834.0,11,1997
1132644.0,0.0,2143415.0,2170667.0,2170667.0,199711,CA,0203129020,47,47,70,70,1132644.0,0.0,2143415.0,11,1997
10331.0,0.0,31338.0,31794.0,31794.0,199711,CA,0203192010,47,47,70,70,10331.0,0.0,31338.0,11,1997
22734.0,0.0,53153.0,53678.0,53678.0,199711,CA,0203192090,47,47,70,70,22734.0,0.0,53153.0,11,1997
1502661.0,0.0,2725649.0,2757684.0,2757684.0,199711,CA,0203194010,47,47,70,70,1502661.0,0.0,2725649.0,11,1997
4099952.0,0.0,10399777.0,10522294.0,10522294.0,199711,CA,0203194090,47,47,70,70,4117202.0,0.0,10436127.0,11,1997
115912.0,0.0,166933.0,168019.0,168019.0,199711,CA,0203229000,47,47,70,70,115912.0,0.0,166933.0,11,1997
96628.0,0.0,262255.0,262658.0,262658.0,199711,CA,0203292000,47,47,70,70,96628.0,0.0,262255.0,11,1997
2865086.0,0.0,5588344.0,5623777.0,5623777.0,199711,CA,0203294000,47,47,70,70,2865086.0,0.0,5588344.0,11,1997
748549.0,0.0,1361638.0,1379538.0,1379538.0,199712,CA,0203110000,47,47,70,70,748549.0,0.0,1361638.0,12,1997
5897.0,0.0,10509.0,10624.0,10624.0,199712,CA,0203121020,47,47,70,70,5897.0,0.0,10509.0,12,1997
3111508.0,0.0,5265477.0,5308615.0,5308615.0,199712,CA,0203129010,47,47,70,70,3111508.0,0.0,5265477.0,12,1997
1135962.0,0.0,2077095.0,2106029.0,2106029.0,199712,CA,0203129020,47,47,70,70,1135962.0,0.0,2077095.0,12,1997
81814.0,0.0,204297.0,207302.0,207302.0,199712,CA,0203192010,47,47,70,70,81814.0,0.0,204297.0,12,1997
32849.0,0.0,161895.0,167402.0,167402.0,199712,CA,0203192090,47,47,70,70,32849.0,0.0,161895.0,12,1997
1375619.0,0.0,2357472.0,2382777.0,2382777.0,199712,CA,0203194010,47,47,70,70,1375619.0,0.0,2357472.0,12,1997
4618889.0,0.0,10725630.0,10826005.0,10826005.0,199712,CA,0203194090,47,47,70,70,4601639.0,0.0,10689280.0,12,1997
24930.0,0.0,65200.0,68700.0,68700.0,199712,CA,0203221000,47,47,70,70,24930.0,0.0,65200.0,12,1997
1143799.0,0.0,2365970.0,2393871.0,2393871.0,199712,CA,0203229000,47,47,70,70,1143799.0,0.0,2365970.0,12,1997
7974.0,0.0,63790.0,64290.0,64290.0,199712,CA,0203292000,47,47,70,70,7974.0,0.0,63790.0,12,1997
2293419.0,0.0,4789805.0,4851830.0,4851830.0,199712,CA,0203294000,47,47,70,70,2293419.0,0.0,4789805.0,12,1997
859765.0,0.0,1516518.0,1536831.0,1536831.0,199801,CA,0203110000,47,47,70,70,859765.0,0.0,1516518.0,1,1998
5462.0,0.0,11147.0,12294.0,12294.0,199801,CA,0203121010,47,47,70,70,5462.0,0.0,11147.0,1,1998
5857.0,0.0,8293.0,8460.0,8460.0,199801,CA,0203121020,47,47,70,70,5857.0,0.0,8293.0,1,1998
2250603.0,0.0,3124080.0,3173852.0,3173852.0,199801,CA,0203129010,47,47,70,70,2250603.0,0.0,3124080.0,1,1998
732994.0,0.0,1128225.0,1144849.0,1144849.0,199801,CA,0203129020,47,47,70,70,732994.0,0.0,1128225.0,1,1998
26687.0,0.0,67694.0,71442.0,71442.0,199801,CA,0203192010,47,47,70,70,26687.0,0.0,67694.0,1,1998
21773.0,0.0,48000.0,52800.0,52800.0,199801,CA,0203192090,47,47,70,70,21773.0,0.0,48000.0,1,1998
1445841.0,0.0,2095757.0,2120170.0,2120170.0,199801,CA,0203194010,47,47,70,70,1445841.0,0.0,2095757.0,1,1998
5005651.0,0.0,10622232.0,10732711.0,10732711.0,199801,CA,0203194090,47,47,70,70,5005651.0,0.0,10622232.0,1,1998
562933.0,0.0,1154651.0,1161653.0,1161653.0,199801,CA,0203229000,47,47,70,70,562933.0,0.0,1154651.0,1,1998
34225.0,0.0,106631.0,107581.0,107581.0,199801,CA,0203292000,47,47,70,70,34225.0,0.0,106631.0,1,1998
2511399.0,0.0,5156529.0,5217275.0,5217275.0,199801,CA,0203294000,47,47,70,70,2522738.0,0.0,5195940.0,1,1998
745516.0,0.0,1318675.0,1336525.0,1336525.0,199802,CA,0203110000,47,47,70,70,745516.0,0.0,1318675.0,2,1998
12056.0,0.0,17328.0,17721.0,17721.0,199802,CA,0203121020,47,47,70,70,12056.0,0.0,17328.0,2,1998
1969926.0,0.0,2886013.0,2929137.0,2929137.0,199802,CA,0203129010,47,47,70,70,1969926.0,0.0,2886013.0,2,1998
885714.0,0.0,1375798.0,1400674.0,1400674.0,199802,CA,0203129020,47,47,70,70,885714.0,0.0,1375798.0,2,1998
61714.0,0.0,170461.0,175750.0,175750.0,199802,CA,0203192010,47,47,70,70,61714.0,0.0,170461.0,2,1998
5158.0,0.0,15462.0,16165.0,16165.0,199802,CA,0203192090,47,47,70,70,5158.0,0.0,15462.0,2,1998
1108294.0,0.0,1679643.0,1695508.0,1695508.0,199802,CA,0203194010,47,47,70,70,1108294.0,0.0,1679643.0,2,1998
4697900.0,0.0,10714092.0,10812443.0,10812443.0,199802,CA,0203194090,47,47,70,70,4697900.0,0.0,10714092.0,2,1998
632333.0,0.0,1483611.0,1489302.0,1489302.0,199802,CA,0203229000,47,47,70,70,632333.0,0.0,1483611.0,2,1998
1672161.0,0.0,3285025.0,3321809.0,3321809.0,199802,CA,0203294000,47,47,70,70,1672161.0,0.0,3285025.0,2,1998
893790.0,0.0,1560713.0,1583623.0,1583623.0,199803,CA,0203110000,47,47,70,70,893790.0,0.0,1560713.0,3,1998
3929.0,0.0,5822.0,5946.0,5946.0,199803,CA,0203121020,47,47,70,70,3929.0,0.0,5822.0,3,1998
2281180.0,0.0,3345566.0,3389217.0,3389217.0,199803,CA,0203129010,47,47,70,70,2281180.0,0.0,3345566.0,3,1998
1446799.0,0.0,2046565.0,2074116.0,2074116.0,199803,CA,0203129020,47,47,70,70,1446799.0,0.0,2046565.0,3,1998
29905.0,0.0,86434.0,86630.0,86630.0,199803,CA,0203192010,47,47,70,70,29905.0,0.0,86434.0,3,1998
60522.0,0.0,133443.0,146774.0,146774.0,199803,CA,0203192090,47,47,70,70,60522.0,0.0,133443.0,3,1998
1081417.0,0.0,1555405.0,1569954.0,1569954.0,199803,CA,0203194010,47,47,70,70,1081417.0,0.0,1555405.0,3,1998
5236486.0,0.0,11619789.0,11747047.0,11747047.0,199803,CA,0203194090,47,47,70,70,5236486.0,0.0,11619789.0,3,1998
354670.0,0.0,714457.0,717121.0,717121.0,199803,CA,0203229000,47,47,70,70,354670.0,0.0,714457.0,3,1998
18722.0,0.0,67062.0,67676.0,67676.0,199803,CA,0203292000,47,47,70,70,18722.0,0.0,67062.0,3,1998
1594010.0,0.0,3409939.0,3441528.0,3441528.0,199803,CA,0203294000,47,47,70,70,1594010.0,0.0,3409939.0,3,1998
893778.0,0.0,1607419.0,1633529.0,1633529.0,199804,CA,0203110000,47,47,70,70,893778.0,0.0,1607419.0,4,1998
26895.0,0.0,70083.0,71319.0,71319.0,199804,CA,0203121020,47,47,70,70,26895.0,0.0,70083.0,4,1998
2371653.0,0.0,3139467.0,3191447.0,3191447.0,199804,CA,0203129010,47,47,70,70,2371653.0,0.0,3139467.0,4,1998
1885417.0,0.0,2489604.0,2530933.0,2530933.0,199804,CA,0203129020,47,47,70,70,1885417.0,0.0,2489604.0,4,1998
23814.0,0.0,54255.0,58493.0,58493.0,199804,CA,0203192010,47,47,70,70,23814.0,0.0,54255.0,4,1998
48782.0,0.0,119594.0,128564.0,128564.0,199804,CA,0203192090,47,47,70,70,48782.0,0.0,119594.0,4,1998
1393629.0,0.0,1870307.0,1894897.0,1894897.0,199804,CA,0203194010,47,47,70,70,1393629.0,0.0,1870307.0,4,1998
4761957.0,0.0,10545553.0,10671900.0,10671900.0,199804,CA,0203194090,47,47,70,70,4761957.0,0.0,10545553.0,4,1998
21896.0,0.0,52134.0,56584.0,56584.0,199804,CA,0203221000,47,47,70,70,21896.0,0.0,52134.0,4,1998
108301.0,0.0,374337.0,377105.0,377105.0,199804,CA,0203229000,47,47,70,70,108301.0,0.0,374337.0,4,1998
32498.0,0.0,121597.0,121997.0,121997.0,199804,CA,0203292000,47,47,70,70,32498.0,0.0,121597.0,4,1998
2091978.0,0.0,4004035.0,4026450.0,4026450.0,199804,CA,0203294000,47,47,70,70,2091978.0,0.0,4004035.0,4,1998
872887.0,0.0,1614589.0,1640068.0,1640068.0,199805,CA,0203110000,47,47,70,70,872887.0,0.0,1614589.0,5,1998
1974487.0,0.0,2764747.0,2810788.0,2810788.0,199805,CA,0203129010,47,47,70,70,1974487.0,0.0,2764747.0,5,1998
1511023.0,0.0,2505064.0,2529741.0,2529741.0,199805,CA,0203129020,47,47,70,70,1511023.0,0.0,2505064.0,5,1998
27110.0,0.0,116229.0,116945.0,116945.0,199805,CA,0203192010,47,47,70,70,27110.0,0.0,116229.0,5,1998
39287.0,0.0,87136.0,91574.0,91574.0,199805,CA,0203192090,47,47,70,70,39287.0,0.0,87136.0,5,1998
865651.0,0.0,1522046.0,1535626.0,1535626.0,199805,CA,0203194010,47,47,70,70,865651.0,0.0,1522046.0,5,1998
4032060.0,0.0,9760095.0,9856614.0,9856614.0,199805,CA,0203194090,47,47,70,70,4032060.0,0.0,9760095.0,5,1998
106195.0,0.0,334445.0,334994.0,334994.0,199805,CA,0203229000,47,47,70,70,106195.0,0.0,334445.0,5,1998
17888.0,0.0,62634.0,62834.0,62834.0,199805,CA,0203292000,47,47,70,70,17888.0,0.0,62634.0,5,1998
1803305.0,0.0,3620588.0,3660014.0,3660014.0,199805,CA,0203294000,47,47,70,70,1803305.0,0.0,3620588.0,5,1998
714216.0,0.0,1367411.0,1391900.0,1391900.0,199806,CA,0203110000,47,47,70,70,714216.0,0.0,1367411.0,6,1998
6751.0,0.0,11325.0,11514.0,11514.0,199806,CA,0203121020,47,47,70,70,6751.0,0.0,11325.0,6,1998
2959360.0,0.0,4409088.0,4471784.0,4471784.0,199806,CA,0203129010,47,47,70,70,2959360.0,0.0,4409088.0,6,1998
1784427.0,0.0,2883954.0,2916530.0,2916530.0,199806,CA,0203129020,47,47,70,70,1784427.0,0.0,2883954.0,6,1998
30804.0,0.0,221116.0,223107.0,223107.0,199806,CA,0203192010,47,47,70,70,30804.0,0.0,221116.0,6,1998
56065.0,0.0,129541.0,131591.0,131591.0,199806,CA,0203192090,47,47,70,70,56065.0,0.0,129541.0,6,1998
1400377.0,0.0,2285162.0,2310253.0,2310253.0,199806,CA,0203194010,47,47,70,70,1400377.0,0.0,2285162.0,6,1998
4995382.0,0.0,10572954.0,10677101.0,10677101.0,199806,CA,0203194090,47,47,70,70,4958259.0,0.0,10483912.0,6,1998
70092.0,0.0,119321.0,120142.0,120142.0,199806,CA,0203229000,47,47,70,70,70092.0,0.0,119321.0,6,1998
18466.0,0.0,63875.0,64075.0,64075.0,199806,CA,0203292000,47,47,70,70,18466.0,0.0,63875.0,6,1998
2023183.0,0.0,3670814.0,3697434.0,3697434.0,199806,CA,0203294000,47,47,70,70,2079134.0,0.0,3806757.0,6,1998
813704.0,0.0,1462701.0,1489138.0,1489138.0,199807,CA,0203110000,47,47,70,70,832467.0,0.0,1488114.0,7,1998
2883259.0,0.0,4101324.0,4169194.0,4169194.0,199807,CA,0203129010,47,47,70,70,2883259.0,0.0,4101324.0,7,1998
1218724.0,0.0,1820716.0,1839932.0,1839932.0,199807,CA,0203129020,47,47,70,70,1218724.0,0.0,1820716.0,7,1998
4464.0,0.0,11275.0,11304.0,11304.0,199807,CA,0203192010,47,47,70,70,4464.0,0.0,11275.0,7,1998
54325.0,0.0,119767.0,131204.0,131204.0,199807,CA,0203192090,47,47,70,70,54325.0,0.0,119767.0,7,1998
1346881.0,0.0,2282537.0,2311055.0,2311055.0,199807,CA,0203194010,47,47,70,70,1346881.0,0.0,2282537.0,7,1998
5877551.0,0.0,11777554.0,11899711.0,11899711.0,199807,CA,0203194090,47,47,70,70,5877695.0,0.0,11777554.0,7,1998
75166.0,0.0,123467.0,124443.0,124443.0,199807,CA,0203229000,47,47,70,70,75849.0,0.0,129097.0,7,1998
31492.0,0.0,115632.0,116032.0,116032.0,199807,CA,0203292000,47,47,70,70,31492.0,0.0,115632.0,7,1998
2133855.0,0.0,3430747.0,3457966.0,3457966.0,199807,CA,0203294000,47,47,70,70,2133855.0,0.0,3430747.0,7,1998
903116.0,0.0,1556593.0,1585724.0,1585724.0,199808,CA,0203110000,47,47,70,70,940674.0,0.0,1607711.0,8,1998
2941033.0,0.0,4229676.0,4299018.0,4299018.0,199808,CA,0203129010,47,47,70,70,2941033.0,0.0,4229676.0,8,1998
1082267.0,0.0,1635317.0,1651383.0,1651383.0,199808,CA,0203129020,47,47,70,70,1082267.0,0.0,1635317.0,8,1998
40366.0,0.0,83659.0,87903.0,87903.0,199808,CA,0203192010,47,47,70,70,40366.0,0.0,83659.0,8,1998
30705.0,0.0,136157.0,138308.0,138308.0,199808,CA,0203192090,47,47,70,70,30705.0,0.0,136157.0,8,1998
1815216.0,0.0,3220995.0,3258946.0,3258946.0,199808,CA,0203194010,47,47,70,70,1815216.0,0.0,3220995.0,8,1998
6504836.0,0.0,13257536.0,13394511.0,13394511.0,199808,CA,0203194090,47,47,70,70,6504836.0,0.0,13257536.0,8,1998
77974.0,0.0,126929.0,127344.0,127344.0,199808,CA,0203229000,47,47,70,70,77291.0,0.0,121299.0,8,1998
2399956.0,0.0,4212206.0,4237305.0,4237305.0,199808,CA,0203294000,47,47,70,70,2399956.0,0.0,4212206.0,8,1998
959536.0,0.0,1558296.0,1585421.0,1585421.0,199809,CA,0203110000,47,47,70,70,1015690.0,0.0,1621963.0,9,1998
21829.0,0.0,37578.0,38870.0,38870.0,199809,CA,0203121010,47,47,70,70,21829.0,0.0,37578.0,9,1998
2457460.0,0.0,3485073.0,3535100.0,3535100.0,199809,CA,0203129010,47,47,70,70,2457460.0,0.0,3485073.0,9,1998
1113009.0,0.0,1571164.0,1591874.0,1591874.0,199809,CA,0203129020,47,47,70,70,1113009.0,0.0,1571164.0,9,1998
10979.0,0.0,19837.0,19848.0,19848.0,199809,CA,0203192010,47,47,70,70,10979.0,0.0,19837.0,9,1998
31872.0,0.0,74669.0,80044.0,80044.0,199809,CA,0203192090,47,47,70,70,31872.0,0.0,74669.0,9,1998
1717095.0,0.0,2694695.0,2733347.0,2733347.0,199809,CA,0203194010,47,47,70,70,1717095.0,0.0,2694695.0,9,1998
7121473.0,0.0,12865867.0,13029409.0,13029409.0,199809,CA,0203194090,47,47,70,70,7121473.0,0.0,12865867.0,9,1998
246214.0,0.0,545765.0,550535.0,550535.0,199809,CA,0203229000,47,47,70,70,246214.0,0.0,545765.0,9,1998
17008.0,0.0,53182.0,53264.0,53264.0,199809,CA,0203292000,47,47,70,70,7368.0,0.0,16244.0,9,1998
2769806.0,0.0,4044371.0,4071662.0,4071662.0,199809,CA,0203294000,47,47,70,70,2762124.0,0.0,4015463.0,9,1998
1039013.0,0.0,1630174.0,1656026.0,1656026.0,199810,CA,0203110000,47,47,70,70,1114726.0,0.0,1714102.0,10,1998
42356.0,0.0,64709.0,67752.0,67752.0,199810,CA,0203121010,47,47,70,70,42356.0,0.0,64709.0,10,1998
6510.0,0.0,7849.0,7964.0,7964.0,199810,CA,0203121020,47,47,70,70,6510.0,0.0,7849.0,10,1998
3595630.0,0.0,4953683.0,5023433.0,5023433.0,199810,CA,0203129010,47,47,70,70,3595630.0,0.0,4953683.0,10,1998
1550938.0,0.0,1983456.0,2020293.0,2020293.0,199810,CA,0203129020,47,47,70,70,1550938.0,0.0,1983456.0,10,1998
36961.0,0.0,65388.0,66185.0,66185.0,199810,CA,0203192010,47,47,70,70,36961.0,0.0,65388.0,10,1998
1770865.0,0.0,2310529.0,2344558.0,2344558.0,199810,CA,0203194010,47,47,70,70,1770865.0,0.0,2310529.0,10,1998
7581726.0,0.0,13650833.0,13825719.0,13825719.0,199810,CA,0203194090,47,47,70,70,7581726.0,0.0,13650833.0,10,1998
19054.0,0.0,13862.0,13912.0,13912.0,199810,CA,0203221000,47,47,70,70,19054.0,0.0,13862.0,10,1998
285890.0,0.0,351387.0,354320.0,354320.0,199810,CA,0203229000,47,47,70,70,285890.0,0.0,351387.0,10,1998
26057.0,0.0,50593.0,50619.0,50619.0,199810,CA,0203292000,47,47,70,70,18465.0,0.0,20792.0,10,1998
3468040.0,0.0,5463487.0,5505493.0,5505493.0,199810,CA,0203294000,47,47,70,70,3468040.0,0.0,5463487.0,10,1998
868039.0,0.0,1341400.0,1367696.0,1367696.0,199811,CA,0203110000,47,47,70,70,886999.0,0.0,1356774.0,11,1998
29155.0,0.0,52900.0,58417.0,58417.0,199811,CA,0203121020,47,47,70,70,29155.0,0.0,52900.0,11,1998
4137721.0,0.0,5507746.0,5582490.0,5582490.0,199811,CA,0203129010,47,47,70,70,4137721.0,0.0,5507746.0,11,1998
1313519.0,0.0,1550983.0,1571862.0,1571862.0,199811,CA,0203129020,47,47,70,70,1313519.0,0.0,1550983.0,11,1998
17888.0,0.0,29535.0,29571.0,29571.0,199811,CA,0203192010,47,47,70,70,17888.0,0.0,29535.0,11,1998
27686.0,0.0,61036.0,62868.0,62868.0,199811,CA,0203192090,47,47,70,70,27686.0,0.0,61036.0,11,1998
2104382.0,0.0,2189049.0,2228262.0,2228262.0,199811,CA,0203194010,47,47,70,70,2104382.0,0.0,2189049.0,11,1998
6397021.0,0.0,11186063.0,11336872.0,11336872.0,199811,CA,0203194090,47,47,70,70,6397021.0,0.0,11186063.0,11,1998
378892.0,0.0,434377.0,437351.0,437351.0,199811,CA,0203229000,47,47,70,70,378892.0,0.0,434377.0,11,1998
42963.0,0.0,71805.0,72030.0,72030.0,199811,CA,0203292000,47,47,70,70,42963.0,0.0,71805.0,11,1998
4208893.0,0.0,6495705.0,6561164.0,6561164.0,199811,CA,0203294000,47,47,70,70,4208893.0,0.0,6495705.0,11,1998
991452.0,0.0,1509430.0,1538490.0,1538490.0,199812,CA,0203110000,47,47,70,70,991452.0,0.0,1509430.0,12,1998
20534.0,0.0,39736.0,40737.0,40737.0,199812,CA,0203121010,47,47,70,70,20534.0,0.0,39736.0,12,1998
3129272.0,0.0,4345864.0,4413141.0,4413141.0,199812,CA,0203129010,47,47,70,70,3129272.0,0.0,4345864.0,12,1998
1317225.0,0.0,1406779.0,1432852.0,1432852.0,199812,CA,0203129020,47,47,70,70,1317225.0,0.0,1406779.0,12,1998
100342.0,0.0,166683.0,167374.0,167374.0,199812,CA,0203192010,47,47,70,70,100342.0,0.0,166683.0,12,1998
51779.0,0.0,108538.0,109592.0,109592.0,199812,CA,0203192090,47,47,70,70,51779.0,0.0,108538.0,12,1998
2205686.0,0.0,2303610.0,2346486.0,2346486.0,199812,CA,0203194010,47,47,70,70,2205686.0,0.0,2303610.0,12,1998
5993720.0,0.0,9559070.0,9702539.0,9702539.0,199812,CA,0203194090,47,47,70,70,5993720.0,0.0,9559070.0,12,1998
451903.0,0.0,582893.0,588463.0,588463.0,199812,CA,0203229000,47,47,70,70,451903.0,0.0,582893.0,12,1998
39741.0,0.0,85769.0,86669.0,86669.0,199812,CA,0203292000,47,47,70,70,39741.0,0.0,85769.0,12,1998
4049113.0,0.0,5934890.0,6017480.0,6017480.0,199812,CA,0203294000,47,47,70,70,4047804.0,0.0,5934890.0,12,1998
973347.0,0.0,1501814.0,1528481.0,1528481.0,199901,CA,0203110000,47,47,70,70,973347.0,0.0,1501814.0,1,1999
677.0,0.0,2094.0,2344.0,2344.0,199901,CA,0203121010,47,47,70,70,677.0,0.0,2094.0,1,1999
2427175.0,0.0,3207840.0,3265520.0,3265520.0,199901,CA,0203129010,47,47,70,70,2427175.0,0.0,3207840.0,1,1999
1298912.0,0.0,1589035.0,1609206.0,1609206.0,199901,CA,0203129020,47,47,70,70,1298912.0,0.0,1589035.0,1,1999
65276.0,0.0,117029.0,117621.0,117621.0,199901,CA,0203192010,47,47,70,70,65276.0,0.0,117029.0,1,1999
30629.0,0.0,31962.0,32184.0,32184.0,199901,CA,0203192090,47,47,70,70,30629.0,0.0,31962.0,1,1999
3006059.0,0.0,3418288.0,3469953.0,3469953.0,199901,CA,0203194010,47,47,70,70,3006059.0,0.0,3418288.0,1,1999
6320598.0,0.0,12084270.0,12227917.0,12227917.0,199901,CA,0203194090,47,47,70,70,6320598.0,0.0,12084270.0,1,1999
118122.0,0.0,114699.0,120115.0,120115.0,199901,CA,0203229000,47,47,70,70,118122.0,0.0,114699.0,1,1999
2615268.0,0.0,3834164.0,3876856.0,3876856.0,199901,CA,0203294000,47,47,70,70,2615268.0,0.0,3834164.0,1,1999
1031436.0,0.0,1855954.0,1884279.0,1884279.0,199902,CA,0203110000,47,47,70,70,1031436.0,0.0,1855954.0,2,1999
35329.0,0.0,41512.0,42812.0,42812.0,199902,CA,0203121010,47,47,70,70,35329.0,0.0,41512.0,2,1999
3327161.0,0.0,4377124.0,4433438.0,4433438.0,199902,CA,0203129010,47,47,70,70,3327161.0,0.0,4377124.0,2,1999
883258.0,0.0,1070707.0,1086667.0,1086667.0,199902,CA,0203129020,47,47,70,70,883258.0,0.0,1070707.0,2,1999
70134.0,0.0,145557.0,146914.0,146914.0,199902,CA,0203192010,47,47,70,70,70134.0,0.0,145557.0,2,1999
4332.0,0.0,5062.0,5124.0,5124.0,199902,CA,0203192090,47,47,70,70,4332.0,0.0,5062.0,2,1999
2250616.0,0.0,3028468.0,3070814.0,3070814.0,199902,CA,0203194010,47,47,70,70,2250616.0,0.0,3028468.0,2,1999
5835829.0,0.0,10526275.0,10608385.0,10608385.0,199902,CA,0203194090,47,47,70,70,5835829.0,0.0,10526275.0,2,1999
330469.0,0.0,370957.0,372766.0,372766.0,199902,CA,0203229000,47,47,70,70,330469.0,0.0,370957.0,2,1999
58999.0,0.0,70273.0,108452.0,108452.0,199902,CA,0203292000,47,47,70,70,58999.0,0.0,70273.0,2,1999
2212811.0,0.0,3610627.0,3672720.0,3672720.0,199902,CA,0203294000,47,47,70,70,2212811.0,0.0,3610627.0,2,1999
1067753.0,0.0,1904317.0,1934164.0,1934164.0,199903,CA,0203110000,47,47,70,70,1067753.0,0.0,1904317.0,3,1999
215702.0,0.0,337117.0,339538.0,339538.0,199903,CA,0203121010,47,47,70,70,215702.0,0.0,337117.0,3,1999
17785.0,0.0,49620.0,51764.0,51764.0,199903,CA,0203121020,47,47,70,70,17785.0,0.0,49620.0,3,1999
5206458.0,0.0,6536834.0,6624156.0,6624156.0,199903,CA,0203129010,47,47,70,70,5206458.0,0.0,6536834.0,3,1999
1235453.0,0.0,1437477.0,1459067.0,1459067.0,199903,CA,0203129020,47,47,70,70,1235453.0,0.0,1437477.0,3,1999
290433.0,0.0,672717.0,677519.0,677519.0,199903,CA,0203192010,47,47,70,70,290433.0,0.0,672717.0,3,1999
76352.0,0.0,90691.0,94674.0,94674.0,199903,CA,0203192090,47,47,70,70,76352.0,0.0,90691.0,3,1999
2844507.0,0.0,3439694.0,3496357.0,3496357.0,199903,CA,0203194010,47,47,70,70,2844507.0,0.0,3439694.0,3,1999
6649888.0,0.0,11896506.0,12040217.0,12040217.0,199903,CA,0203194090,47,47,70,70,6649888.0,0.0,11896506.0,3,1999
445965.0,0.0,706922.0,710428.0,710428.0,199903,CA,0203229000,47,47,70,70,445965.0,0.0,706922.0,3,1999
66685.0,0.0,40928.0,41383.0,41383.0,199903,CA,0203292000,47,47,70,70,66685.0,0.0,40928.0,3,1999
3005280.0,0.0,5116177.0,5170517.0,5170517.0,199903,CA,0203294000,47,47,70,70,3005280.0,0.0,5116177.0,3,1999
1033450.0,0.0,1901363.0,1928440.0,1928440.0,199904,CA,0203110000,47,47,70,70,1033450.0,0.0,1901363.0,4,1999
8852.0,0.0,35355.0,35855.0,35855.0,199904,CA,0203121010,47,47,70,70,8852.0,0.0,35355.0,4,1999
31391.0,0.0,69002.0,70194.0,70194.0,199904,CA,0203121020,47,47,70,70,31391.0,0.0,69002.0,4,1999
3979867.0,0.0,4869854.0,4939349.0,4939349.0,199904,CA,0203129010,47,47,70,70,3979867.0,0.0,4869854.0,4,1999
1000658.0,0.0,1184881.0,1201522.0,1201522.0,199904,CA,0203129020,47,47,70,70,1000658.0,0.0,1184881.0,4,1999
197658.0,0.0,441741.0,453457.0,453457.0,199904,CA,0203192010,47,47,70,70,197658.0,0.0,441741.0,4,1999
87624.0,0.0,457965.0,460758.0,460758.0,199904,CA,0203192090,47,47,70,70,87624.0,0.0,457965.0,4,1999
2382432.0,0.0,3073229.0,3124005.0,3124005.0,199904,CA,0203194010,47,47,70,70,2382432.0,0.0,3073229.0,4,1999
5732913.0,0.0,10749532.0,10905504.0,10905504.0,199904,CA,0203194090,47,47,70,70,5732913.0,0.0,10749532.0,4,1999
524605.0,0.0,892425.0,896662.0,896662.0,199904,CA,0203229000,47,47,70,70,524605.0,0.0,892425.0,4,1999
4764.0,0.0,2888.0,2988.0,2988.0,199904,CA,0203292000,47,47,70,70,4764.0,0.0,2888.0,4,1999
2297960.0,0.0,3915240.0,3969359.0,3969359.0,199904,CA,0203294000,47,47,70,70,2297960.0,0.0,3915240.0,4,1999
918681.0,0.0,1702050.0,1728385.0,1728385.0,199905,CA,0203110000,47,47,70,70,918681.0,0.0,1702050.0,5,1999
5746.0,0.0,25363.0,25928.0,25928.0,199905,CA,0203121010,47,47,70,70,5746.0,0.0,25363.0,5,1999
23514.0,0.0,77507.0,79156.0,79156.0,199905,CA,0203121020,47,47,70,70,23514.0,0.0,77507.0,5,1999
3775032.0,0.0,5026236.0,5100065.0,5100065.0,199905,CA,0203129010,47,47,70,70,3775032.0,0.0,5026236.0,5,1999
1514688.0,0.0,2416374.0,2465000.0,2465000.0,199905,CA,0203129020,47,47,70,70,1514688.0,0.0,2416374.0,5,1999
102586.0,0.0,271299.0,273573.0,273573.0,199905,CA,0203192010,47,47,70,70,102586.0,0.0,271299.0,5,1999
36812.0,0.0,67918.0,72971.0,72971.0,199905,CA,0203192090,47,47,70,70,36812.0,0.0,67918.0,5,1999
2312575.0,0.0,3299615.0,3341694.0,3341694.0,199905,CA,0203194010,47,47,70,70,2312575.0,0.0,3299615.0,5,1999
5584207.0,0.0,12348157.0,12472426.0,12472426.0,199905,CA,0203194090,47,47,70,70,5584207.0,0.0,12348157.0,5,1999
516613.0,0.0,670559.0,676295.0,676295.0,199905,CA,0203229000,47,47,70,70,516613.0,0.0,670559.0,5,1999
2451380.0,0.0,3610221.0,3665286.0,3665286.0,199905,CA,0203294000,47,47,70,70,2451380.0,0.0,3610221.0,5,1999
954085.0,0.0,1707392.0,1733576.0,1733576.0,199906,CA,0203110000,47,47,70,70,954085.0,0.0,1707392.0,6,1999
27390.0,0.0,59088.0,59888.0,59888.0,199906,CA,0203121010,47,47,70,70,27390.0,0.0,59088.0,6,1999
28898.0,0.0,91753.0,93582.0,93582.0,199906,CA,0203121020,47,47,70,70,28898.0,0.0,91753.0,6,1999
3283948.0,0.0,3776452.0,3838991.0,3838991.0,199906,CA,0203129010,47,47,70,70,3283948.0,0.0,3776452.0,6,1999
1503749.0,0.0,2082567.0,2108041.0,2108041.0,199906,CA,0203129020,47,47,70,70,1503749.0,0.0,2082567.0,6,1999
39358.0,0.0,70609.0,71506.0,71506.0,199906,CA,0203192010,47,47,70,70,39358.0,0.0,70609.0,6,1999
8803.0,0.0,10603.0,11662.0,11662.0,199906,CA,0203192090,47,47,70,70,8803.0,0.0,10603.0,6,1999
2390231.0,0.0,3700379.0,3740382.0,3740382.0,199906,CA,0203194010,47,47,70,70,2390231.0,0.0,3700379.0,6,1999
7102110.0,0.0,13669399.0,13836558.0,13836558.0,199906,CA,0203194090,47,47,70,70,7102110.0,0.0,13669399.0,6,1999
556709.0,0.0,1185996.0,1195439.0,1195439.0,199906,CA,0203229000,47,47,70,70,556709.0,0.0,1185996.0,6,1999
22590.0,0.0,22380.0,22430.0,22430.0,199906,CA,0203292000,47,47,70,70,22590.0,0.0,22380.0,6,1999
2675871.0,0.0,5870196.0,5935599.0,5935599.0,199906,CA,0203294000,47,47,70,70,2675871.0,0.0,5870196.0,6,1999
861211.0,0.0,1349827.0,1371968.0,1371968.0,199907,CA,0203110000,47,47,70,70,861211.0,0.0,1349827.0,7,1999
1769.0,0.0,5851.0,6051.0,6051.0,199907,CA,0203121010,47,47,70,70,1769.0,0.0,5851.0,7,1999
52261.0,0.0,214831.0,217381.0,217381.0,199907,CA,0203121020,47,47,70,70,52261.0,0.0,214831.0,7,1999
2583901.0,0.0,2749097.0,2795255.0,2795255.0,199907,CA,0203129010,47,47,70,70,2583901.0,0.0,2749097.0,7,1999
1317129.0,0.0,1884325.0,1930050.0,1930050.0,199907,CA,0203129020,47,47,70,70,1317129.0,0.0,1884325.0,7,1999
49717.0,0.0,238351.0,240404.0,240404.0,199907,CA,0203192010,47,47,70,70,49717.0,0.0,238351.0,7,1999
7071.0,0.0,11617.0,12029.0,12029.0,199907,CA,0203192090,47,47,70,70,7071.0,0.0,11617.0,7,1999
1360510.0,0.0,2084222.0,2114110.0,2114110.0,199907,CA,0203194010,47,47,70,70,1360510.0,0.0,2084222.0,7,1999
6833689.0,0.0,12881408.0,13046084.0,13046084.0,199907,CA,0203194090,47,47,70,70,6833689.0,0.0,12881408.0,7,1999
445958.0,0.0,764744.0,772671.0,772671.0,199907,CA,0203229000,47,47,70,70,445958.0,0.0,764744.0,7,1999
706.0,0.0,7022.0,7072.0,7072.0,199907,CA,0203292000,47,47,70,70,706.0,0.0,7022.0,7,1999
1896819.0,0.0,3756402.0,3784763.0,3784763.0,199907,CA,0203294000,47,47,70,70,1896819.0,0.0,3756402.0,7,1999
655057.0,0.0,1104565.0,1123448.0,1123448.0,199908,CA,0203110000,47,47,70,70,655057.0,0.0,1104565.0,8,1999
4260.0,0.0,15013.0,15613.0,15613.0,199908,CA,0203121010,47,47,70,70,4260.0,0.0,15013.0,8,1999
48850.0,0.0,186878.0,189505.0,189505.0,199908,CA,0203121020,47,47,70,70,48850.0,0.0,186878.0,8,1999
2913107.0,0.0,3588135.0,3644807.0,3644807.0,199908,CA,0203129010,47,47,70,70,2913107.0,0.0,3588135.0,8,1999
1600221.0,0.0,2536909.0,2580094.0,2580094.0,199908,CA,0203129020,47,47,70,70,1600221.0,0.0,2536909.0,8,1999
38724.0,0.0,85020.0,85316.0,85316.0,199908,CA,0203192010,47,47,70,70,38724.0,0.0,85020.0,8,1999
22345.0,0.0,35956.0,37067.0,37067.0,199908,CA,0203192090,47,47,70,70,22345.0,0.0,35956.0,8,1999
1753104.0,0.0,3168344.0,3204091.0,3204091.0,199908,CA,0203194010,47,47,70,70,1753104.0,0.0,3168344.0,8,1999
8864814.0,0.0,17398937.0,17613751.0,17613751.0,199908,CA,0203194090,47,47,70,70,8864814.0,0.0,17398937.0,8,1999
358159.0,0.0,519675.0,523980.0,523980.0,199908,CA,0203229000,47,47,70,70,358159.0,0.0,519675.0,8,1999
3042.0,0.0,30171.0,30221.0,30221.0,199908,CA,0203292000,47,47,70,70,3042.0,0.0,30171.0,8,1999
2887072.0,0.0,4953281.0,5014623.0,5014623.0,199908,CA,0203294000,47,47,70,70,2887072.0,0.0,4953281.0,8,1999
910680.0,0.0,1443210.0,1464873.0,1464873.0,199909,CA,0203110000,47,47,70,70,910680.0,0.0,1443210.0,9,1999
5507.0,0.0,19605.0,20080.0,20080.0,199909,CA,0203121010,47,47,70,70,5507.0,0.0,19605.0,9,1999
62870.0,0.0,212696.0,215559.0,215559.0,199909,CA,0203121020,47,47,70,70,62870.0,0.0,212696.0,9,1999
3002781.0,0.0,3871209.0,3905947.0,3905947.0,199909,CA,0203129010,47,47,70,70,3002781.0,0.0,3871209.0,9,1999
1854108.0,0.0,2700277.0,2737563.0,2737563.0,199909,CA,0203129020,47,47,70,70,1854108.0,0.0,2700277.0,9,1999
38810.0,0.0,86227.0,86937.0,86937.0,199909,CA,0203192010,47,47,70,70,38810.0,0.0,86227.0,9,1999
9596.0,0.0,14809.0,16289.0,16289.0,199909,CA,0203192090,47,47,70,70,9596.0,0.0,14809.0,9,1999
2187068.0,0.0,3137965.0,3171064.0,3171064.0,199909,CA,0203194010,47,47,70,70,2187068.0,0.0,3137965.0,9,1999
8704599.0,0.0,16382794.0,16586342.0,16586342.0,199909,CA,0203194090,47,47,70,70,8704599.0,0.0,16382794.0,9,1999
379472.0,0.0,661693.0,664014.0,664014.0,199909,CA,0203229000,47,47,70,70,379472.0,0.0,661693.0,9,1999
19051.0,0.0,32760.0,32810.0,32810.0,199909,CA,0203292000,47,47,70,70,19051.0,0.0,32760.0,9,1999
2617138.0,0.0,4230086.0,4149894.0,4149894.0,199909,CA,0203294000,47,47,70,70,2617138.0,0.0,4230086.0,9,1999
965299.0,0.0,1604697.0,1630302.0,1630302.0,199910,CA,0203110000,47,47,70,70,965299.0,0.0,1604697.0,10,1999
27413.0,0.0,66601.0,70256.0,70256.0,199910,CA,0203121010,47,47,70,70,27413.0,0.0,66601.0,10,1999
60089.0,0.0,214386.0,217115.0,217115.0,199910,CA,0203121020,47,47,70,70,60089.0,0.0,214386.0,10,1999
4735044.0,0.0,5823291.0,5867772.0,5867772.0,199910,CA,0203129010,47,47,70,70,4735044.0,0.0,5823291.0,10,1999
1526066.0,0.0,1999509.0,2031162.0,2031162.0,199910,CA,0203129020,47,47,70,70,1526066.0,0.0,1999509.0,10,1999
50672.0,0.0,144323.0,145923.0,145923.0,199910,CA,0203192010,47,47,70,70,50672.0,0.0,144323.0,10,1999
24921.0,0.0,39203.0,42692.0,42692.0,199910,CA,0203192090,47,47,70,70,24921.0,0.0,39203.0,10,1999
2891428.0,0.0,4007830.0,4043652.0,4043652.0,199910,CA,0203194010,47,47,70,70,2891428.0,0.0,4007830.0,10,1999
8168707.0,0.0,14893765.0,15068195.0,15068195.0,199910,CA,0203194090,47,47,70,70,8168707.0,0.0,14893765.0,10,1999
472645.0,0.0,845771.0,854182.0,854182.0,199910,CA,0203229000,47,47,70,70,472645.0,0.0,845771.0,10,1999
19054.0,0.0,38108.0,38258.0,49609.0,199910,CA,0203292000,47,47,70,70,23138.0,0.0,49314.0,10,1999
3751721.0,0.0,6427660.0,6665217.0,6665217.0,199910,CA,0203294000,47,47,70,70,3751721.0,0.0,6427660.0,10,1999
904145.0,0.0,1436159.0,1460760.0,1460760.0,199911,CA,0203110000,47,47,70,70,904145.0,0.0,1436159.0,11,1999
4587.0,0.0,17489.0,17889.0,17889.0,199911,CA,0203121010,47,47,70,70,4587.0,0.0,17489.0,11,1999
60557.0,0.0,199201.0,201783.0,201783.0,199911,CA,0203121020,47,47,70,70,60557.0,0.0,199201.0,11,1999
4122658.0,0.0,5408742.0,5462938.0,5462938.0,199911,CA,0203129010,47,47,70,70,4122658.0,0.0,5408742.0,11,1999
1242706.0,0.0,1668666.0,1690480.0,1690480.0,199911,CA,0203129020,47,47,70,70,1242706.0,0.0,1668666.0,11,1999
62538.0,0.0,130638.0,126679.0,126679.0,199911,CA,0203192010,47,47,70,70,62538.0,0.0,130638.0,11,1999
7030.0,0.0,11605.0,12613.0,12613.0,199911,CA,0203192090,47,47,70,70,7030.0,0.0,11605.0,11,1999
2841556.0,0.0,4723661.0,4764899.0,4764899.0,199911,CA,0203194010,47,47,70,70,2841556.0,0.0,4723661.0,11,1999
7673480.0,0.0,13875447.0,14056812.0,14056812.0,199911,CA,0203194090,47,47,70,70,7673480.0,0.0,13875447.0,11,1999
465424.0,0.0,921451.0,926377.0,926377.0,199911,CA,0203229000,47,47,70,70,465424.0,0.0,921451.0,11,1999
97943.0,0.0,114443.0,114943.0,114943.0,199911,CA,0203292000,47,47,70,70,97943.0,0.0,114443.0,11,1999
3436482.0,0.0,6077003.0,6222880.0,6222880.0,199911,CA,0203294000,47,47,70,70,3436482.0,0.0,6077003.0,11,1999
930941.0,0.0,1527548.0,1550405.0,1550405.0,199912,CA,0203110000,47,47,70,70,930941.0,0.0,1527548.0,12,1999
45037.0,0.0,127471.0,130749.0,130749.0,199912,CA,0203121010,47,47,70,70,45037.0,0.0,127471.0,12,1999
53758.0,0.0,176457.0,178859.0,178859.0,199912,CA,0203121020,47,47,70,70,53758.0,0.0,176457.0,12,1999
4273181.0,0.0,6008713.0,6067356.0,6067356.0,199912,CA,0203129010,47,47,70,70,4273181.0,0.0,6008713.0,12,1999
1655452.0,0.0,2344087.0,2378042.0,2378042.0,199912,CA,0203129020,47,47,70,70,1655452.0,0.0,2344087.0,12,1999
35587.0,0.0,86873.0,87269.0,87269.0,199912,CA,0203192010,47,47,70,70,35587.0,0.0,86873.0,12,1999
30088.0,0.0,64502.0,65325.0,65325.0,199912,CA,0203192090,47,47,70,70,30088.0,0.0,64502.0,12,1999
2914109.0,0.0,5320995.0,5360809.0,5360809.0,199912,CA,0203194010,47,47,70,70,2914109.0,0.0,5320995.0,12,1999
8151819.0,0.0,15442431.0,15640025.0,15640025.0,199912,CA,0203194090,47,47,70,70,8151819.0,0.0,15442431.0,12,1999
492729.0,0.0,1117160.0,1122750.0,1122750.0,199912,CA,0203229000,47,47,70,70,492729.0,0.0,1117160.0,12,1999
65429.0,0.0,163815.0,164570.0,164570.0,199912,CA,0203292000,47,47,70,70,65429.0,0.0,163815.0,12,1999
2704933.0,0.0,5109446.0,5181181.0,5181181.0,199912,CA,0203294000,47,47,70,70,2704933.0,0.0,5109446.0,12,1999
918892.0,0.0,1695342.0,1721925.0,1721925.0,200001,CA,0203110000,47,47,70,70,918892.0,0.0,1695342.0,1,2000
113308.0,0.0,201556.0,204126.0,204126.0,200001,CA,0203121010,47,47,70,70,113308.0,0.0,201556.0,1,2000
53116.0,0.0,177196.0,179380.0,179380.0,200001,CA,0203121020,47,47,70,70,53116.0,0.0,177196.0,1,2000
4395181.0,0.0,5415588.0,5480025.0,5480025.0,200001,CA,0203129010,47,47,70,70,4395181.0,0.0,5415588.0,1,2000
1602190.0,0.0,2045684.0,2077801.0,2077801.0,200001,CA,0203129020,47,47,70,70,1602190.0,0.0,2045684.0,1,2000
60149.0,0.0,163261.0,164940.0,164940.0,200001,CA,0203192010,47,47,70,70,60149.0,0.0,163261.0,1,2000
17836.0,0.0,67232.0,67618.0,67618.0,200001,CA,0203192090,47,47,70,70,17836.0,0.0,67232.0,1,2000
3296990.0,0.0,6396660.0,6469579.0,6469579.0,200001,CA,0203194010,47,47,70,70,3296990.0,0.0,6396660.0,1,2000
7111555.0,0.0,13304637.0,13499415.0,13499415.0,200001,CA,0203194090,47,47,70,70,7111555.0,0.0,13304637.0,1,2000
469818.0,0.0,935308.0,942302.0,942302.0,200001,CA,0203229000,47,47,70,70,469818.0,0.0,935308.0,1,2000
23589.0,0.0,18852.0,18952.0,18952.0,200001,CA,0203292000,47,47,70,70,23589.0,0.0,18852.0,1,2000
3726906.0,0.0,8157137.0,8211859.0,8211859.0,200001,CA,0203294000,47,47,70,70,3726906.0,0.0,8157137.0,1,2000
549930.0,0.0,1317935.0,1335230.0,1335230.0,200002,CA,0203110000,47,47,70,70,549930.0,0.0,1317935.0,2,2000
8664.0,0.0,31977.0,32877.0,32877.0,200002,CA,0203121010,47,47,70,70,8664.0,0.0,31977.0,2,2000
63829.0,0.0,222386.0,224863.0,224863.0,200002,CA,0203121020,47,47,70,70,63829.0,0.0,222386.0,2,2000
4270940.0,0.0,5868304.0,5972399.0,5972399.0,200002,CA,0203129010,47,47,70,70,4270940.0,0.0,5868304.0,2,2000
2276483.0,0.0,3665244.0,3704723.0,3704723.0,200002,CA,0203129020,47,47,70,70,2276483.0,0.0,3665244.0,2,2000
50388.0,0.0,171788.0,172977.0,172977.0,200002,CA,0203192010,47,47,70,70,50388.0,0.0,171788.0,2,2000
75757.0,0.0,173882.0,176141.0,176141.0,200002,CA,0203192090,47,47,70,70,75757.0,0.0,173882.0,2,2000
3094836.0,0.0,6195846.0,6252409.0,6252409.0,200002,CA,0203194010,47,47,70,70,3094836.0,0.0,6195846.0,2,2000
7474179.0,0.0,16112741.0,16260507.0,16260507.0,200002,CA,0203194090,47,47,70,70,7474179.0,0.0,16112741.0,2,2000
23516.0,0.0,53400.0,53600.0,53600.0,200002,CA,0203221000,47,47,70,70,23516.0,0.0,53400.0,2,2000
534114.0,0.0,834535.0,840834.0,840834.0,200002,CA,0203229000,47,47,70,70,534114.0,0.0,834535.0,2,2000
3096527.0,0.0,6165446.0,6255520.0,6255520.0,200002,CA,0203294000,47,47,70,70,3096527.0,0.0,6165446.0,2,2000
424610.0,0.0,958639.0,971512.0,971512.0,200003,CA,0203110000,47,47,70,70,424610.0,0.0,958639.0,3,2000
19431.0,0.0,73314.0,75114.0,75114.0,200003,CA,0203121010,47,47,70,70,19431.0,0.0,73314.0,3,2000
78564.0,0.0,278932.0,282019.0,282019.0,200003,CA,0203121020,47,47,70,70,78564.0,0.0,278932.0,3,2000
4615892.0,0.0,6006398.0,6060454.0,6060454.0,200003,CA,0203129010,47,47,70,70,4615892.0,0.0,6006398.0,3,2000
2562936.0,0.0,4028079.0,4069018.0,4069018.0,200003,CA,0203129020,47,47,70,70,2562936.0,0.0,4028079.0,3,2000
77999.0,0.0,187462.0,157520.0,157520.0,200003,CA,0203192010,47,47,70,70,77999.0,0.0,187462.0,3,2000
40272.0,0.0,71544.0,75478.0,75478.0,200003,CA,0203192090,47,47,70,70,40272.0,0.0,71544.0,3,2000
3169850.0,0.0,7027351.0,7057864.0,7057864.0,200003,CA,0203194010,47,47,70,70,3169850.0,0.0,7027351.0,3,2000
10080664.0,0.0,21863540.0,22218965.0,22218965.0,200003,CA,0203194090,47,47,70,70,10080664.0,0.0,21863540.0,3,2000
646832.0,0.0,1055214.0,1069539.0,1069539.0,200003,CA,0203229000,47,47,70,70,646832.0,0.0,1055214.0,3,2000
3450295.0,0.0,7211554.0,7365068.0,7365068.0,200003,CA,0203294000,47,47,70,70,3450295.0,0.0,7211554.0,3,2000
583048.0,0.0,1124294.0,1142656.0,1142656.0,200004,CA,0203110000,47,47,70,70,583048.0,0.0,1124294.0,4,2000
32256.0,0.0,82564.0,84564.0,84564.0,200004,CA,0203121010,47,47,70,70,32256.0,0.0,82564.0,4,2000
82516.0,0.0,299773.0,302913.0,302913.0,200004,CA,0203121020,47,47,70,70,82516.0,0.0,299773.0,4,2000
3386563.0,0.0,4446653.0,4483947.0,4483947.0,200004,CA,0203129010,47,47,70,70,3386563.0,0.0,4446653.0,4,2000
2594241.0,0.0,4231204.0,4267862.0,4267862.0,200004,CA,0203129020,47,47,70,70,2594241.0,0.0,4231204.0,4,2000
37221.0,0.0,104275.0,104601.0,104601.0,200004,CA,0203192010,47,47,70,70,37221.0,0.0,104275.0,4,2000
6995.0,0.0,10067.0,10174.0,10174.0,200004,CA,0203192090,47,47,70,70,6995.0,0.0,10067.0,4,2000
2572226.0,0.0,6243886.0,6268907.0,6268907.0,200004,CA,0203194010,47,47,70,70,2572226.0,0.0,6243886.0,4,2000
8961544.0,0.0,20281966.0,20520892.0,20520892.0,200004,CA,0203194090,47,47,70,70,8961544.0,0.0,20281966.0,4,2000
539053.0,0.0,985122.0,1009276.0,1009276.0,200004,CA,0203229000,47,47,70,70,539053.0,0.0,985122.0,4,2000
1953.0,0.0,4392.0,4427.0,4427.0,200004,CA,0203292000,47,47,70,70,1953.0,0.0,4392.0,4,2000
3184443.0,0.0,6013521.0,6076612.0,6076612.0,200004,CA,0203294000,47,47,70,70,3184443.0,0.0,6013521.0,4,2000
464837.0,0.0,913019.0,929009.0,929009.0,200005,CA,0203110000,47,47,70,70,464837.0,0.0,913019.0,5,2000
18880.0,0.0,72657.0,73957.0,73957.0,200005,CA,0203121010,47,47,70,70,18880.0,0.0,72657.0,5,2000
81092.0,0.0,295490.0,298815.0,298815.0,200005,CA,0203121020,47,47,70,70,81092.0,0.0,295490.0,5,2000
4000428.0,0.0,5108126.0,5155890.0,5155890.0,200005,CA,0203129010,47,47,70,70,4000428.0,0.0,5108126.0,5,2000
2615389.0,0.0,4364343.0,4404739.0,4404739.0,200005,CA,0203129020,47,47,70,70,2615389.0,0.0,4364343.0,5,2000
175071.0,0.0,544454.0,552533.0,552533.0,200005,CA,0203192010,47,47,70,70,175071.0,0.0,544454.0,5,2000
40973.0,0.0,101969.0,106795.0,106795.0,200005,CA,0203192090,47,47,70,70,40973.0,0.0,101969.0,5,2000
2487882.0,0.0,6480029.0,6502506.0,6502506.0,200005,CA,0203194010,47,47,70,70,2487882.0,0.0,6480029.0,5,2000
9194736.0,0.0,19944091.0,20081841.0,20081841.0,200005,CA,0203194090,47,47,70,70,9194736.0,0.0,19944091.0,5,2000
272840.0,0.0,767005.0,773017.0,773017.0,200005,CA,0203229000,47,47,70,70,272840.0,0.0,767005.0,5,2000
19051.0,0.0,33151.0,33152.0,33152.0,200005,CA,0203292000,47,47,70,70,19051.0,0.0,33151.0,5,2000
3157654.0,0.0,6281459.0,6318335.0,6318335.0,200005,CA,0203294000,47,47,70,70,3157654.0,0.0,6281459.0,5,2000
365428.0,0.0,567060.0,576560.0,576560.0,200006,CA,0203110000,47,47,70,70,365428.0,0.0,567060.0,6,2000
17854.0,0.0,56229.0,57509.0,57509.0,200006,CA,0203121010,47,47,70,70,17854.0,0.0,56229.0,6,2000
98034.0,0.0,336140.0,339122.0,339122.0,200006,CA,0203121020,47,47,70,70,98034.0,0.0,336140.0,6,2000
3249114.0,0.0,4397043.0,4414286.0,4414286.0,200006,CA,0203129010,47,47,70,70,3249114.0,0.0,4397043.0,6,2000
2232665.0,0.0,3946408.0,3986492.0,3986492.0,200006,CA,0203129020,47,47,70,70,2232665.0,0.0,3946408.0,6,2000
280220.0,0.0,744223.0,755464.0,755464.0,200006,CA,0203192010,47,47,70,70,280220.0,0.0,744223.0,6,2000
32757.0,0.0,84497.0,86312.0,86312.0,200006,CA,0203192090,47,47,70,70,32757.0,0.0,84497.0,6,2000
2185578.0,0.0,5580130.0,5602963.0,5602963.0,200006,CA,0203194010,47,47,70,70,2185578.0,0.0,5580130.0,6,2000
9842543.0,0.0,21767983.0,22097649.0,22097649.0,200006,CA,0203194090,47,47,70,70,9842543.0,0.0,21767983.0,6,2000
303991.0,0.0,626368.0,654519.0,654519.0,200006,CA,0203229000,47,47,70,70,303991.0,0.0,626368.0,6,2000
13273.0,0.0,33068.0,36375.0,36375.0,200006,CA,0203292000,47,47,70,70,13273.0,0.0,33068.0,6,2000
2665628.0,0.0,6154310.0,6280009.0,6280009.0,200006,CA,0203294000,47,47,70,70,2665628.0,0.0,6154310.0,6,2000
258857.0,0.0,361910.0,369010.0,369010.0,200007,CA,0203110000,47,47,70,70,258857.0,0.0,361910.0,7,2000
12550.0,0.0,52736.0,54186.0,54186.0,200007,CA,0203121010,47,47,70,70,12550.0,0.0,52736.0,7,2000
108530.0,0.0,371033.0,374312.0,374312.0,200007,CA,0203121020,47,47,70,70,108530.0,0.0,371033.0,7,2000
3030218.0,0.0,4265374.0,4348155.0,4348155.0,200007,CA,0203129010,47,47,70,70,3030218.0,0.0,4265374.0,7,2000
2236897.0,0.0,4196854.0,4240730.0,4240730.0,200007,CA,0203129020,47,47,70,70,2236897.0,0.0,4196854.0,7,2000
186753.0,0.0,437813.0,446697.0,446697.0,200007,CA,0203192010,47,47,70,70,186753.0,0.0,437813.0,7,2000
6995.0,0.0,30304.0,30475.0,30475.0,200007,CA,0203192090,47,47,70,70,6995.0,0.0,30304.0,7,2000
1942113.0,0.0,4653828.0,4672888.0,4672888.0,200007,CA,0203194010,47,47,70,70,1942113.0,0.0,4653828.0,7,2000
9854924.0,0.0,23189149.0,23454961.0,23454961.0,200007,CA,0203194090,47,47,70,70,9854924.0,0.0,23189149.0,7,2000
297942.0,0.0,573910.0,581981.0,581981.0,200007,CA,0203229000,47,47,70,70,297942.0,0.0,573910.0,7,2000
2429376.0,0.0,5189275.0,5255382.0,5255382.0,200007,CA,0203294000,47,47,70,70,2429376.0,0.0,5189275.0,7,2000
193352.0,0.0,255755.0,260805.0,260805.0,200008,CA,0203110000,47,47,70,70,193352.0,0.0,255755.0,8,2000
38440.0,0.0,104122.0,106002.0,106002.0,200008,CA,0203121010,47,47,70,70,38440.0,0.0,104122.0,8,2000
70216.0,0.0,258976.0,262075.0,262075.0,200008,CA,0203121020,47,47,70,70,70216.0,0.0,258976.0,8,2000
3568506.0,0.0,4899831.0,4970843.0,4970843.0,200008,CA,0203129010,47,47,70,70,3568506.0,0.0,4899831.0,8,2000
2543623.0,0.0,4018615.0,4057534.0,4057534.0,200008,CA,0203129020,47,47,70,70,2543623.0,0.0,4018615.0,8,2000
280033.0,0.0,807141.0,820215.0,820215.0,200008,CA,0203192010,47,47,70,70,280033.0,0.0,807141.0,8,2000
26481.0,0.0,46105.0,48188.0,48188.0,200008,CA,0203192090,47,47,70,70,26481.0,0.0,46105.0,8,2000
1947272.0,0.0,4193431.0,4226733.0,4226733.0,200008,CA,0203194010,47,47,70,70,1947272.0,0.0,4193431.0,8,2000
10755024.0,0.0,23409024.0,23688056.0,23688056.0,200008,CA,0203194090,47,47,70,70,10755024.0,0.0,23409024.0,8,2000
276033.0,0.0,382684.0,391497.0,391497.0,200008,CA,0203229000,47,47,70,70,276033.0,0.0,382684.0,8,2000
16763.0,0.0,40598.0,40698.0,104798.0,200008,CA,0203292000,47,47,70,70,32708.0,0.0,102698.0,8,2000
3036659.0,0.0,6461620.0,6523525.0,6523525.0,200008,CA,0203294000,47,47,70,70,3036659.0,0.0,6461620.0,8,2000
195712.0,0.0,256878.0,261528.0,261528.0,200009,CA,0203110000,47,47,70,70,195712.0,0.0,256878.0,9,2000
105294.0,0.0,308354.0,311814.0,311814.0,200009,CA,0203121010,47,47,70,70,105294.0,0.0,308354.0,9,2000
76170.0,0.0,251275.0,254615.0,254615.0,200009,CA,0203121020,47,47,70,70,76170.0,0.0,251275.0,9,2000
3073902.0,0.0,4344968.0,4399642.0,4399642.0,200009,CA,0203129010,47,47,70,70,3073902.0,0.0,4344968.0,9,2000
2448718.0,0.0,3878676.0,3922636.0,3922636.0,200009,CA,0203129020,47,47,70,70,2448718.0,0.0,3878676.0,9,2000
244560.0,0.0,573203.0,587537.0,587537.0,200009,CA,0203192010,47,47,70,70,244560.0,0.0,573203.0,9,2000
21425.0,0.0,30669.0,31089.0,31089.0,200009,CA,0203192090,47,47,70,70,21425.0,0.0,30669.0,9,2000
1968216.0,0.0,3211779.0,3255368.0,3255368.0,200009,CA,0203194010,47,47,70,70,1968216.0,0.0,3211779.0,9,2000
10642300.0,0.0,22834607.0,23105765.0,23105765.0,200009,CA,0203194090,47,47,70,70,10642300.0,0.0,22834607.0,9,2000
514513.0,0.0,724694.0,736671.0,736671.0,200009,CA,0203229000,47,47,70,70,514513.0,0.0,724694.0,9,2000
0.0,0.0,0.0,0.0,57204.0,200009,CA,0203292000,47,47,70,70,15921.0,0.0,54204.0,9,2000
3197848.0,0.0,7044563.0,7131735.0,7131735.0,200009,CA,0203294000,47,47,70,70,3197848.0,0.0,7044563.0,9,2000
197703.0,0.0,261516.0,268266.0,268266.0,200010,CA,0203110000,47,47,70,70,197703.0,0.0,261516.0,10,2000
36918.0,0.0,108164.0,109515.0,109515.0,200010,CA,0203121010,47,47,70,70,36918.0,0.0,108164.0,10,2000
49903.0,0.0,149788.0,152285.0,152285.0,200010,CA,0203121020,47,47,70,70,49903.0,0.0,149788.0,10,2000
4355962.0,0.0,6087766.0,6140540.0,6140540.0,200010,CA,0203129010,47,47,70,70,4355962.0,0.0,6087766.0,10,2000
2973131.0,0.0,4814201.0,4882994.0,4882994.0,200010,CA,0203129020,47,47,70,70,2973131.0,0.0,4814201.0,10,2000
390752.0,0.0,1038146.0,1056940.0,1056940.0,200010,CA,0203192010,47,47,70,70,390752.0,0.0,1038146.0,10,2000
4234.0,0.0,11232.0,11832.0,11832.0,200010,CA,0203192090,47,47,70,70,4234.0,0.0,11232.0,10,2000
1837822.0,0.0,2975323.0,3018311.0,3018311.0,200010,CA,0203194010,47,47,70,70,1837822.0,0.0,2975323.0,10,2000
11935816.0,0.0,26453343.0,26759811.0,26759811.0,200010,CA,0203194090,47,47,70,70,11935816.0,0.0,26453343.0,10,2000
465828.0,0.0,698507.0,706115.0,706115.0,200010,CA,0203229000,47,47,70,70,465828.0,0.0,698507.0,10,2000
17382.0,0.0,41003.0,41253.0,89337.0,200010,CA,0203292000,47,47,70,70,33327.0,0.0,87087.0,10,2000
3001465.0,0.0,6459796.0,6546628.0,6546628.0,200010,CA,0203294000,47,47,70,70,3001465.0,0.0,6459796.0,10,2000
212723.0,0.0,280531.0,286532.0,286532.0,200011,CA,0203110000,47,47,70,70,212723.0,0.0,280531.0,11,2000
22622.0,0.0,81698.0,75554.0,75554.0,200011,CA,0203121010,47,47,70,70,22622.0,0.0,81698.0,11,2000
20284.0,0.0,69865.0,70733.0,70733.0,200011,CA,0203121020,47,47,70,70,20284.0,0.0,69865.0,11,2000
3841956.0,0.0,5084208.0,5173457.0,5173457.0,200011,CA,0203129010,47,47,70,70,3841956.0,0.0,5084208.0,11,2000
2712143.0,0.0,4193391.0,4252811.0,4252811.0,200011,CA,0203129020,47,47,70,70,2712143.0,0.0,4193391.0,11,2000
276030.0,0.0,692561.0,705535.0,705535.0,200011,CA,0203192010,47,47,70,70,276030.0,0.0,692561.0,11,2000
39500.0,0.0,80511.0,84535.0,84535.0,200011,CA,0203192090,47,47,70,70,39500.0,0.0,80511.0,11,2000
2276491.0,0.0,3445504.0,3471753.0,3471753.0,200011,CA,0203194010,47,47,70,70,2276491.0,0.0,3445504.0,11,2000
10718984.0,0.0,22875301.0,23146520.0,23146520.0,200011,CA,0203194090,47,47,70,70,10718984.0,0.0,22875301.0,11,2000
2433.0,0.0,4854.0,4928.0,4928.0,200011,CA,0203221000,47,47,70,70,2433.0,0.0,4854.0,11,2000
550021.0,0.0,898772.0,907864.0,907864.0,200011,CA,0203229000,47,47,70,70,550021.0,0.0,898772.0,11,2000
3228187.0,0.0,7270805.0,7371661.0,7371661.0,200011,CA,0203294000,47,47,70,70,3228187.0,0.0,7270805.0,11,2000
177397.0,0.0,234652.0,239202.0,239202.0,200012,CA,0203110000,47,47,70,70,177397.0,0.0,234652.0,12,2000
140842.0,0.0,304153.0,317215.0,317215.0,200012,CA,0203121010,47,47,70,70,140842.0,0.0,304153.0,12,2000
6824.0,0.0,25643.0,26012.0,26012.0,200012,CA,0203121020,47,47,70,70,6824.0,0.0,25643.0,12,2000
3508033.0,0.0,5312717.0,5386540.0,5386540.0,200012,CA,0203129010,47,47,70,70,3508033.0,0.0,5312717.0,12,2000
3012765.0,0.0,5175080.0,5255312.0,5255312.0,200012,CA,0203129020,47,47,70,70,3012765.0,0.0,5175080.0,12,2000
262782.0,0.0,648849.0,668148.0,668148.0,200012,CA,0203192010,47,47,70,70,262782.0,0.0,648849.0,12,2000
17369.0,0.0,24604.0,24605.0,24605.0,200012,CA,0203192090,47,47,70,70,17369.0,0.0,24604.0,12,2000
2267014.0,0.0,3431302.0,3465202.0,3503869.0,200012,CA,0203194010,47,47,70,70,2275737.0,0.0,3469869.0,12,2000
10059326.0,0.0,22299881.0,22589355.0,22596491.0,200012,CA,0203194090,47,47,70,70,10068552.0,0.0,22306966.0,12,2000
276310.0,0.0,400365.0,407195.0,413993.0,200012,CA,0203229000,47,47,70,70,285098.0,0.0,407114.0,12,2000
4026311.0,0.0,9181008.0,9320861.0,9320861.0,200012,CA,0203294000,47,47,70,70,4026311.0,0.0,9181008.0,12,2000
208847.0,0.0,283226.0,287327.0,287327.0,200101,CA,0203110000,47,47,70,70,208847.0,0.0,283226.0,1,2001
62373.0,0.0,178588.0,181231.0,181231.0,200101,CA,0203121010,47,47,70,70,62373.0,0.0,178588.0,1,2001
2236805.0,0.0,2778894.0,2831671.0,2831671.0,200101,CA,0203129010,47,47,70,70,2236805.0,0.0,2778894.0,1,2001
2634009.0,0.0,4318900.0,4388883.0,4388883.0,200101,CA,0203129020,47,47,70,70,2634009.0,0.0,4318900.0,1,2001
371631.0,0.0,1073103.0,1083564.0,1083564.0,200101,CA,0203192010,47,47,70,70,371631.0,0.0,1073103.0,1,2001
20266.0,0.0,102308.0,102958.0,102958.0,200101,CA,0203192090,47,47,70,70,20266.0,0.0,102308.0,1,2001
1705438.0,0.0,2757594.0,2802255.0,2802255.0,200101,CA,0203194010,47,47,70,70,1705438.0,0.0,2757594.0,1,2001
10994334.0,0.0,23782508.0,24096582.0,24096582.0,200101,CA,0203194090,47,47,70,70,10994334.0,0.0,23782508.0,1,2001
323032.0,0.0,386556.0,396562.0,396562.0,200101,CA,0203229000,47,47,70,70,323032.0,0.0,386556.0,1,2001
35548.0,0.0,184765.0,184901.0,184901.0,200101,CA,0203292000,47,47,70,70,35548.0,0.0,184765.0,1,2001
3491874.0,0.0,8404903.0,8492546.0,8492546.0,200101,CA,0203294000,47,47,70,70,3491874.0,0.0,8404903.0,1,2001
65162.0,0.0,80235.0,81137.0,81137.0,200102,CA,0203110000,47,47,70,70,65162.0,0.0,80235.0,2,2001
15274.0,0.0,59404.0,60205.0,60205.0,200102,CA,0203121010,47,47,70,70,15274.0,0.0,59404.0,2,2001
53366.0,0.0,125339.0,125991.0,125991.0,200102,CA,0203121020,47,47,70,70,53366.0,0.0,125339.0,2,2001
1501053.0,0.0,1921044.0,1948191.0,1948191.0,200102,CA,0203129010,47,47,70,70,1501053.0,0.0,1921044.0,2,2001
2287465.0,0.0,3667732.0,3717823.0,3717823.0,200102,CA,0203129020,47,47,70,70,2287465.0,0.0,3667732.0,2,2001
453512.0,0.0,1551505.0,1566095.0,1566095.0,200102,CA,0203192010,47,47,70,70,453512.0,0.0,1551505.0,2,2001
17664.0,0.0,19475.0,21420.0,21420.0,200102,CA,0203192090,47,47,70,70,17664.0,0.0,19475.0,2,2001
1717947.0,0.0,3190776.0,3229485.0,3229485.0,200102,CA,0203194010,47,47,70,70,1717947.0,0.0,3190776.0,2,2001
9722193.0,0.0,22213398.0,22456209.0,22456209.0,200102,CA,0203194090,47,47,70,70,9722193.0,0.0,22213398.0,2,2001
23616.0,0.0,56230.0,61010.0,61010.0,200102,CA,0203221000,47,47,70,70,23616.0,0.0,56230.0,2,2001
199140.0,0.0,236737.0,243350.0,243350.0,200102,CA,0203229000,47,47,70,70,199140.0,0.0,236737.0,2,2001
141642.0,0.0,651413.0,664658.0,664658.0,200102,CA,0203292000,47,47,70,70,141642.0,0.0,651413.0,2,2001
2874689.0,0.0,6418590.0,6356327.0,6356327.0,200102,CA,0203294000,47,47,70,70,2874689.0,0.0,6418590.0,2,2001
19274.0,0.0,45466.0,45468.0,45468.0,200103,CA,0203110000,47,47,70,70,19274.0,0.0,45466.0,3,2001
134393.0,0.0,267041.0,270064.0,270064.0,200103,CA,0203121010,47,47,70,70,134393.0,0.0,267041.0,3,2001
56815.0,0.0,121481.0,121988.0,121988.0,200103,CA,0203121020,47,47,70,70,56815.0,0.0,121481.0,3,2001
2797411.0,0.0,4086479.0,4119824.0,4119824.0,200103,CA,0203129010,47,47,70,70,2797411.0,0.0,4086479.0,3,2001
2953860.0,0.0,5523618.0,5584165.0,5584165.0,200103,CA,0203129020,47,47,70,70,2953860.0,0.0,5523618.0,3,2001
308786.0,0.0,1195492.0,1209402.0,1209402.0,200103,CA,0203192010,47,47,70,70,308786.0,0.0,1195492.0,3,2001
40995.0,0.0,48387.0,52822.0,52822.0,200103,CA,0203192090,47,47,70,70,40995.0,0.0,48387.0,3,2001
2637199.0,0.0,5092762.0,5130032.0,5130032.0,200103,CA,0203194010,47,47,70,70,2637199.0,0.0,5092762.0,3,2001
11105842.0,0.0,27874818.0,28134567.0,28134567.0,200103,CA,0203194090,47,47,70,70,11105842.0,0.0,27874818.0,3,2001
17435.0,0.0,23832.0,23834.0,23834.0,200103,CA,0203221000,47,47,70,70,17435.0,0.0,23832.0,3,2001
187512.0,0.0,275730.0,279349.0,279349.0,200103,CA,0203229000,47,47,70,70,187512.0,0.0,275730.0,3,2001
19058.0,0.0,247750.0,247751.0,247751.0,200103,CA,0203292000,47,47,70,70,19058.0,0.0,247750.0,3,2001
3428505.0,0.0,9403776.0,9596632.0,9596632.0,200103,CA,0203294000,47,47,70,70,3428505.0,0.0,9403776.0,3,2001
107037.0,0.0,186020.0,186245.0,186245.0,200104,CA,0203110000,47,47,70,70,107037.0,0.0,186020.0,4,2001
73642.0,0.0,177239.0,180545.0,180545.0,200104,CA,0203121010,47,47,70,70,73642.0,0.0,177239.0,4,2001
163437.0,0.0,324363.0,326918.0,326918.0,200104,CA,0203121020,47,47,70,70,163437.0,0.0,324363.0,4,2001
983053.0,0.0,1476506.0,1494806.0,1494806.0,200104,CA,0203129010,47,47,70,70,983053.0,0.0,1476506.0,4,2001
2194416.0,0.0,4253790.0,4295773.0,4295773.0,200104,CA,0203129020,47,47,70,70,2194416.0,0.0,4253790.0,4,2001
410232.0,0.0,1515678.0,1531888.0,1531888.0,200104,CA,0203192010,47,47,70,70,410232.0,0.0,1515678.0,4,2001
47060.0,0.0,201057.0,203250.0,203250.0,200104,CA,0203192090,47,47,70,70,47060.0,0.0,201057.0,4,2001
1689315.0,0.0,3993633.0,4022537.0,4022537.0,200104,CA,0203194010,47,47,70,70,1689315.0,0.0,3993633.0,4,2001
9478288.0,0.0,23866823.0,24074637.0,24074637.0,200104,CA,0203194090,47,47,70,70,9478288.0,0.0,23866823.0,4,2001
203404.0,0.0,358466.0,364235.0,364235.0,200104,CA,0203229000,47,47,70,70,203404.0,0.0,358466.0,4,2001
18933.0,0.0,147674.0,170932.0,170932.0,200104,CA,0203292000,47,47,70,70,18933.0,0.0,147674.0,4,2001
2908759.0,0.0,8262015.0,8316667.0,8316667.0,200104,CA,0203294000,47,47,70,70,2908759.0,0.0,8262015.0,4,2001
234357.0,0.0,403198.0,403580.0,403580.0,200105,CA,0203110000,47,47,70,70,234357.0,0.0,403198.0,5,2001
84143.0,0.0,205213.0,207177.0,207177.0,200105,CA,0203121010,47,47,70,70,84143.0,0.0,205213.0,5,2001
203456.0,0.0,451649.0,454988.0,454988.0,200105,CA,0203121020,47,47,70,70,203456.0,0.0,451649.0,5,2001
999257.0,0.0,1758474.0,1785792.0,1785792.0,200105,CA,0203129010,47,47,70,70,999257.0,0.0,1758474.0,5,2001
2760001.0,0.0,5377269.0,5420761.0,5420761.0,200105,CA,0203129020,47,47,70,70,2760001.0,0.0,5377269.0,5,2001
398111.0,0.0,1561663.0,1578378.0,1578378.0,200105,CA,0203192010,47,47,70,70,398111.0,0.0,1561663.0,5,2001
148796.0,0.0,329483.0,335348.0,335348.0,200105,CA,0203192090,47,47,70,70,148796.0,0.0,329483.0,5,2001
2038781.0,0.0,4247249.0,4276903.0,4276903.0,200105,CA,0203194010,47,47,70,70,2038781.0,0.0,4247249.0,5,2001
11034804.0,0.0,27919302.0,28186838.0,28186838.0,200105,CA,0203194090,47,47,70,70,11034804.0,0.0,27919302.0,5,2001
228543.0,0.0,382377.0,390720.0,390720.0,200105,CA,0203229000,47,47,70,70,228543.0,0.0,382377.0,5,2001
41598.0,0.0,399103.0,403555.0,403555.0,200105,CA,0203292000,47,47,70,70,41598.0,0.0,399103.0,5,2001
3238220.0,0.0,8587204.0,8635355.0,8635355.0,200105,CA,0203294000,47,47,70,70,3238220.0,0.0,8587204.0,5,2001
198880.0,0.0,516488.0,517032.0,517032.0,200106,CA,0203110000,47,47,70,70,198880.0,0.0,516488.0,6,2001
17120.0,0.0,73647.0,74747.0,74747.0,200106,CA,0203121010,47,47,70,70,17120.0,0.0,73647.0,6,2001
19051.0,0.0,55440.0,55540.0,55540.0,200106,CA,0203121020,47,47,70,70,19051.0,0.0,55440.0,6,2001
2232265.0,0.0,3424928.0,3448700.0,3448700.0,200106,CA,0203129010,47,47,70,70,2232265.0,0.0,3424928.0,6,2001
3148148.0,0.0,6740920.0,6793708.0,6793708.0,200106,CA,0203129020,47,47,70,70,3148148.0,0.0,6740920.0,6,2001
441378.0,0.0,1647138.0,1659758.0,1659758.0,200106,CA,0203192010,47,47,70,70,441378.0,0.0,1647138.0,6,2001
52826.0,0.0,82004.0,89336.0,89336.0,200106,CA,0203192090,47,47,70,70,52826.0,0.0,82004.0,6,2001
1782491.0,0.0,4034394.0,4056181.0,4056181.0,200106,CA,0203194010,47,47,70,70,1782491.0,0.0,4034394.0,6,2001
10878621.0,0.0,27121017.0,27376562.0,27376562.0,200106,CA,0203194090,47,47,70,70,10878621.0,0.0,27121017.0,6,2001
290471.0,0.0,586032.0,596099.0,596099.0,200106,CA,0203229000,47,47,70,70,290471.0,0.0,586032.0,6,2001
36192.0,0.0,189771.0,190171.0,190171.0,200106,CA,0203292000,47,47,70,70,36192.0,0.0,189771.0,6,2001
2745179.0,0.0,7258447.0,7333993.0,7333993.0,200106,CA,0203294000,47,47,70,70,2745179.0,0.0,7258447.0,6,2001
162781.0,0.0,372166.0,372570.0,372570.0,200107,CA,0203110000,47,47,70,70,162781.0,0.0,372166.0,7,2001
43661.0,0.0,117806.0,119936.0,119936.0,200107,CA,0203121010,47,47,70,70,43661.0,0.0,117806.0,7,2001
3651026.0,0.0,5588750.0,5611677.0,5611677.0,200107,CA,0203129010,47,47,70,70,3651026.0,0.0,5588750.0,7,2001
3117620.0,0.0,5953897.0,5996776.0,5996776.0,200107,CA,0203129020,47,47,70,70,3117620.0,0.0,5953897.0,7,2001
496721.0,0.0,1678899.0,1696779.0,1696779.0,200107,CA,0203192010,47,47,70,70,496721.0,0.0,1678899.0,7,2001
142250.0,0.0,271971.0,282602.0,282602.0,200107,CA,0203192090,47,47,70,70,142250.0,0.0,271971.0,7,2001
2067382.0,0.0,5432858.0,5455863.0,5455863.0,200107,CA,0203194010,47,47,70,70,2067382.0,0.0,5432858.0,7,2001
10811415.0,0.0,26703724.0,26944757.0,26944757.0,200107,CA,0203194090,47,47,70,70,10811415.0,0.0,26703724.0,7,2001
293704.0,0.0,602034.0,581565.0,581565.0,200107,CA,0203229000,47,47,70,70,293704.0,0.0,602034.0,7,2001
72970.0,0.0,231728.0,232482.0,232482.0,200107,CA,0203292000,47,47,70,70,72970.0,0.0,231728.0,7,2001
3549609.0,0.0,8966988.0,8966244.0,8966244.0,200107,CA,0203294000,47,47,70,70,3549609.0,0.0,8966988.0,7,2001
170978.0,0.0,332423.0,332740.0,332740.0,200108,CA,0203110000,47,47,70,70,170978.0,0.0,332423.0,8,2001
136002.0,0.0,280074.0,284611.0,284611.0,200108,CA,0203121010,47,47,70,70,136002.0,0.0,280074.0,8,2001
4815225.0,0.0,7713704.0,7763486.0,7763486.0,200108,CA,0203129010,47,47,70,70,4815225.0,0.0,7713704.0,8,2001
3622548.0,0.0,6758385.0,6820212.0,6820212.0,200108,CA,0203129020,47,47,70,70,3622548.0,0.0,6758385.0,8,2001
487762.0,0.0,1729105.0,1749751.0,1749751.0,200108,CA,0203192010,47,47,70,70,487762.0,0.0,1729105.0,8,2001
83823.0,0.0,144823.0,147933.0,147933.0,200108,CA,0203192090,47,47,70,70,83823.0,0.0,144823.0,8,2001
2584150.0,0.0,6603982.0,6638767.0,6638767.0,200108,CA,0203194010,47,47,70,70,2584150.0,0.0,6603982.0,8,2001
12599308.0,0.0,30957339.0,31255033.0,31255033.0,200108,CA,0203194090,47,47,70,70,12599308.0,0.0,30957339.0,8,2001
38923.0,0.0,236941.0,248692.0,248692.0,200108,CA,0203210000,47,47,70,70,38923.0,0.0,236941.0,8,2001
467096.0,0.0,948102.0,985180.0,985180.0,200108,CA,0203229000,47,47,70,70,467096.0,0.0,948102.0,8,2001
17761.0,0.0,11159.0,11234.0,11234.0,200108,CA,0203292000,47,47,70,70,17761.0,0.0,11159.0,8,2001
3999214.0,0.0,9679010.0,9752869.0,9752869.0,200108,CA,0203294000,47,47,70,70,3999214.0,0.0,9679010.0,8,2001
129297.0,0.0,216219.0,216464.0,216464.0,200109,CA,0203110000,47,47,70,70,129297.0,0.0,216219.0,9,2001
178345.0,0.0,447366.0,432636.0,432636.0,200109,CA,0203121010,47,47,70,70,178345.0,0.0,447366.0,9,2001
5013243.0,0.0,8072820.0,8153122.0,8153122.0,200109,CA,0203129010,47,47,70,70,5013243.0,0.0,8072820.0,9,2001
2750069.0,0.0,4489039.0,4537887.0,4537887.0,200109,CA,0203129020,47,47,70,70,2750069.0,0.0,4489039.0,9,2001
501092.0,0.0,1518748.0,1539889.0,1539889.0,200109,CA,0203192010,47,47,70,70,501092.0,0.0,1518748.0,9,2001
115668.0,0.0,289710.0,291233.0,291233.0,200109,CA,0203192090,47,47,70,70,115668.0,0.0,289710.0,9,2001
2332266.0,0.0,5362382.0,5385046.0,5385046.0,200109,CA,0203194010,47,47,70,70,2332266.0,0.0,5362382.0,9,2001
11710140.0,0.0,28029451.0,28257773.0,28257773.0,200109,CA,0203194090,47,47,70,70,11710140.0,0.0,28029451.0,9,2001
344560.0,0.0,484543.0,490150.0,490150.0,200109,CA,0203229000,47,47,70,70,344560.0,0.0,484543.0,9,2001
3296127.0,0.0,8440229.0,8374430.0,8374430.0,200109,CA,0203294000,47,47,70,70,3296127.0,0.0,8440229.0,9,2001
161768.0,0.0,264828.0,265598.0,265598.0,200110,CA,0203110000,47,47,70,70,161768.0,0.0,264828.0,10,2001
227391.0,0.0,446493.0,472997.0,472997.0,200110,CA,0203121010,47,47,70,70,227391.0,0.0,446493.0,10,2001
7054517.0,0.0,11126311.0,11205486.0,11205486.0,200110,CA,0203129010,47,47,70,70,7054517.0,0.0,11126311.0,10,2001
2457322.0,0.0,3711854.0,3751588.0,3751588.0,200110,CA,0203129020,47,47,70,70,2457322.0,0.0,3711854.0,10,2001
503278.0,0.0,1425753.0,1448028.0,1448028.0,200110,CA,0203192010,47,47,70,70,503278.0,0.0,1425753.0,10,2001
57010.0,0.0,95311.0,99938.0,99938.0,200110,CA,0203192090,47,47,70,70,57010.0,0.0,95311.0,10,2001
2783799.0,0.0,5230398.0,5254592.0,5254592.0,200110,CA,0203194010,47,47,70,70,2783799.0,0.0,5230398.0,10,2001
13727936.0,0.0,30437760.0,30834059.0,30834059.0,200110,CA,0203194090,47,47,70,70,13727936.0,0.0,30437760.0,10,2001
17402.0,0.0,27546.0,27548.0,27548.0,200110,CA,0203221000,47,47,70,70,17402.0,0.0,27546.0,10,2001
633800.0,0.0,1068803.0,1079121.0,1079121.0,200110,CA,0203229000,47,47,70,70,633800.0,0.0,1068803.0,10,2001
48630.0,0.0,115225.0,115431.0,115431.0,200110,CA,0203292000,47,47,70,70,48630.0,0.0,115225.0,10,2001
4328765.0,0.0,10531962.0,10762470.0,10762470.0,200110,CA,0203294000,47,47,70,70,4328765.0,0.0,10531962.0,10,2001
126999.0,0.0,166013.0,166258.0,166258.0,200111,CA,0203110000,47,47,70,70,126999.0,0.0,166013.0,11,2001
514742.0,0.0,838101.0,853111.0,853111.0,200111,CA,0203121010,47,47,70,70,514742.0,0.0,838101.0,11,2001
6327724.0,0.0,9687400.0,9751176.0,9751176.0,200111,CA,0203129010,47,47,70,70,6327724.0,0.0,9687400.0,11,2001
2110301.0,0.0,2899323.0,2942000.0,2942000.0,200111,CA,0203129020,47,47,70,70,2110301.0,0.0,2899323.0,11,2001
586953.0,0.0,1629953.0,1652096.0,1652096.0,200111,CA,0203192010,47,47,70,70,586953.0,0.0,1629953.0,11,2001
55474.0,0.0,132336.0,134809.0,134809.0,200111,CA,0203192090,47,47,70,70,55474.0,0.0,132336.0,11,2001
2044644.0,0.0,3622479.0,3640177.0,3640177.0,200111,CA,0203194010,47,47,70,70,2044644.0,0.0,3622479.0,11,2001
10283965.0,0.0,22014749.0,22280886.0,22280886.0,200111,CA,0203194090,47,47,70,70,10283965.0,0.0,22014749.0,11,2001
637446.0,0.0,1002896.0,1015698.0,1015698.0,200111,CA,0203229000,47,47,70,70,637446.0,0.0,1002896.0,11,2001
18140.0,0.0,21995.0,22195.0,22195.0,200111,CA,0203292000,47,47,70,70,18140.0,0.0,21995.0,11,2001
3497794.0,0.0,7976629.0,8045134.0,8045134.0,200111,CA,0203294000,47,47,70,70,3497794.0,0.0,7976629.0,11,2001
90591.0,0.0,113815.0,113980.0,113980.0,200112,CA,0203110000,47,47,70,70,90591.0,0.0,113815.0,12,2001
85772.0,0.0,152249.0,156019.0,156019.0,200112,CA,0203121010,47,47,70,70,85772.0,0.0,152249.0,12,2001
3631928.0,0.0,5124790.0,5166478.0,5166478.0,200112,CA,0203129010,47,47,70,70,3631928.0,0.0,5124790.0,12,2001
2130635.0,0.0,3308543.0,3351346.0,3351346.0,200112,CA,0203129020,47,47,70,70,2130635.0,0.0,3308543.0,12,2001
541350.0,0.0,1466100.0,1485064.0,1485064.0,200112,CA,0203192010,47,47,70,70,541350.0,0.0,1466100.0,12,2001
823.0,0.0,5863.0,6063.0,6063.0,200112,CA,0203192090,47,47,70,70,823.0,0.0,5863.0,12,2001
1502785.0,0.0,2870949.0,2889475.0,2889475.0,200112,CA,0203194010,47,47,70,70,1502785.0,0.0,2870949.0,12,2001
9467523.0,0.0,19861932.0,20102375.0,20102375.0,200112,CA,0203194090,47,47,70,70,9467523.0,0.0,19861932.0,12,2001
1995.0,0.0,4349.0,4734.0,4734.0,200112,CA,0203221000,47,47,70,70,1995.0,0.0,4349.0,12,2001
180836.0,0.0,236149.0,242015.0,242015.0,200112,CA,0203229000,47,47,70,70,180836.0,0.0,236149.0,12,2001
31466.0,0.0,97737.0,98562.0,98562.0,200112,CA,0203292000,47,47,70,70,31466.0,0.0,97737.0,12,2001
2578335.0,0.0,5880732.0,5923223.0,5923223.0,200112,CA,0203294000,47,47,70,70,2578335.0,0.0,5880732.0,12,2001
239398.0,0.0,479015.0,479604.0,479604.0,200201,CA,0203110000,47,47,70,70,239398.0,0.0,479015.0,1,2002
51655.0,0.0,75623.0,77312.0,77312.0,200201,CA,0203121010,47,47,70,70,51655.0,0.0,75623.0,1,2002
24908.0,0.0,38886.0,39140.0,39140.0,200201,CA,0203121020,47,47,70,70,24908.0,0.0,38886.0,1,2002
2804073.0,0.0,3820816.0,3860455.0,3860455.0,200201,CA,0203129010,47,47,70,70,2804073.0,0.0,3820816.0,1,2002
2028612.0,0.0,3037355.0,3072996.0,3072996.0,200201,CA,0203129020,47,47,70,70,2028612.0,0.0,3037355.0,1,2002
616604.0,0.0,1733891.0,1756030.0,1756030.0,200201,CA,0203192010,47,47,70,70,616604.0,0.0,1733891.0,1,2002
38583.0,0.0,71312.0,71887.0,71887.0,200201,CA,0203192090,47,47,70,70,38583.0,0.0,71312.0,1,2002
2371652.0,0.0,4699532.0,4728836.0,4728836.0,200201,CA,0203194010,47,47,70,70,2371652.0,0.0,4699532.0,1,2002
10734481.0,0.0,22038289.0,22314596.0,22314596.0,200201,CA,0203194090,47,47,70,70,10734481.0,0.0,22038289.0,1,2002
61271.0,0.0,79981.0,82769.0,82769.0,200201,CA,0203229000,47,47,70,70,61271.0,0.0,79981.0,1,2002
4391828.0,0.0,10034307.0,10097738.0,10097738.0,200201,CA,0203294000,47,47,70,70,4391828.0,0.0,10034307.0,1,2002
143681.0,0.0,430353.0,430858.0,430858.0,200202,CA,0203110000,47,47,70,70,143681.0,0.0,430353.0,2,2002
23738.0,0.0,82659.0,84059.0,84059.0,200202,CA,0203121010,47,47,70,70,23738.0,0.0,82659.0,2,2002
4675458.0,0.0,6248024.0,6300584.0,6300584.0,200202,CA,0203129010,47,47,70,70,4675458.0,0.0,6248024.0,2,2002
1751120.0,0.0,2693168.0,2731482.0,2731482.0,200202,CA,0203129020,47,47,70,70,1751120.0,0.0,2693168.0,2,2002
561423.0,0.0,1680684.0,1699086.0,1699086.0,200202,CA,0203192010,47,47,70,70,561423.0,0.0,1680684.0,2,2002
39434.0,0.0,31971.0,34205.0,34205.0,200202,CA,0203192090,47,47,70,70,39434.0,0.0,31971.0,2,2002
2394048.0,0.0,4730266.0,4753089.0,4753089.0,200202,CA,0203194010,47,47,70,70,2394048.0,0.0,4730266.0,2,2002
10562035.0,0.0,21657415.0,21923476.0,21923476.0,200202,CA,0203194090,47,47,70,70,10562035.0,0.0,21657415.0,2,2002
18255.0,0.0,27366.0,27391.0,27391.0,200202,CA,0203210000,47,47,70,70,18255.0,0.0,27366.0,2,2002
222675.0,0.0,375293.0,380627.0,380627.0,200202,CA,0203229000,47,47,70,70,222675.0,0.0,375293.0,2,2002
19324.0,0.0,53307.0,53787.0,53787.0,200202,CA,0203292000,47,47,70,70,19324.0,0.0,53307.0,2,2002
3715361.0,0.0,8894976.0,8959327.0,8959327.0,200202,CA,0203294000,47,47,70,70,3715361.0,0.0,8894976.0,2,2002
145197.0,0.0,233274.0,233554.0,233554.0,200203,CA,0203110000,47,47,70,70,145197.0,0.0,233274.0,3,2002
21321.0,0.0,76603.0,78078.0,78078.0,200203,CA,0203121010,47,47,70,70,21321.0,0.0,76603.0,3,2002
18460.0,0.0,40697.0,40732.0,40732.0,200203,CA,0203121020,47,47,70,70,18460.0,0.0,40697.0,3,2002
3638451.0,0.0,4738383.0,4782602.0,4782602.0,200203,CA,0203129010,47,47,70,70,3638451.0,0.0,4738383.0,3,2002
1778196.0,0.0,2842657.0,2879474.0,2879474.0,200203,CA,0203129020,47,47,70,70,1778196.0,0.0,2842657.0,3,2002
491004.0,0.0,1366709.0,1385912.0,1385912.0,200203,CA,0203192010,47,47,70,70,491004.0,0.0,1366709.0,3,2002
46106.0,0.0,51812.0,56716.0,56716.0,200203,CA,0203192090,47,47,70,70,46106.0,0.0,51812.0,3,2002
2502065.0,0.0,4593230.0,4618671.0,4618671.0,200203,CA,0203194010,47,47,70,70,2502065.0,0.0,4593230.0,3,2002
11037419.0,0.0,22255043.0,22534404.0,22534404.0,200203,CA,0203194090,47,47,70,70,11037419.0,0.0,22255043.0,3,2002
124490.0,0.0,169171.0,172291.0,172291.0,200203,CA,0203229000,47,47,70,70,124490.0,0.0,169171.0,3,2002
13436.0,0.0,84535.0,84585.0,84585.0,200203,CA,0203292000,47,47,70,70,13436.0,0.0,84535.0,3,2002
3956625.0,0.0,8600382.0,8667439.0,8667439.0,200203,CA,0203294000,47,47,70,70,3956625.0,0.0,8600382.0,3,2002
124396.0,0.0,235796.0,236096.0,236096.0,200204,CA,0203110000,47,47,70,70,124396.0,0.0,235796.0,4,2002
25685.0,0.0,116574.0,117424.0,117424.0,200204,CA,0203121010,47,47,70,70,25685.0,0.0,116574.0,4,2002
15192.0,0.0,32488.0,34063.0,34063.0,200204,CA,0203121020,47,47,70,70,15192.0,0.0,32488.0,4,2002
4215339.0,0.0,4298097.0,4348653.0,4348653.0,200204,CA,0203129010,47,47,70,70,4215339.0,0.0,4298097.0,4,2002
1912223.0,0.0,2895184.0,2930764.0,2930764.0,200204,CA,0203129020,47,47,70,70,1912223.0,0.0,2895184.0,4,2002
683602.0,0.0,1808387.0,1832275.0,1832275.0,200204,CA,0203192010,47,47,70,70,683602.0,0.0,1808387.0,4,2002
151461.0,0.0,237036.0,243818.0,243818.0,200204,CA,0203192090,47,47,70,70,151461.0,0.0,237036.0,4,2002
3125294.0,0.0,5546726.0,5580483.0,5580483.0,200204,CA,0203194010,47,47,70,70,3125294.0,0.0,5546726.0,4,2002
11444610.0,0.0,20316221.0,20610099.0,20610099.0,200204,CA,0203194090,47,47,70,70,11444610.0,0.0,20316221.0,4,2002
318295.0,0.0,541857.0,545699.0,545699.0,200204,CA,0203229000,47,47,70,70,318295.0,0.0,541857.0,4,2002
4148817.0,0.0,8806504.0,8879367.0,8879367.0,200204,CA,0203294000,47,47,70,70,4148817.0,0.0,8806504.0,4,2002
253506.0,0.0,406050.0,410610.0,410610.0,200205,CA,0203110000,47,47,70,70,253506.0,0.0,406050.0,5,2002
36669.0,0.0,77758.0,78652.0,78652.0,200205,CA,0203121010,47,47,70,70,36669.0,0.0,77758.0,5,2002
35210.0,0.0,71716.0,71952.0,71952.0,200205,CA,0203121020,47,47,70,70,35210.0,0.0,71716.0,5,2002
3888740.0,0.0,3666354.0,3699198.0,3699198.0,200205,CA,0203129010,47,47,70,70,3888740.0,0.0,3666354.0,5,2002
2372757.0,0.0,3666488.0,3687212.0,3687212.0,200205,CA,0203129020,47,47,70,70,2372757.0,0.0,3666488.0,5,2002
517974.0,0.0,1451174.0,1472943.0,1472943.0,200205,CA,0203192010,47,47,70,70,517974.0,0.0,1451174.0,5,2002
143398.0,0.0,259477.0,272112.0,272112.0,200205,CA,0203192090,47,47,70,70,143398.0,0.0,259477.0,5,2002
2258102.0,0.0,4102011.0,4127610.0,4127610.0,200205,CA,0203194010,47,47,70,70,2258102.0,0.0,4102011.0,5,2002
12213286.0,0.0,22845504.0,23136139.0,23136139.0,200205,CA,0203194090,47,47,70,70,12213286.0,0.0,22845504.0,5,2002
2682.0,0.0,8573.0,8590.0,8590.0,200205,CA,0203210000,47,47,70,70,2682.0,0.0,8573.0,5,2002
288023.0,0.0,497658.0,499333.0,499333.0,200205,CA,0203229000,47,47,70,70,288023.0,0.0,497658.0,5,2002
3266617.0,0.0,7062024.0,7116018.0,7116018.0,200205,CA,0203294000,47,47,70,70,3266617.0,0.0,7062024.0,5,2002
326503.0,0.0,418952.0,429113.0,429113.0,200206,CA,0203110000,47,47,70,70,326503.0,0.0,418952.0,6,2002
24488.0,0.0,61474.0,62900.0,62900.0,200206,CA,0203121010,47,47,70,70,24488.0,0.0,61474.0,6,2002
19780.0,0.0,34987.0,35088.0,35088.0,200206,CA,0203121020,47,47,70,70,19780.0,0.0,34987.0,6,2002
3784146.0,0.0,3411829.0,3441963.0,3441963.0,200206,CA,0203129010,47,47,70,70,3784146.0,0.0,3411829.0,6,2002
2516232.0,0.0,3761722.0,3817857.0,3817857.0,200206,CA,0203129020,47,47,70,70,2516232.0,0.0,3761722.0,6,2002
566676.0,0.0,1574969.0,1597513.0,1597513.0,200206,CA,0203192010,47,47,70,70,566676.0,0.0,1574969.0,6,2002
108552.0,0.0,151595.0,163439.0,163439.0,200206,CA,0203192090,47,47,70,70,108552.0,0.0,151595.0,6,2002
2377721.0,0.0,4287835.0,4318523.0,4318523.0,200206,CA,0203194010,47,47,70,70,2377721.0,0.0,4287835.0,6,2002
13015852.0,0.0,24082572.0,24385736.0,24385736.0,200206,CA,0203194090,47,47,70,70,13015852.0,0.0,24082572.0,6,2002
24265.0,0.0,32098.0,32348.0,32348.0,200206,CA,0203221000,47,47,70,70,24265.0,0.0,32098.0,6,2002
265470.0,0.0,413367.0,417669.0,417669.0,200206,CA,0203229000,47,47,70,70,265470.0,0.0,413367.0,6,2002
31860.0,0.0,55027.0,55227.0,55227.0,200206,CA,0203292000,47,47,70,70,31860.0,0.0,55027.0,6,2002
2761273.0,0.0,5693570.0,5744412.0,5744412.0,200206,CA,0203294000,47,47,70,70,2761273.0,0.0,5693570.0,6,2002
189208.0,0.0,276736.0,284336.0,284336.0,200207,CA,0203110000,47,47,70,70,189208.0,0.0,276736.0,7,2002
30459.0,0.0,84296.0,87610.0,87610.0,200207,CA,0203121010,47,47,70,70,30459.0,0.0,84296.0,7,2002
3804782.0,0.0,3337579.0,3368746.0,3368746.0,200207,CA,0203129010,47,47,70,70,3804782.0,0.0,3337579.0,7,2002
2974648.0,0.0,4734633.0,4773367.0,4773367.0,200207,CA,0203129020,47,47,70,70,2974648.0,0.0,4734633.0,7,2002
668322.0,0.0,1583374.0,1603212.0,1603212.0,200207,CA,0203192010,47,47,70,70,668322.0,0.0,1583374.0,7,2002
45336.0,0.0,145967.0,146594.0,146594.0,200207,CA,0203192090,47,47,70,70,45336.0,0.0,145967.0,7,2002
3075033.0,0.0,6697742.0,6741714.0,6741714.0,200207,CA,0203194010,47,47,70,70,3075033.0,0.0,6697742.0,7,2002
14362195.0,0.0,28523729.0,28832805.0,28832805.0,200207,CA,0203194090,47,47,70,70,14362195.0,0.0,28523729.0,7,2002
24057.0,0.0,55690.0,55940.0,55940.0,200207,CA,0203221000,47,47,70,70,24057.0,0.0,55690.0,7,2002
424054.0,0.0,686082.0,690055.0,690055.0,200207,CA,0203229000,47,47,70,70,424054.0,0.0,686082.0,7,2002
3256153.0,0.0,6421760.0,6489567.0,6489567.0,200207,CA,0203294000,47,47,70,70,3256153.0,0.0,6421760.0,7,2002
208098.0,0.0,269821.0,277821.0,277821.0,200208,CA,0203110000,47,47,70,70,208098.0,0.0,269821.0,8,2002
31618.0,0.0,75829.0,80179.0,80179.0,200208,CA,0203121010,47,47,70,70,31618.0,0.0,75829.0,8,2002
2625.0,0.0,10276.0,10327.0,10327.0,200208,CA,0203121020,47,47,70,70,2625.0,0.0,10276.0,8,2002
4283159.0,0.0,4023698.0,4075850.0,4075850.0,200208,CA,0203129010,47,47,70,70,4283159.0,0.0,4023698.0,8,2002
3137803.0,0.0,4681501.0,4733219.0,4733219.0,200208,CA,0203129020,47,47,70,70,3137803.0,0.0,4681501.0,8,2002
633247.0,0.0,1396833.0,1421015.0,1421015.0,200208,CA,0203192010,47,47,70,70,633247.0,0.0,1396833.0,8,2002
12551.0,0.0,41539.0,41884.0,41884.0,200208,CA,0203192090,47,47,70,70,12551.0,0.0,41539.0,8,2002
2816627.0,0.0,5809745.0,5841188.0,5841188.0,200208,CA,0203194010,47,47,70,70,2816627.0,0.0,5809745.0,8,2002
13915429.0,0.0,26089250.0,26381537.0,26381537.0,200208,CA,0203194090,47,47,70,70,13915429.0,0.0,26089250.0,8,2002
669507.0,0.0,1390912.0,1406335.0,1406335.0,200208,CA,0203229000,47,47,70,70,669507.0,0.0,1390912.0,8,2002
3887599.0,0.0,7767527.0,7823113.0,7823113.0,200208,CA,0203294000,47,47,70,70,3887599.0,0.0,7767527.0,8,2002
246916.0,0.0,266596.0,275146.0,275146.0,200209,CA,0203110000,47,47,70,70,246916.0,0.0,266596.0,9,2002
29855.0,0.0,60965.0,61263.0,61263.0,200209,CA,0203121010,47,47,70,70,29855.0,0.0,60965.0,9,2002
1981.0,0.0,4648.0,4661.0,4661.0,200209,CA,0203121020,47,47,70,70,1981.0,0.0,4648.0,9,2002
4381958.0,0.0,3694362.0,3743016.0,3743016.0,200209,CA,0203129010,47,47,70,70,4381958.0,0.0,3694362.0,9,2002
2158272.0,0.0,2483591.0,2532457.0,2532457.0,200209,CA,0203129020,47,47,70,70,2158272.0,0.0,2483591.0,9,2002
568901.0,0.0,1360305.0,1381299.0,1381299.0,200209,CA,0203192010,47,47,70,70,568901.0,0.0,1360305.0,9,2002
47886.0,0.0,56490.0,57173.0,57173.0,200209,CA,0203192090,47,47,70,70,47886.0,0.0,56490.0,9,2002
2791947.0,0.0,5170596.0,5201666.0,5201666.0,200209,CA,0203194010,47,47,70,70,2791947.0,0.0,5170596.0,9,2002
13016146.0,0.0,21364740.0,21670950.0,21670950.0,200209,CA,0203194090,47,47,70,70,13016146.0,0.0,21364740.0,9,2002
541178.0,0.0,848855.0,864268.0,864268.0,200209,CA,0203229000,47,47,70,70,541178.0,0.0,848855.0,9,2002
29523.0,0.0,35023.0,35558.0,35558.0,200209,CA,0203292000,47,47,70,70,29523.0,0.0,35023.0,9,2002
3472449.0,0.0,6675641.0,6764702.0,6764702.0,200209,CA,0203294000,47,47,70,70,3472449.0,0.0,6675641.0,9,2002
265990.0,0.0,309434.0,319634.0,319634.0,200210,CA,0203110000,47,47,70,70,265990.0,0.0,309434.0,10,2002
4024.0,0.0,12338.0,13538.0,13538.0,200210,CA,0203121010,47,47,70,70,4024.0,0.0,12338.0,10,2002
1479.0,0.0,3408.0,3418.0,3418.0,200210,CA,0203121020,47,47,70,70,1479.0,0.0,3408.0,10,2002
5120661.0,0.0,5574231.0,5615325.0,5615325.0,200210,CA,0203129010,47,47,70,70,5120661.0,0.0,5574231.0,10,2002
2403378.0,0.0,2871923.0,2907650.0,2907650.0,200210,CA,0203129020,47,47,70,70,2403378.0,0.0,2871923.0,10,2002
350337.0,0.0,769345.0,788558.0,788558.0,200210,CA,0203192010,47,47,70,70,350337.0,0.0,769345.0,10,2002
3018.0,0.0,5772.0,6120.0,6120.0,200210,CA,0203192090,47,47,70,70,3018.0,0.0,5772.0,10,2002
3502280.0,0.0,7296160.0,7337094.0,7337094.0,200210,CA,0203194010,47,47,70,70,3502280.0,0.0,7296160.0,10,2002
14758887.0,0.0,26465283.0,26807938.0,26807938.0,200210,CA,0203194090,47,47,70,70,14758887.0,0.0,26465283.0,10,2002
828787.0,0.0,1825977.0,1861328.0,1861328.0,200210,CA,0203229000,47,47,70,70,828787.0,0.0,1825977.0,10,2002
37008.0,0.0,149594.0,149791.0,149791.0,200210,CA,0203292000,47,47,70,70,37008.0,0.0,149594.0,10,2002
4001929.0,0.0,8011703.0,8082365.0,8082365.0,200210,CA,0203294000,47,47,70,70,4001929.0,0.0,8011703.0,10,2002
208747.0,0.0,228219.0,235119.0,235119.0,200211,CA,0203110000,47,47,70,70,208747.0,0.0,228219.0,11,2002
38131.0,0.0,44237.0,64228.0,64228.0,200211,CA,0203121010,47,47,70,70,38131.0,0.0,44237.0,11,2002
5143.0,0.0,21620.0,22857.0,22857.0,200211,CA,0203121020,47,47,70,70,5143.0,0.0,21620.0,11,2002
6251601.0,0.0,7548249.0,7613438.0,7613438.0,200211,CA,0203129010,47,47,70,70,6251601.0,0.0,7548249.0,11,2002
2300506.0,0.0,2901215.0,2923047.0,2923047.0,200211,CA,0203129020,47,47,70,70,2300506.0,0.0,2901215.0,11,2002
427515.0,0.0,890876.0,908287.0,908287.0,200211,CA,0203192010,47,47,70,70,427515.0,0.0,890876.0,11,2002
4259060.0,0.0,8411655.0,8475007.0,8475007.0,200211,CA,0203194010,47,47,70,70,4259060.0,0.0,8411655.0,11,2002
13164053.0,0.0,23703497.0,23970793.0,23970793.0,200211,CA,0203194090,47,47,70,70,13164053.0,0.0,23703497.0,11,2002
695816.0,0.0,1010869.0,1021888.0,1021888.0,200211,CA,0203229000,47,47,70,70,695816.0,0.0,1010869.0,11,2002
18431.0,0.0,29256.0,29456.0,29456.0,200211,CA,0203292000,47,47,70,70,18431.0,0.0,29256.0,11,2002
3453095.0,0.0,6632954.0,6697662.0,6697662.0,200211,CA,0203294000,47,47,70,70,3453095.0,0.0,6632954.0,11,2002
249057.0,0.0,290297.0,299607.0,299607.0,200212,CA,0203110000,47,47,70,70,249057.0,0.0,290297.0,12,2002
20387.0,0.0,68645.0,69501.0,69501.0,200212,CA,0203121010,47,47,70,70,20387.0,0.0,68645.0,12,2002
5248595.0,0.0,5778842.0,5823014.0,5823014.0,200212,CA,0203129010,47,47,70,70,5248595.0,0.0,5778842.0,12,2002
2388451.0,0.0,3084491.0,3107720.0,3107720.0,200212,CA,0203129020,47,47,70,70,2388451.0,0.0,3084491.0,12,2002
547715.0,0.0,1412143.0,1430970.0,1430970.0,200212,CA,0203192010,47,47,70,70,547715.0,0.0,1412143.0,12,2002
20379.0,0.0,45385.0,45885.0,45885.0,200212,CA,0203192090,47,47,70,70,20379.0,0.0,45385.0,12,2002
3528763.0,0.0,7489072.0,7527843.0,7527843.0,200212,CA,0203194010,47,47,70,70,3528763.0,0.0,7489072.0,12,2002
13239693.0,0.0,24679677.0,24926742.0,24926742.0,200212,CA,0203194090,47,47,70,70,13239693.0,0.0,24679677.0,12,2002
24503.0,0.0,43755.0,43756.0,43756.0,200212,CA,0203221000,47,47,70,70,24503.0,0.0,43755.0,12,2002
491188.0,0.0,857064.0,863344.0,863344.0,200212,CA,0203229000,47,47,70,70,491188.0,0.0,857064.0,12,2002
3400209.0,0.0,6345767.0,6401290.0,6401290.0,200212,CA,0203294000,47,47,70,70,3400209.0,0.0,6345767.0,12,2002
305757.0,0.0,375642.0,383142.0,383142.0,200301,CA,0203110000,47,47,70,70,305757.0,0.0,375642.0,1,2003
18375.0,0.0,17593.0,17618.0,17618.0,200301,CA,0203121020,47,47,70,70,18375.0,0.0,17593.0,1,2003
4474904.0,0.0,4604914.0,4622976.0,4622976.0,200301,CA,0203129010,47,47,70,70,4474904.0,0.0,4604914.0,1,2003
2102322.0,0.0,2672165.0,2690054.0,2690054.0,200301,CA,0203129020,47,47,70,70,2102322.0,0.0,2672165.0,1,2003
510305.0,0.0,1249134.0,1268637.0,1268637.0,200301,CA,0203192010,47,47,70,70,510305.0,0.0,1249134.0,1,2003
33475.0,0.0,36900.0,39200.0,39200.0,200301,CA,0203192090,47,47,70,70,33475.0,0.0,36900.0,1,2003
3704932.0,0.0,7927354.0,7972003.0,7972003.0,200301,CA,0203194010,47,47,70,70,3704932.0,0.0,7927354.0,1,2003
12715829.0,0.0,23501746.0,23764718.0,23764718.0,200301,CA,0203194090,47,47,70,70,12715829.0,0.0,23501746.0,1,2003
860585.0,0.0,1674410.0,1684569.0,1684569.0,200301,CA,0203229000,47,47,70,70,860585.0,0.0,1674410.0,1,2003
18412.0,0.0,45251.0,45651.0,45651.0,200301,CA,0203292000,47,47,70,70,18412.0,0.0,45251.0,1,2003
4099848.0,0.0,7046064.0,7113118.0,7113118.0,200301,CA,0203294000,47,47,70,70,4099848.0,0.0,7046064.0,1,2003
287595.0,0.0,364937.0,374337.0,374337.0,200302,CA,0203110000,47,47,70,70,287595.0,0.0,364937.0,2,2003
4836305.0,0.0,5286909.0,5307535.0,5307535.0,200302,CA,0203129010,47,47,70,70,4836305.0,0.0,5286909.0,2,2003
2120525.0,0.0,2771342.0,2787012.0,2787012.0,200302,CA,0203129020,47,47,70,70,2120525.0,0.0,2771342.0,2,2003
575102.0,0.0,1466487.0,1483176.0,1483176.0,200302,CA,0203192010,47,47,70,70,575102.0,0.0,1466487.0,2,2003
20053.0,0.0,33286.0,34288.0,34288.0,200302,CA,0203192090,47,47,70,70,20053.0,0.0,33286.0,2,2003
2991358.0,0.0,6449156.0,6474384.0,6474384.0,200302,CA,0203194010,47,47,70,70,2991358.0,0.0,6449156.0,2,2003
12120172.0,0.0,22361378.0,22599015.0,22599015.0,200302,CA,0203194090,47,47,70,70,12120172.0,0.0,22361378.0,2,2003
1052.0,0.0,9975.0,10165.0,10165.0,200302,CA,0203221000,47,47,70,70,1052.0,0.0,9975.0,2,2003
757551.0,0.0,1405973.0,1416410.0,1416410.0,200302,CA,0203229000,47,47,70,70,757551.0,0.0,1405973.0,2,2003
4370406.0,0.0,8523326.0,8598368.0,8598368.0,200302,CA,0203294000,47,47,70,70,4370406.0,0.0,8523326.0,2,2003
306682.0,0.0,400240.0,406640.0,406640.0,200303,CA,0203110000,47,47,70,70,306682.0,0.0,400240.0,3,2003
31465.0,0.0,63048.0,65629.0,65629.0,200303,CA,0203121010,47,47,70,70,31465.0,0.0,63048.0,3,2003
60.0,0.0,9022.0,9077.0,9077.0,200303,CA,0203121020,47,47,70,70,60.0,0.0,9022.0,3,2003
5859191.0,0.0,6932538.0,6953419.0,6953419.0,200303,CA,0203129010,47,47,70,70,5859191.0,0.0,6932538.0,3,2003
1534877.0,0.0,2036677.0,2052574.0,2052574.0,200303,CA,0203129020,47,47,70,70,1534877.0,0.0,2036677.0,3,2003
430096.0,0.0,1230493.0,1242972.0,1242972.0,200303,CA,0203192010,47,47,70,70,430096.0,0.0,1230493.0,3,2003
56152.0,0.0,128726.0,130951.0,130951.0,200303,CA,0203192090,47,47,70,70,56152.0,0.0,128726.0,3,2003
3078945.0,0.0,6361272.0,6393497.0,6393497.0,200303,CA,0203194010,47,47,70,70,3078945.0,0.0,6361272.0,3,2003
13438650.0,0.0,25024385.0,25281762.0,25281762.0,200303,CA,0203194090,47,47,70,70,13438650.0,0.0,25024385.0,3,2003
18452.0,0.0,107777.0,107977.0,107977.0,200303,CA,0203221000,47,47,70,70,18452.0,0.0,107777.0,3,2003
750006.0,0.0,1595062.0,1608623.0,1608623.0,200303,CA,0203229000,47,47,70,70,750006.0,0.0,1595062.0,3,2003
41825.0,0.0,145186.0,145685.0,145685.0,200303,CA,0203292000,47,47,70,70,41825.0,0.0,145186.0,3,2003
3241550.0,0.0,6047391.0,6091020.0,6091020.0,200303,CA,0203294000,47,47,70,70,3241550.0,0.0,6047391.0,3,2003
268537.0,0.0,348243.0,353943.0,353943.0,200304,CA,0203110000,47,47,70,70,268537.0,0.0,348243.0,4,2003
88281.0,0.0,198982.0,200160.0,200160.0,200304,CA,0203121010,47,47,70,70,88281.0,0.0,198982.0,4,2003
4668198.0,0.0,5079789.0,5101442.0,5101442.0,200304,CA,0203129010,47,47,70,70,4668198.0,0.0,5079789.0,4,2003
2056801.0,0.0,2602624.0,2627774.0,2627774.0,200304,CA,0203129020,47,47,70,70,2056801.0,0.0,2602624.0,4,2003
533326.0,0.0,1829897.0,1845315.0,1845315.0,200304,CA,0203192010,47,47,70,70,533326.0,0.0,1829897.0,4,2003
2428832.0,0.0,5716242.0,5749633.0,5749633.0,200304,CA,0203194010,47,47,70,70,2428832.0,0.0,5716242.0,4,2003
13655741.0,0.0,24970727.0,25236336.0,25236336.0,200304,CA,0203194090,47,47,70,70,13655741.0,0.0,24970727.0,4,2003
32790.0,0.0,191489.0,191889.0,191889.0,200304,CA,0203221000,47,47,70,70,32790.0,0.0,191489.0,4,2003
1022564.0,0.0,2106483.0,2118597.0,2118597.0,200304,CA,0203229000,47,47,70,70,1022564.0,0.0,2106483.0,4,2003
38910.0,0.0,51207.0,51407.0,51407.0,200304,CA,0203292000,47,47,70,70,38910.0,0.0,51207.0,4,2003
3647404.0,0.0,7163768.0,7222457.0,7222457.0,200304,CA,0203294000,47,47,70,70,3647404.0,0.0,7163768.0,4,2003
287016.0,0.0,440463.0,447663.0,447663.0,200305,CA,0203110000,47,47,70,70,287016.0,0.0,440463.0,5,2003
17657.0,0.0,40944.0,42196.0,42196.0,200305,CA,0203121010,47,47,70,70,17657.0,0.0,40944.0,5,2003
690.0,0.0,2252.0,2253.0,2253.0,200305,CA,0203121020,47,47,70,70,690.0,0.0,2252.0,5,2003
3369032.0,0.0,3997197.0,4019530.0,4019530.0,200305,CA,0203129010,47,47,70,70,3369032.0,0.0,3997197.0,5,2003
2753406.0,0.0,4024247.0,4048229.0,4048229.0,200305,CA,0203129020,47,47,70,70,2753406.0,0.0,4024247.0,5,2003
478574.0,0.0,1593044.0,1608314.0,1608314.0,200305,CA,0203192010,47,47,70,70,478574.0,0.0,1593044.0,5,2003
9470.0,0.0,40898.0,42448.0,42448.0,200305,CA,0203192090,47,47,70,70,9470.0,0.0,40898.0,5,2003
2267965.0,0.0,5779483.0,5814782.0,5814782.0,200305,CA,0203194010,47,47,70,70,2267965.0,0.0,5779483.0,5,2003
13959593.0,0.0,27729831.0,27972416.0,27972416.0,200305,CA,0203194090,47,47,70,70,13959593.0,0.0,27729831.0,5,2003
18911.0,0.0,119794.0,120494.0,120494.0,200305,CA,0203221000,47,47,70,70,18911.0,0.0,119794.0,5,2003
616064.0,0.0,1048755.0,1054909.0,1054909.0,200305,CA,0203229000,47,47,70,70,616064.0,0.0,1048755.0,5,2003
3686733.0,0.0,6574278.0,6624499.0,6624499.0,200305,CA,0203294000,47,47,70,70,3686733.0,0.0,6574278.0,5,2003
319890.0,0.0,531379.0,537979.0,537979.0,200306,CA,0203110000,47,47,70,70,319890.0,0.0,531379.0,6,2003
4754.0,0.0,19704.0,20716.0,20716.0,200306,CA,0203121010,47,47,70,70,4754.0,0.0,19704.0,6,2003
34917.0,0.0,70154.0,70852.0,70852.0,200306,CA,0203121020,47,47,70,70,34917.0,0.0,70154.0,6,2003
3769184.0,0.0,4509814.0,4532085.0,4532085.0,200306,CA,0203129010,47,47,70,70,3769184.0,0.0,4509814.0,6,2003
3635638.0,0.0,6151223.0,6179081.0,6179081.0,200306,CA,0203129020,47,47,70,70,3635638.0,0.0,6151223.0,6,2003
313971.0,0.0,1071092.0,1082906.0,1082906.0,200306,CA,0203192010,47,47,70,70,313971.0,0.0,1071092.0,6,2003
2161584.0,0.0,5780314.0,5816311.0,5816311.0,200306,CA,0203194010,47,47,70,70,2161584.0,0.0,5780314.0,6,2003
15829558.0,0.0,33179344.0,33513109.0,33513109.0,200306,CA,0203194090,47,47,70,70,15829558.0,0.0,33179344.0,6,2003
2287.0,0.0,24708.0,24808.0,24808.0,200306,CA,0203221000,47,47,70,70,2287.0,0.0,24708.0,6,2003
898512.0,0.0,1602586.0,1612256.0,1612256.0,200306,CA,0203229000,47,47,70,70,898512.0,0.0,1602586.0,6,2003
75468.0,0.0,67186.0,67627.0,67627.0,200306,CA,0203292000,47,47,70,70,75468.0,0.0,67186.0,6,2003
4213198.0,0.0,7226616.0,7269034.0,7269034.0,200306,CA,0203294000,47,47,70,70,4213198.0,0.0,7226616.0,6,2003
295524.0,0.0,463571.0,469271.0,469271.0,200307,CA,0203110000,47,47,70,70,295524.0,0.0,463571.0,7,2003
14982.0,0.0,43858.0,44549.0,44549.0,200307,CA,0203121010,47,47,70,70,14982.0,0.0,43858.0,7,2003
22736.0,0.0,35264.0,35524.0,35524.0,200307,CA,0203121020,47,47,70,70,22736.0,0.0,35264.0,7,2003
4450571.0,0.0,5216917.0,5247784.0,5247784.0,200307,CA,0203129010,47,47,70,70,4450571.0,0.0,5216917.0,7,2003
3107555.0,0.0,4542589.0,4574846.0,4574846.0,200307,CA,0203129020,47,47,70,70,3107555.0,0.0,4542589.0,7,2003
233437.0,0.0,855179.0,868606.0,868606.0,200307,CA,0203192010,47,47,70,70,233437.0,0.0,855179.0,7,2003
2474348.0,0.0,6896454.0,6931875.0,6931875.0,200307,CA,0203194010,47,47,70,70,2474348.0,0.0,6896454.0,7,2003
15627342.0,0.0,30945435.0,31243238.0,31243238.0,200307,CA,0203194090,47,47,70,70,15627342.0,0.0,30945435.0,7,2003
1049788.0,0.0,1965047.0,1976398.0,1976398.0,200307,CA,0203229000,47,47,70,70,1049788.0,0.0,1965047.0,7,2003
87477.0,0.0,122690.0,115525.0,115525.0,200307,CA,0203292000,47,47,70,70,87477.0,0.0,122690.0,7,2003
3707906.0,0.0,6667486.0,6696663.0,6696663.0,200307,CA,0203294000,47,47,70,70,3707906.0,0.0,6667486.0,7,2003
296422.0,0.0,438747.0,445747.0,445747.0,200308,CA,0203110000,47,47,70,70,296422.0,0.0,438747.0,8,2003
4331.0,0.0,15288.0,16656.0,16656.0,200308,CA,0203121010,47,47,70,70,4331.0,0.0,15288.0,8,2003
3790152.0,0.0,4639048.0,4658298.0,4658298.0,200308,CA,0203129010,47,47,70,70,3790152.0,0.0,4639048.0,8,2003
3024680.0,0.0,4193214.0,4214530.0,4214530.0,200308,CA,0203129020,47,47,70,70,3024680.0,0.0,4193214.0,8,2003
217328.0,0.0,619644.0,628009.0,628009.0,200308,CA,0203192010,47,47,70,70,217328.0,0.0,619644.0,8,2003
2765132.0,0.0,6526032.0,6561788.0,6561788.0,200308,CA,0203194010,47,47,70,70,2765132.0,0.0,6526032.0,8,2003
14667667.0,0.0,29634032.0,29896184.0,29896184.0,200308,CA,0203194090,47,47,70,70,14667667.0,0.0,29634032.0,8,2003
770514.0,0.0,1515508.0,1525140.0,1525140.0,200308,CA,0203229000,47,47,70,70,770514.0,0.0,1515508.0,8,2003
48000.0,0.0,106499.0,107174.0,107174.0,200308,CA,0203292000,47,47,70,70,48000.0,0.0,106499.0,8,2003
3203541.0,0.0,5858228.0,5891293.0,5891293.0,200308,CA,0203294000,47,47,70,70,3203541.0,0.0,5858228.0,8,2003
349787.0,0.0,511448.0,519898.0,519898.0,200309,CA,0203110000,47,47,70,70,349787.0,0.0,511448.0,9,2003
19708.0,0.0,49809.0,50268.0,50268.0,200309,CA,0203121010,47,47,70,70,19708.0,0.0,49809.0,9,2003
4734547.0,0.0,6654573.0,6680389.0,6680389.0,200309,CA,0203129010,47,47,70,70,4734547.0,0.0,6654573.0,9,2003
3293567.0,0.0,4760968.0,4783197.0,4783197.0,200309,CA,0203129020,47,47,70,70,3293567.0,0.0,4760968.0,9,2003
280426.0,0.0,977964.0,990683.0,990683.0,200309,CA,0203192010,47,47,70,70,280426.0,0.0,977964.0,9,2003
40415.0,0.0,130277.0,130774.0,130774.0,200309,CA,0203192090,47,47,70,70,40415.0,0.0,130277.0,9,2003
2552942.0,0.0,6093039.0,6121084.0,6121084.0,200309,CA,0203194010,47,47,70,70,2552942.0,0.0,6093039.0,9,2003
15037700.0,0.0,31636023.0,31931612.0,31931612.0,200309,CA,0203194090,47,47,70,70,15037700.0,0.0,31636023.0,9,2003
24986.0,0.0,45391.0,45441.0,45441.0,200309,CA,0203221000,47,47,70,70,24986.0,0.0,45391.0,9,2003
852237.0,0.0,1499830.0,1511873.0,1511873.0,200309,CA,0203229000,47,47,70,70,852237.0,0.0,1499830.0,9,2003
36906.0,0.0,79562.0,79662.0,79662.0,200309,CA,0203292000,47,47,70,70,36906.0,0.0,79562.0,9,2003
3654456.0,0.0,6441176.0,6494396.0,6494396.0,200309,CA,0203294000,47,47,70,70,3654456.0,0.0,6441176.0,9,2003
299660.0,0.0,411887.0,418087.0,418087.0,200310,CA,0203110000,47,47,70,70,299660.0,0.0,411887.0,10,2003
18890.0,0.0,17847.0,17897.0,17897.0,200310,CA,0203121020,47,47,70,70,18890.0,0.0,17847.0,10,2003
5875556.0,0.0,8725191.0,8762444.0,8762444.0,200310,CA,0203129010,47,47,70,70,5875556.0,0.0,8725191.0,10,2003
3019408.0,0.0,4330165.0,4354814.0,4354814.0,200310,CA,0203129020,47,47,70,70,3019408.0,0.0,4330165.0,10,2003
428015.0,0.0,1461345.0,1480429.0,1480429.0,200310,CA,0203192010,47,47,70,70,428015.0,0.0,1461345.0,10,2003
91959.0,0.0,190381.0,191428.0,191428.0,200310,CA,0203192090,47,47,70,70,91959.0,0.0,190381.0,10,2003
2162198.0,0.0,5403683.0,5434910.0,5434910.0,200310,CA,0203194010,47,47,70,70,2162198.0,0.0,5403683.0,10,2003
13954915.0,0.0,29492854.0,29765383.0,29765383.0,200310,CA,0203194090,47,47,70,70,13954915.0,0.0,29492854.0,10,2003
928541.0,0.0,1897722.0,1906865.0,1906865.0,200310,CA,0203229000,47,47,70,70,928541.0,0.0,1897722.0,10,2003
42974.0,0.0,90612.0,90663.0,90663.0,200310,CA,0203292000,47,47,70,70,42974.0,0.0,90612.0,10,2003
4434235.0,0.0,8171721.0,8242290.0,8242290.0,200310,CA,0203294000,47,47,70,70,4434235.0,0.0,8171721.0,10,2003
383586.0,0.0,509522.0,516822.0,516822.0,200311,CA,0203110000,47,47,70,70,383586.0,0.0,509522.0,11,2003
8402.0,0.0,10373.0,10374.0,10374.0,200311,CA,0203121020,47,47,70,70,8402.0,0.0,10373.0,11,2003
5142505.0,0.0,7170182.0,7198340.0,7198340.0,200311,CA,0203129010,47,47,70,70,5142505.0,0.0,7170182.0,11,2003
2487716.0,0.0,3363523.0,3389366.0,3389366.0,200311,CA,0203129020,47,47,70,70,2487716.0,0.0,3363523.0,11,2003
353435.0,0.0,1270457.0,1283935.0,1283935.0,200311,CA,0203192010,47,47,70,70,353435.0,0.0,1270457.0,11,2003
38208.0,0.0,123081.0,123957.0,123957.0,200311,CA,0203192090,47,47,70,70,38208.0,0.0,123081.0,11,2003
2624990.0,0.0,6116076.0,6155167.0,6155167.0,200311,CA,0203194010,47,47,70,70,2624990.0,0.0,6116076.0,11,2003
12439158.0,0.0,25502180.0,25763513.0,25763513.0,200311,CA,0203194090,47,47,70,70,12439158.0,0.0,25502180.0,11,2003
24493.0,0.0,49677.0,50027.0,50027.0,200311,CA,0203221000,47,47,70,70,24493.0,0.0,49677.0,11,2003
1135963.0,0.0,2594114.0,2614510.0,2614510.0,200311,CA,0203229000,47,47,70,70,1135963.0,0.0,2594114.0,11,2003
3105116.0,0.0,6362932.0,6422946.0,6422946.0,200311,CA,0203294000,47,47,70,70,3105116.0,0.0,6362932.0,11,2003
383628.0,0.0,505765.0,513565.0,513565.0,200312,CA,0203110000,47,47,70,70,383628.0,0.0,505765.0,12,2003
7403.0,0.0,9842.0,9872.0,9872.0,200312,CA,0203121020,47,47,70,70,7403.0,0.0,9842.0,12,2003
4118284.0,0.0,5596840.0,5624212.0,5624212.0,200312,CA,0203129010,47,47,70,70,4118284.0,0.0,5596840.0,12,2003
2733036.0,0.0,3698534.0,3725886.0,3725886.0,200312,CA,0203129020,47,47,70,70,2733036.0,0.0,3698534.0,12,2003
272659.0,0.0,959054.0,971198.0,971198.0,200312,CA,0203192010,47,47,70,70,272659.0,0.0,959054.0,12,2003
31407.0,0.0,91197.0,92040.0,92040.0,200312,CA,0203192090,47,47,70,70,31407.0,0.0,91197.0,12,2003
2564256.0,0.0,5982850.0,6017308.0,6017308.0,200312,CA,0203194010,47,47,70,70,2564256.0,0.0,5982850.0,12,2003
11646368.0,0.0,24508600.0,24758991.0,24758991.0,200312,CA,0203194090,47,47,70,70,11646368.0,0.0,24508600.0,12,2003
1157671.0,0.0,2840200.0,2850607.0,2850607.0,200312,CA,0203229000,47,47,70,70,1157671.0,0.0,2840200.0,12,2003
3892462.0,0.0,7376564.0,7433401.0,7433401.0,200312,CA,0203294000,47,47,70,70,3892462.0,0.0,7376564.0,12,2003
378318.0,0.0,531175.0,538784.0,538784.0,200401,CA,0203110000,47,47,70,70,378318.0,0.0,531175.0,1,2004
7185.0,0.0,10613.0,10644.0,10644.0,200401,CA,0203121020,47,47,70,70,7185.0,0.0,10613.0,1,2004
2466867.0,0.0,3736095.0,3719883.0,3719883.0,200401,CA,0203129010,47,47,70,70,2466867.0,0.0,3736095.0,1,2004
2537007.0,0.0,3831036.0,3839299.0,3839299.0,200401,CA,0203129020,47,47,70,70,2537007.0,0.0,3831036.0,1,2004
329775.0,0.0,1256036.0,1268981.0,1268981.0,200401,CA,0203192010,47,47,70,70,329775.0,0.0,1256036.0,1,2004
46750.0,0.0,133466.0,134843.0,134843.0,200401,CA,0203192090,47,47,70,70,46750.0,0.0,133466.0,1,2004
2669686.0,0.0,6281206.0,6315912.0,6315912.0,200401,CA,0203194010,47,47,70,70,2669686.0,0.0,6281206.0,1,2004
12406435.0,0.0,25658114.0,25877189.0,25877189.0,200401,CA,0203194090,47,47,70,70,12406435.0,0.0,25658114.0,1,2004
988588.0,0.0,2061719.0,2079243.0,2079243.0,200401,CA,0203229000,47,47,70,70,988588.0,0.0,2061719.0,1,2004
55440.0,0.0,100042.0,100192.0,100192.0,200401,CA,0203292000,47,47,70,70,55440.0,0.0,100042.0,1,2004
4718130.0,0.0,10352893.0,10265563.0,10265563.0,200401,CA,0203294000,47,47,70,70,4718130.0,0.0,10352893.0,1,2004
408328.0,0.0,643972.0,652372.0,652372.0,200402,CA,0203110000,47,47,70,70,408328.0,0.0,643972.0,2,2004
18874.0,0.0,21514.0,23014.0,23014.0,200402,CA,0203121010,47,47,70,70,18874.0,0.0,21514.0,2,2004
3957.0,0.0,46033.0,46137.0,46137.0,200402,CA,0203121020,47,47,70,70,3957.0,0.0,46033.0,2,2004
3257718.0,0.0,4609694.0,4676000.0,4676000.0,200402,CA,0203129010,47,47,70,70,3257718.0,0.0,4609694.0,2,2004
2263334.0,0.0,3315191.0,3364184.0,3364184.0,200402,CA,0203129020,47,47,70,70,2263334.0,0.0,3315191.0,2,2004
360520.0,0.0,1399186.0,1411341.0,1411341.0,200402,CA,0203192010,47,47,70,70,360520.0,0.0,1399186.0,2,2004
18921.0,0.0,48856.0,49690.0,49690.0,200402,CA,0203192090,47,47,70,70,18921.0,0.0,48856.0,2,2004
2179216.0,0.0,5605543.0,5632919.0,5632919.0,200402,CA,0203194010,47,47,70,70,2179216.0,0.0,5605543.0,2,2004
11518386.0,0.0,26310499.0,26647614.0,26647614.0,200402,CA,0203194090,47,47,70,70,11518386.0,0.0,26310499.0,2,2004
401359.0,0.0,1129407.0,999535.0,999535.0,200402,CA,0203229000,47,47,70,70,401359.0,0.0,1129407.0,2,2004
3887193.0,0.0,8651879.0,8863706.0,8863706.0,200402,CA,0203294000,47,47,70,70,3887193.0,0.0,8651879.0,2,2004
390336.0,0.0,655519.0,663329.0,663329.0,200403,CA,0203110000,47,47,70,70,390336.0,0.0,655519.0,3,2004
5088408.0,0.0,7813335.0,7853055.0,7853055.0,200403,CA,0203129010,47,47,70,70,5088408.0,0.0,7813335.0,3,2004
2050222.0,0.0,3427728.0,3456261.0,3456261.0,200403,CA,0203129020,47,47,70,70,2050222.0,0.0,3427728.0,3,2004
201101.0,0.0,1004851.0,1016421.0,1016421.0,200403,CA,0203192010,47,47,70,70,201101.0,0.0,1004851.0,3,2004
15359.0,0.0,52145.0,52857.0,52857.0,200403,CA,0203192090,47,47,70,70,15359.0,0.0,52145.0,3,2004
2944065.0,0.0,8481591.0,8520725.0,8520725.0,200403,CA,0203194010,47,47,70,70,2944065.0,0.0,8481591.0,3,2004
12121365.0,0.0,28562211.0,28829750.0,28829750.0,200403,CA,0203194090,47,47,70,70,12121365.0,0.0,28562211.0,3,2004
24479.0,0.0,59364.0,59564.0,59564.0,200403,CA,0203221000,47,47,70,70,24479.0,0.0,59364.0,3,2004
431627.0,0.0,1362634.0,1510242.0,1510242.0,200403,CA,0203229000,47,47,70,70,431627.0,0.0,1362634.0,3,2004
18924.0,0.0,97596.0,97796.0,97796.0,200403,CA,0203292000,47,47,70,70,18924.0,0.0,97596.0,3,2004
4046741.0,0.0,9314878.0,9181520.0,9181520.0,200403,CA,0203294000,47,47,70,70,4046741.0,0.0,9314878.0,3,2004
480146.0,0.0,795294.0,804994.0,804994.0,200404,CA,0203110000,47,47,70,70,480146.0,0.0,795294.0,4,2004
35434.0,0.0,78566.0,79101.0,79101.0,200404,CA,0203121010,47,47,70,70,35434.0,0.0,78566.0,4,2004
2804278.0,0.0,4948418.0,4968047.0,4968047.0,200404,CA,0203129010,47,47,70,70,2804278.0,0.0,4948418.0,4,2004
2317005.0,0.0,4218726.0,4258859.0,4258859.0,200404,CA,0203129020,47,47,70,70,2317005.0,0.0,4218726.0,4,2004
299274.0,0.0,1205190.0,1219834.0,1219834.0,200404,CA,0203192010,47,47,70,70,299274.0,0.0,1205190.0,4,2004
35640.0,0.0,139957.0,141381.0,141381.0,200404,CA,0203192090,47,47,70,70,35640.0,0.0,139957.0,4,2004
4054536.0,0.0,11784527.0,11863384.0,11863384.0,200404,CA,0203194010,47,47,70,70,4054536.0,0.0,11784527.0,4,2004
9138126.0,0.0,21985025.0,22193388.0,22193388.0,200404,CA,0203194090,47,47,70,70,9138126.0,0.0,21985025.0,4,2004
2442.0,0.0,35606.0,35706.0,35706.0,200404,CA,0203221000,47,47,70,70,2442.0,0.0,35606.0,4,2004
462101.0,0.0,1081337.0,1093196.0,1093196.0,200404,CA,0203229000,47,47,70,70,462101.0,0.0,1081337.0,4,2004
129677.0,0.0,390959.0,392159.0,392159.0,200404,CA,0203292000,47,47,70,70,129677.0,0.0,390959.0,4,2004
4455100.0,0.0,11028520.0,11284275.0,11284275.0,200404,CA,0203294000,47,47,70,70,4455100.0,0.0,11028520.0,4,2004
393837.0,0.0,778101.0,785801.0,785801.0,200405,CA,0203110000,47,47,70,70,393837.0,0.0,778101.0,5,2004
3533.0,0.0,29277.0,29527.0,29527.0,200405,CA,0203121010,47,47,70,70,3533.0,0.0,29277.0,5,2004
3416056.0,0.0,5932285.0,5959516.0,5959516.0,200405,CA,0203129010,47,47,70,70,3416056.0,0.0,5932285.0,5,2004
2354273.0,0.0,4866355.0,4892308.0,4892308.0,200405,CA,0203129020,47,47,70,70,2354273.0,0.0,4866355.0,5,2004
379053.0,0.0,1734317.0,1740313.0,1740313.0,200405,CA,0203192010,47,47,70,70,379053.0,0.0,1734317.0,5,2004
55996.0,0.0,264712.0,265299.0,265299.0,200405,CA,0203192090,47,47,70,70,55996.0,0.0,264712.0,5,2004
3644911.0,0.0,11838846.0,11896108.0,11896108.0,200405,CA,0203194010,47,47,70,70,3644911.0,0.0,11838846.0,5,2004
8563583.0,0.0,22317687.0,22453148.0,22453148.0,200405,CA,0203194090,47,47,70,70,8563583.0,0.0,22317687.0,5,2004
590463.0,0.0,1961596.0,1971099.0,1971099.0,200405,CA,0203229000,47,47,70,70,590463.0,0.0,1961596.0,5,2004
35110.0,0.0,288166.0,288601.0,288601.0,200405,CA,0203292000,47,47,70,70,35110.0,0.0,288166.0,5,2004
3891703.0,0.0,10121629.0,10184959.0,10184959.0,200405,CA,0203294000,47,47,70,70,3891703.0,0.0,10121629.0,5,2004
503583.0,0.0,983982.0,994782.0,994782.0,200406,CA,0203110000,47,47,70,70,503583.0,0.0,983982.0,6,2004
2912.0,0.0,9758.0,9768.0,9768.0,200406,CA,0203121020,47,47,70,70,2912.0,0.0,9758.0,6,2004
5449970.0,0.0,9169258.0,9221629.0,9221629.0,200406,CA,0203129010,47,47,70,70,5449970.0,0.0,9169258.0,6,2004
2468079.0,0.0,5253336.0,5280138.0,5280138.0,200406,CA,0203129020,47,47,70,70,2468079.0,0.0,5253336.0,6,2004
438813.0,0.0,1816038.0,1825109.0,1825109.0,200406,CA,0203192010,47,47,70,70,438813.0,0.0,1816038.0,6,2004
28883.0,0.0,138867.0,139911.0,139911.0,200406,CA,0203192090,47,47,70,70,28883.0,0.0,138867.0,6,2004
4350113.0,0.0,13269847.0,13355552.0,13355552.0,200406,CA,0203194010,47,47,70,70,4350113.0,0.0,13269847.0,6,2004
10361041.0,0.0,27244503.0,27127791.0,27127791.0,200406,CA,0203194090,47,47,70,70,10361041.0,0.0,27244503.0,6,2004
477344.0,0.0,1143055.0,1127204.0,1127204.0,200406,CA,0203229000,47,47,70,70,477344.0,0.0,1143055.0,6,2004
25818.0,0.0,78796.0,79028.0,79028.0,200406,CA,0203292000,47,47,70,70,25818.0,0.0,78796.0,6,2004
3956481.0,0.0,10406587.0,10424366.0,10424366.0,200406,CA,0203294000,47,47,70,70,3956481.0,0.0,10406587.0,6,2004
448109.0,0.0,882281.0,891181.0,891181.0,200407,CA,0203110000,47,47,70,70,448109.0,0.0,882281.0,7,2004
66480.0,0.0,180626.0,181094.0,181094.0,200407,CA,0203121010,47,47,70,70,66480.0,0.0,180626.0,7,2004
7752129.0,0.0,13689835.0,13801034.0,13801034.0,200407,CA,0203129010,47,47,70,70,7752129.0,0.0,13689835.0,7,2004
2235898.0,0.0,4586219.0,4597264.0,4597264.0,200407,CA,0203129020,47,47,70,70,2235898.0,0.0,4586219.0,7,2004
315892.0,0.0,1144957.0,1152454.0,1152454.0,200407,CA,0203192010,47,47,70,70,315892.0,0.0,1144957.0,7,2004
95007.0,0.0,221951.0,226111.0,226111.0,200407,CA,0203192090,47,47,70,70,95007.0,0.0,221951.0,7,2004
3576865.0,0.0,11409684.0,11481064.0,11481064.0,200407,CA,0203194010,47,47,70,70,3576865.0,0.0,11409684.0,7,2004
10366822.0,0.0,27248288.0,27589705.0,27589705.0,200407,CA,0203194090,47,47,70,70,10366822.0,0.0,27248288.0,7,2004
495911.0,0.0,1095946.0,1137877.0,1137877.0,200407,CA,0203229000,47,47,70,70,495911.0,0.0,1095946.0,7,2004
34766.0,0.0,51263.0,51464.0,51464.0,200407,CA,0203292000,47,47,70,70,34766.0,0.0,51263.0,7,2004
3490939.0,0.0,10087370.0,10175546.0,10206193.0,200407,CA,0203294000,47,47,70,70,3508953.0,0.0,10117567.0,7,2004
466683.0,0.0,847632.0,855182.0,855182.0,200408,CA,0203110000,47,47,70,70,466683.0,0.0,847632.0,8,2004
4106.0,0.0,8739.0,9111.0,9111.0,200408,CA,0203121010,47,47,70,70,4106.0,0.0,8739.0,8,2004
1593.0,0.0,3335.0,3479.0,3479.0,200408,CA,0203121020,47,47,70,70,1593.0,0.0,3335.0,8,2004
8075938.0,0.0,14848337.0,14973749.0,14973749.0,200408,CA,0203129010,47,47,70,70,8075938.0,0.0,14848337.0,8,2004
2513332.0,0.0,5311079.0,5354817.0,5354817.0,200408,CA,0203129020,47,47,70,70,2513332.0,0.0,5311079.0,8,2004
365465.0,0.0,1321665.0,1328135.0,1328135.0,200408,CA,0203192010,47,47,70,70,365465.0,0.0,1321665.0,8,2004
56476.0,0.0,155834.0,157661.0,157661.0,200408,CA,0203192090,47,47,70,70,56476.0,0.0,155834.0,8,2004
4022965.0,0.0,11913065.0,11994618.0,11994618.0,200408,CA,0203194010,47,47,70,70,4022965.0,0.0,11913065.0,8,2004
11987916.0,0.0,30586075.0,30816591.0,30816591.0,200408,CA,0203194090,47,47,70,70,11987916.0,0.0,30586075.0,8,2004
618244.0,0.0,1411343.0,1420732.0,1420732.0,200408,CA,0203229000,47,47,70,70,618244.0,0.0,1411343.0,8,2004
29333.0,0.0,101522.0,101961.0,101961.0,200408,CA,0203292000,47,47,70,70,29333.0,0.0,101522.0,8,2004
3400672.0,0.0,8562280.0,8632341.0,8632341.0,200408,CA,0203294000,47,47,70,70,3400672.0,0.0,8562280.0,8,2004
491458.0,0.0,881233.0,891183.0,891183.0,200409,CA,0203110000,47,47,70,70,491458.0,0.0,881233.0,9,2004
20429.0,0.0,48709.0,49159.0,49159.0,200409,CA,0203121010,47,47,70,70,20429.0,0.0,48709.0,9,2004
30190.0,0.0,95303.0,95752.0,95752.0,200409,CA,0203121020,47,47,70,70,30190.0,0.0,95303.0,9,2004
5441224.0,0.0,9858697.0,9937873.0,9937873.0,200409,CA,0203129010,47,47,70,70,5441224.0,0.0,9858697.0,9,2004
2239864.0,0.0,4234905.0,4258638.0,4258638.0,200409,CA,0203129020,47,47,70,70,2239864.0,0.0,4234905.0,9,2004
458272.0,0.0,1328023.0,1341458.0,1341458.0,200409,CA,0203192010,47,47,70,70,458272.0,0.0,1328023.0,9,2004
52762.0,0.0,153354.0,156002.0,156002.0,200409,CA,0203192090,47,47,70,70,52762.0,0.0,153354.0,9,2004
4025586.0,0.0,9831506.0,9896705.0,9896705.0,200409,CA,0203194010,47,47,70,70,4025586.0,0.0,9831506.0,9,2004
10764553.0,0.0,26663391.0,26822276.0,26822276.0,200409,CA,0203194090,47,47,70,70,10764553.0,0.0,26663391.0,9,2004
593045.0,0.0,1277729.0,1287878.0,1287878.0,200409,CA,0203229000,47,47,70,70,593045.0,0.0,1277729.0,9,2004
22858.0,0.0,23998.0,24035.0,24035.0,200409,CA,0203292000,47,47,70,70,22858.0,0.0,23998.0,9,2004
3647287.0,0.0,9875822.0,9932430.0,9932430.0,200409,CA,0203294000,47,47,70,70,3647287.0,0.0,9875822.0,9,2004
509898.0,0.0,873130.0,884180.0,884180.0,200410,CA,0203110000,47,47,70,70,509898.0,0.0,873130.0,10,2004
67656.0,0.0,166472.0,201429.0,201429.0,200410,CA,0203121010,47,47,70,70,67656.0,0.0,166472.0,10,2004
1327.0,0.0,4306.0,4349.0,4349.0,200410,CA,0203121020,47,47,70,70,1327.0,0.0,4306.0,10,2004
3819241.0,0.0,7481096.0,7493461.0,7493461.0,200410,CA,0203129010,47,47,70,70,3819241.0,0.0,7481096.0,10,2004
2176391.0,0.0,4168360.0,4189098.0,4189098.0,200410,CA,0203129020,47,47,70,70,2176391.0,0.0,4168360.0,10,2004
491253.0,0.0,1375471.0,1390016.0,1390016.0,200410,CA,0203192010,47,47,70,70,491253.0,0.0,1375471.0,10,2004
39676.0,0.0,120420.0,121250.0,121250.0,200410,CA,0203192090,47,47,70,70,39676.0,0.0,120420.0,10,2004
3843947.0,0.0,9651882.0,9718278.0,9718278.0,200410,CA,0203194010,47,47,70,70,3843947.0,0.0,9651882.0,10,2004
10099762.0,0.0,26311920.0,26464414.0,26464414.0,200410,CA,0203194090,47,47,70,70,10099762.0,0.0,26311920.0,10,2004
1166.0,0.0,15047.0,15147.0,15147.0,200410,CA,0203221000,47,47,70,70,1166.0,0.0,15047.0,10,2004
530992.0,0.0,1267024.0,1275968.0,1275968.0,200410,CA,0203229000,47,47,70,70,530992.0,0.0,1267024.0,10,2004
64733.0,0.0,141365.0,142133.0,142133.0,200410,CA,0203292000,47,47,70,70,64733.0,0.0,141365.0,10,2004
4273642.0,0.0,12203165.0,12246588.0,12246588.0,200410,CA,0203294000,47,47,70,70,4273642.0,0.0,12203165.0,10,2004
580218.0,0.0,1082918.0,1097418.0,1097418.0,200411,CA,0203110000,47,47,70,70,580218.0,0.0,1082918.0,11,2004
88545.0,0.0,280349.0,293096.0,293096.0,200411,CA,0203121010,47,47,70,70,88545.0,0.0,280349.0,11,2004
4856557.0,0.0,10084687.0,10131736.0,10131736.0,200411,CA,0203129010,47,47,70,70,4856557.0,0.0,10084687.0,11,2004
2221937.0,0.0,4458179.0,4473138.0,4473138.0,200411,CA,0203129020,47,47,70,70,2221937.0,0.0,4458179.0,11,2004
483259.0,0.0,1420430.0,1435030.0,1435030.0,200411,CA,0203192010,47,47,70,70,483259.0,0.0,1420430.0,11,2004
27197.0,0.0,107165.0,108790.0,108790.0,200411,CA,0203192090,47,47,70,70,27197.0,0.0,107165.0,11,2004
4420823.0,0.0,10884703.0,10969771.0,10969771.0,200411,CA,0203194010,47,47,70,70,4420823.0,0.0,10884703.0,11,2004
9786859.0,0.0,26504392.0,26546894.0,26546894.0,200411,CA,0203194090,47,47,70,70,9786859.0,0.0,26504392.0,11,2004
27778.0,0.0,64432.0,64682.0,64682.0,200411,CA,0203221000,47,47,70,70,27778.0,0.0,64432.0,11,2004
562653.0,0.0,1714580.0,1728838.0,1728838.0,200411,CA,0203229000,47,47,70,70,562653.0,0.0,1714580.0,11,2004
3901813.0,0.0,11713548.0,11801377.0,11801377.0,200411,CA,0203294000,47,47,70,70,3901813.0,0.0,11713548.0,11,2004
576800.0,0.0,967350.0,979515.0,979515.0,200412,CA,0203110000,47,47,70,70,576800.0,0.0,967350.0,12,2004
1593.0,0.0,7064.0,7066.0,7066.0,200412,CA,0203121010,47,47,70,70,1593.0,0.0,7064.0,12,2004
18968.0,0.0,55198.0,55248.0,55248.0,200412,CA,0203121020,47,47,70,70,18968.0,0.0,55198.0,12,2004
3773042.0,0.0,7746570.0,7798032.0,7798032.0,200412,CA,0203129010,47,47,70,70,3773042.0,0.0,7746570.0,12,2004
2285508.0,0.0,4796945.0,4834703.0,4834703.0,200412,CA,0203129020,47,47,70,70,2285508.0,0.0,4796945.0,12,2004
459720.0,0.0,1379275.0,1395053.0,1395053.0,200412,CA,0203192010,47,47,70,70,459720.0,0.0,1379275.0,12,2004
30881.0,0.0,89715.0,90668.0,90668.0,200412,CA,0203192090,47,47,70,70,30881.0,0.0,89715.0,12,2004
4587592.0,0.0,11623005.0,11754498.0,11754498.0,200412,CA,0203194010,47,47,70,70,4587592.0,0.0,11623005.0,12,2004
9809396.0,0.0,26942255.0,27201583.0,27201583.0,200412,CA,0203194090,47,47,70,70,9809396.0,0.0,26942255.0,12,2004
600.0,0.0,2248.0,2261.0,2261.0,200412,CA,0203210000,47,47,70,70,600.0,0.0,2248.0,12,2004
276797.0,0.0,675924.0,681125.0,681125.0,200412,CA,0203229000,47,47,70,70,276797.0,0.0,675924.0,12,2004
2630.0,0.0,13841.0,14367.0,14367.0,200412,CA,0203292000,47,47,70,70,2630.0,0.0,13841.0,12,2004
3554143.0,0.0,10613854.0,10668171.0,10668171.0,200412,CA,0203294000,47,47,70,70,3554143.0,0.0,10613854.0,12,2004
685461.0,0.0,1136718.0,1150850.0,1150850.0,200501,CA,0203110000,47,47,70,70,685461.0,0.0,1136718.0,1,2005
72705.0,0.0,208249.0,216732.0,216732.0,200501,CA,0203121010,47,47,70,70,72705.0,0.0,208249.0,1,2005
18339.0,0.0,57410.0,57510.0,57510.0,200501,CA,0203121020,47,47,70,70,18339.0,0.0,57410.0,1,2005
3206764.0,0.0,5970587.0,5995205.0,5995205.0,200501,CA,0203129010,47,47,70,70,3206764.0,0.0,5970587.0,1,2005
1583537.0,0.0,3269870.0,3288302.0,3288302.0,200501,CA,0203129020,47,47,70,70,1583537.0,0.0,3269870.0,1,2005
427259.0,0.0,1452948.0,1468787.0,1468787.0,200501,CA,0203192010,47,47,70,70,427259.0,0.0,1452948.0,1,2005
37223.0,0.0,96525.0,98075.0,98075.0,200501,CA,0203192090,47,47,70,70,37223.0,0.0,96525.0,1,2005
4845204.0,0.0,11952407.0,12072055.0,12072055.0,200501,CA,0203194010,47,47,70,70,4845204.0,0.0,11952407.0,1,2005
9864860.0,0.0,25900752.0,26045123.0,26045123.0,200501,CA,0203194090,47,47,70,70,9864860.0,0.0,25900752.0,1,2005
389353.0,0.0,877027.0,882182.0,882182.0,200501,CA,0203229000,47,47,70,70,389353.0,0.0,877027.0,1,2005
3948461.0,0.0,10979222.0,11040134.0,11040134.0,200501,CA,0203294000,47,47,70,70,3948461.0,0.0,10979222.0,1,2005
661863.0,0.0,1010969.0,1025272.0,1025272.0,200502,CA,0203110000,47,47,70,70,661863.0,0.0,1010969.0,2,2005
55452.0,0.0,179474.0,187957.0,187957.0,200502,CA,0203121010,47,47,70,70,55452.0,0.0,179474.0,2,2005
3285527.0,0.0,6431025.0,6458125.0,6458125.0,200502,CA,0203129010,47,47,70,70,3285527.0,0.0,6431025.0,2,2005
1644302.0,0.0,3216054.0,3234001.0,3234001.0,200502,CA,0203129020,47,47,70,70,1644302.0,0.0,3216054.0,2,2005
380263.0,0.0,1203068.0,1218231.0,1218231.0,200502,CA,0203192010,47,47,70,70,380263.0,0.0,1203068.0,2,2005
23138.0,0.0,96364.0,96793.0,96793.0,200502,CA,0203192090,47,47,70,70,23138.0,0.0,96364.0,2,2005
4412317.0,0.0,10293787.0,10397076.0,10397076.0,200502,CA,0203194010,47,47,70,70,4412317.0,0.0,10293787.0,2,2005
9551311.0,0.0,24598327.0,24750424.0,24750424.0,200502,CA,0203194090,47,47,70,70,9551311.0,0.0,24598327.0,2,2005
19506.0,0.0,58365.0,58865.0,58865.0,200502,CA,0203221000,47,47,70,70,19506.0,0.0,58365.0,2,2005
449534.0,0.0,1120159.0,1130390.0,1130390.0,200502,CA,0203229000,47,47,70,70,449534.0,0.0,1120159.0,2,2005
3226424.0,0.0,9276817.0,9321399.0,9321399.0,200502,CA,0203294000,47,47,70,70,3226424.0,0.0,9276817.0,2,2005
668533.0,0.0,1077897.0,1094274.0,1094274.0,200503,CA,0203110000,47,47,70,70,668533.0,0.0,1077897.0,3,2005
25433.0,0.0,82568.0,86909.0,86909.0,200503,CA,0203121010,47,47,70,70,25433.0,0.0,82568.0,3,2005
2188914.0,0.0,4066687.0,4084317.0,4084317.0,200503,CA,0203129010,47,47,70,70,2188914.0,0.0,4066687.0,3,2005
1765937.0,0.0,3745479.0,3767927.0,3767927.0,200503,CA,0203129020,47,47,70,70,1765937.0,0.0,3745479.0,3,2005
365962.0,0.0,1293441.0,1301004.0,1301004.0,200503,CA,0203192010,47,47,70,70,365962.0,0.0,1293441.0,3,2005
4258.0,0.0,20549.0,20938.0,20938.0,200503,CA,0203192090,47,47,70,70,4258.0,0.0,20549.0,3,2005
4491373.0,0.0,10469077.0,10568234.0,10568234.0,200503,CA,0203194010,47,47,70,70,4491373.0,0.0,10469077.0,3,2005
9866148.0,0.0,24744114.0,24832094.0,24832094.0,200503,CA,0203194090,47,47,70,70,9866148.0,0.0,24744114.0,3,2005
41493.0,0.0,68126.0,68326.0,68326.0,200503,CA,0203221000,47,47,70,70,41493.0,0.0,68126.0,3,2005
338105.0,0.0,835476.0,839270.0,856472.0,200503,CA,0203229000,47,47,70,70,356705.0,0.0,851878.0,3,2005
42092.0,0.0,68950.0,69151.0,69151.0,200503,CA,0203292000,47,47,70,70,42092.0,0.0,68950.0,3,2005
3852552.0,0.0,10728962.0,10798917.0,10798917.0,200503,CA,0203294000,47,47,70,70,3852552.0,0.0,10728962.0,3,2005
568406.0,0.0,905163.0,919263.0,919263.0,200504,CA,0203110000,47,47,70,70,568406.0,0.0,905163.0,4,2005
56071.0,0.0,183003.0,191926.0,191926.0,200504,CA,0203121010,47,47,70,70,56071.0,0.0,183003.0,4,2005
2430865.0,0.0,4416068.0,4443665.0,4443665.0,200504,CA,0203129010,47,47,70,70,2430865.0,0.0,4416068.0,4,2005
1843136.0,0.0,3774549.0,3806910.0,3806910.0,200504,CA,0203129020,47,47,70,70,1843136.0,0.0,3774549.0,4,2005
371852.0,0.0,1275769.0,1286043.0,1286043.0,200504,CA,0203192010,47,47,70,70,371852.0,0.0,1275769.0,4,2005
131938.0,0.0,401128.0,407591.0,407591.0,200504,CA,0203192090,47,47,70,70,131938.0,0.0,401128.0,4,2005
4625230.0,0.0,10774858.0,10874202.0,10874202.0,200504,CA,0203194010,47,47,70,70,4625230.0,0.0,10774858.0,4,2005
9717247.0,0.0,23901812.0,24096322.0,24096322.0,200504,CA,0203194090,47,47,70,70,9717247.0,0.0,23901812.0,4,2005
611282.0,0.0,1366361.0,1373474.0,1373474.0,200504,CA,0203229000,47,47,70,70,611282.0,0.0,1366361.0,4,2005
221.0,0.0,2142.0,2143.0,2143.0,200504,CA,0203292000,47,47,70,70,221.0,0.0,2142.0,4,2005
4063481.0,0.0,11978887.0,12038940.0,12038940.0,200504,CA,0203294000,47,47,70,70,4063481.0,0.0,11978887.0,4,2005
450892.0,0.0,804379.0,815560.0,815560.0,200505,CA,0203110000,47,47,70,70,450892.0,0.0,804379.0,5,2005
49265.0,0.0,148603.0,153915.0,153915.0,200505,CA,0203121010,47,47,70,70,49265.0,0.0,148603.0,5,2005
35830.0,0.0,77695.0,37460.0,37460.0,200505,CA,0203121020,47,47,70,70,35830.0,0.0,77695.0,5,2005
2768150.0,0.0,5066051.0,5087224.0,5087224.0,200505,CA,0203129010,47,47,70,70,2768150.0,0.0,5066051.0,5,2005
2440591.0,0.0,5355118.0,5377892.0,5377892.0,200505,CA,0203129020,47,47,70,70,2440591.0,0.0,5355118.0,5,2005
335774.0,0.0,1196169.0,1205992.0,1205992.0,200505,CA,0203192010,47,47,70,70,335774.0,0.0,1196169.0,5,2005
42700.0,0.0,116426.0,117448.0,117448.0,200505,CA,0203192090,47,47,70,70,42700.0,0.0,116426.0,5,2005
4291881.0,0.0,10324088.0,10428120.0,10428120.0,200505,CA,0203194010,47,47,70,70,4291881.0,0.0,10324088.0,5,2005
10596573.0,0.0,28276253.0,28441400.0,28441400.0,200505,CA,0203194090,47,47,70,70,10596573.0,0.0,28276253.0,5,2005
34169.0,0.0,88296.0,89783.0,89783.0,200505,CA,0203221000,47,47,70,70,34169.0,0.0,88296.0,5,2005
418597.0,0.0,910175.0,919363.0,945989.0,200505,CA,0203229000,47,47,70,70,436759.0,0.0,935801.0,5,2005
24976.0,0.0,70576.0,70926.0,70926.0,200505,CA,0203292000,47,47,70,70,24976.0,0.0,70576.0,5,2005
3730224.0,0.0,10351286.0,10410253.0,10410253.0,200505,CA,0203294000,47,47,70,70,3730224.0,0.0,10351286.0,5,2005
435199.0,0.0,713482.0,722484.0,722484.0,200506,CA,0203110000,47,47,70,70,435199.0,0.0,713482.0,6,2005
42899.0,0.0,156547.0,160984.0,160984.0,200506,CA,0203121010,47,47,70,70,42899.0,0.0,156547.0,6,2005
3103991.0,0.0,4965566.0,4985278.0,4985278.0,200506,CA,0203129010,47,47,70,70,3103991.0,0.0,4965566.0,6,2005
2107596.0,0.0,4255999.0,4274087.0,4274087.0,200506,CA,0203129020,47,47,70,70,2107596.0,0.0,4255999.0,6,2005
615647.0,0.0,2946851.0,2975883.0,2975883.0,200506,CA,0203192010,47,47,70,70,615647.0,0.0,2946851.0,6,2005
55093.0,0.0,205010.0,208438.0,208438.0,200506,CA,0203192090,47,47,70,70,55093.0,0.0,205010.0,6,2005
4111802.0,0.0,8694108.0,8796151.0,8796151.0,200506,CA,0203194010,47,47,70,70,4111802.0,0.0,8694108.0,6,2005
11937472.0,0.0,29705583.0,29896998.0,29896998.0,200506,CA,0203194090,47,47,70,70,11937472.0,0.0,29705583.0,6,2005
24862.0,0.0,44640.0,45846.0,45846.0,200506,CA,0203221000,47,47,70,70,24862.0,0.0,44640.0,6,2005
543684.0,0.0,1295337.0,1302754.0,1302754.0,200506,CA,0203229000,47,47,70,70,543684.0,0.0,1295337.0,6,2005
8653.0,0.0,68223.0,68276.0,68276.0,200506,CA,0203292000,47,47,70,70,8653.0,0.0,68223.0,6,2005
3565214.0,0.0,8350694.0,8403325.0,8403325.0,200506,CA,0203294000,47,47,70,70,3565214.0,0.0,8350694.0,6,2005
439022.0,0.0,738653.0,747746.0,747746.0,200507,CA,0203110000,47,47,70,70,439022.0,0.0,738653.0,7,2005
62069.0,0.0,167831.0,172546.0,172546.0,200507,CA,0203121010,47,47,70,70,62069.0,0.0,167831.0,7,2005
3141242.0,0.0,5166559.0,5191147.0,5247114.0,200507,CA,0203129010,47,47,70,70,3197887.0,0.0,5247462.0,7,2005
2384643.0,0.0,4738084.0,4755152.0,4755152.0,200507,CA,0203129020,47,47,70,70,2384643.0,0.0,4738084.0,7,2005
463645.0,0.0,1670538.0,1684061.0,1684061.0,200507,CA,0203192010,47,47,70,70,463645.0,0.0,1670538.0,7,2005
107591.0,0.0,303316.0,306591.0,306591.0,200507,CA,0203192090,47,47,70,70,107591.0,0.0,303316.0,7,2005
3786626.0,0.0,7780999.0,7883136.0,7883136.0,200507,CA,0203194010,47,47,70,70,3786626.0,0.0,7780999.0,7,2005
11742237.0,0.0,28429238.0,28584080.0,28584080.0,200507,CA,0203194090,47,47,70,70,11742237.0,0.0,28429238.0,7,2005
317585.0,0.0,576408.0,583093.0,583093.0,200507,CA,0203229000,47,47,70,70,317585.0,0.0,576408.0,7,2005
3075560.0,0.0,7647001.0,7694711.0,7694711.0,200507,CA,0203294000,47,47,70,70,3075560.0,0.0,7647001.0,7,2005
429250.0,0.0,725116.0,735174.0,735174.0,200508,CA,0203110000,47,47,70,70,429250.0,0.0,725116.0,8,2005
59193.0,0.0,165571.0,174196.0,174196.0,200508,CA,0203121010,47,47,70,70,59193.0,0.0,165571.0,8,2005
3070736.0,0.0,5199402.0,5220010.0,5248446.0,200508,CA,0203129010,47,47,70,70,3070736.0,0.0,5199402.0,8,2005
2287259.0,0.0,4662995.0,4680816.0,4680816.0,200508,CA,0203129020,47,47,70,70,2287259.0,0.0,4662995.0,8,2005
537003.0,0.0,1770377.0,1784742.0,1784742.0,200508,CA,0203192010,47,47,70,70,537003.0,0.0,1770377.0,8,2005
60464.0,0.0,95324.0,95822.0,95822.0,200508,CA,0203192090,47,47,70,70,60464.0,0.0,95324.0,8,2005
3697824.0,0.0,9943794.0,10052401.0,10052401.0,200508,CA,0203194010,47,47,70,70,3697824.0,0.0,9943794.0,8,2005
12832055.0,0.0,31996518.0,32165785.0,32165785.0,200508,CA,0203194090,47,47,70,70,12832055.0,0.0,31996518.0,8,2005
8647.0,0.0,32791.0,32941.0,32941.0,200508,CA,0203221000,47,47,70,70,8647.0,0.0,32791.0,8,2005
430066.0,0.0,868671.0,874838.0,874838.0,200508,CA,0203229000,47,47,70,70,430066.0,0.0,868671.0,8,2005
3983.0,0.0,33776.0,33778.0,33778.0,200508,CA,0203292000,47,47,70,70,3983.0,0.0,33776.0,8,2005
3506799.0,0.0,8315231.0,8347370.0,8347370.0,200508,CA,0203294000,47,47,70,70,3506799.0,0.0,8315231.0,8,2005
430645.0,0.0,711311.0,722000.0,722000.0,200509,CA,0203110000,47,47,70,70,430645.0,0.0,711311.0,9,2005
58798.0,0.0,165649.0,174423.0,174423.0,200509,CA,0203121010,47,47,70,70,58798.0,0.0,165649.0,9,2005
3066340.0,0.0,5361614.0,5389843.0,5389843.0,200509,CA,0203129010,47,47,70,70,3066340.0,0.0,5361614.0,9,2005
2002623.0,0.0,4141880.0,4159793.0,4159793.0,200509,CA,0203129020,47,47,70,70,2002623.0,0.0,4141880.0,9,2005
425474.0,0.0,1311864.0,1322769.0,1322769.0,200509,CA,0203192010,47,47,70,70,425474.0,0.0,1311864.0,9,2005
138460.0,0.0,402665.0,406443.0,406443.0,200509,CA,0203192090,47,47,70,70,138460.0,0.0,402665.0,9,2005
3837405.0,0.0,10010295.0,10094800.0,10094800.0,200509,CA,0203194010,47,47,70,70,3837405.0,0.0,10010295.0,9,2005
12283659.0,0.0,30249777.0,30462228.0,30462228.0,200509,CA,0203194090,47,47,70,70,12283659.0,0.0,30249777.0,9,2005
37155.0,0.0,104750.0,104902.0,104902.0,200509,CA,0203221000,47,47,70,70,37155.0,0.0,104750.0,9,2005
400359.0,0.0,817351.0,820345.0,820345.0,200509,CA,0203229000,47,47,70,70,400359.0,0.0,817351.0,9,2005
23507.0,0.0,56077.0,56127.0,56127.0,200509,CA,0203292000,47,47,70,70,23507.0,0.0,56077.0,9,2005
3209565.0,0.0,7938854.0,7985101.0,7985101.0,200509,CA,0203294000,47,47,70,70,3209565.0,0.0,7938854.0,9,2005
492838.0,0.0,784294.0,796131.0,796131.0,200510,CA,0203110000,47,47,70,70,492838.0,0.0,784294.0,10,2005
53167.0,0.0,171438.0,180066.0,180066.0,200510,CA,0203121010,47,47,70,70,53167.0,0.0,171438.0,10,2005
25862.0,0.0,57835.0,62146.0,62146.0,200510,CA,0203121020,47,47,70,70,25862.0,0.0,57835.0,10,2005
3827289.0,0.0,7199576.0,7251296.0,7251296.0,200510,CA,0203129010,47,47,70,70,3827289.0,0.0,7199576.0,10,2005
1877253.0,0.0,3805136.0,3828239.0,3828239.0,200510,CA,0203129020,47,47,70,70,1877253.0,0.0,3805136.0,10,2005
445831.0,0.0,1242412.0,1256567.0,1256567.0,200510,CA,0203192010,47,47,70,70,445831.0,0.0,1242412.0,10,2005
61892.0,0.0,185575.0,188084.0,188084.0,200510,CA,0203192090,47,47,70,70,61892.0,0.0,185575.0,10,2005
3940859.0,0.0,9730169.0,9818390.0,9818390.0,200510,CA,0203194010,47,47,70,70,3940859.0,0.0,9730169.0,10,2005
12445169.0,0.0,30708992.0,30936051.0,30936051.0,200510,CA,0203194090,47,47,70,70,12445169.0,0.0,30708992.0,10,2005
28893.0,0.0,93301.0,93920.0,93920.0,200510,CA,0203221000,47,47,70,70,28893.0,0.0,93301.0,10,2005
394242.0,0.0,927125.0,936104.0,936104.0,200510,CA,0203229000,47,47,70,70,394242.0,0.0,927125.0,10,2005
858.0,0.0,3837.0,4137.0,4137.0,200510,CA,0203292000,47,47,70,70,858.0,0.0,3837.0,10,2005
3965002.0,0.0,10011696.0,10072844.0,10085270.0,200510,CA,0203294000,47,47,70,70,3983402.0,0.0,10023122.0,10,2005
542126.0,0.0,845277.0,859644.0,859644.0,200511,CA,0203110000,47,47,70,70,542126.0,0.0,845277.0,11,2005
44098.0,0.0,86729.0,91440.0,91440.0,200511,CA,0203121020,47,47,70,70,44098.0,0.0,86729.0,11,2005
4119947.0,0.0,7778228.0,7839170.0,7839170.0,200511,CA,0203129010,47,47,70,70,4119947.0,0.0,7778228.0,11,2005
2064833.0,0.0,3865881.0,3881416.0,3881416.0,200511,CA,0203129020,47,47,70,70,2064833.0,0.0,3865881.0,11,2005
433603.0,0.0,1353426.0,1360320.0,1360320.0,200511,CA,0203192010,47,47,70,70,433603.0,0.0,1353426.0,11,2005
50332.0,0.0,165660.0,166458.0,166458.0,200511,CA,0203192090,47,47,70,70,50332.0,0.0,165660.0,11,2005
4882959.0,0.0,11088645.0,11197751.0,11197751.0,200511,CA,0203194010,47,47,70,70,4882959.0,0.0,11088645.0,11,2005
12715260.0,0.0,31246888.0,31364819.0,31364819.0,200511,CA,0203194090,47,47,70,70,12715260.0,0.0,31246888.0,11,2005
604.0,0.0,2430.0,2432.0,2432.0,200511,CA,0203210000,47,47,70,70,604.0,0.0,2430.0,11,2005
14490.0,0.0,49195.0,49295.0,49295.0,200511,CA,0203221000,47,47,70,70,14490.0,0.0,49195.0,11,2005
595539.0,0.0,1244783.0,1255747.0,1255747.0,200511,CA,0203229000,47,47,70,70,595539.0,0.0,1244783.0,11,2005
18020.0,0.0,28067.0,28090.0,28090.0,200511,CA,0203292000,47,47,70,70,18020.0,0.0,28067.0,11,2005
3188182.0,0.0,8572866.0,8613126.0,8613126.0,200511,CA,0203294000,47,47,70,70,3188182.0,0.0,8572866.0,11,2005
482639.0,0.0,758504.0,769877.0,769877.0,200512,CA,0203110000,47,47,70,70,482639.0,0.0,758504.0,12,2005
26194.0,0.0,50546.0,50871.0,50871.0,200512,CA,0203121010,47,47,70,70,26194.0,0.0,50546.0,12,2005
6184271.0,0.0,11144420.0,11251477.0,11251477.0,200512,CA,0203129010,47,47,70,70,6184271.0,0.0,11144420.0,12,2005
2911621.0,0.0,5241800.0,5276629.0,5276629.0,200512,CA,0203129020,47,47,70,70,2911621.0,0.0,5241800.0,12,2005
598820.0,0.0,2035158.0,2055888.0,2055888.0,200512,CA,0203192010,47,47,70,70,598820.0,0.0,2035158.0,12,2005
103388.0,0.0,354238.0,356987.0,356987.0,200512,CA,0203192090,47,47,70,70,103388.0,0.0,354238.0,12,2005
4921312.0,0.0,11055401.0,11166234.0,11166234.0,200512,CA,0203194010,47,47,70,70,4921312.0,0.0,11055401.0,12,2005
12417901.0,0.0,30530678.0,30873169.0,30873169.0,200512,CA,0203194090,47,47,70,70,12417901.0,0.0,30530678.0,12,2005
32408.0,0.0,144998.0,145448.0,145448.0,200512,CA,0203221000,47,47,70,70,32408.0,0.0,144998.0,12,2005
714715.0,0.0,1707747.0,1719368.0,1719368.0,200512,CA,0203229000,47,47,70,70,714715.0,0.0,1707747.0,12,2005
3395354.0,0.0,9023747.0,9029305.0,9039208.0,200512,CA,0203294000,47,47,70,70,3413254.0,0.0,9033647.0,12,2005
562998.0,0.0,825976.0,836799.0,836799.0,200601,CA,0203110000,47,47,70,70,562998.0,0.0,825976.0,1,2006
25511.0,0.0,78364.0,82675.0,82675.0,200601,CA,0203121010,47,47,70,70,25511.0,0.0,78364.0,1,2006
3528355.0,0.0,5850199.0,5896044.0,5896044.0,200601,CA,0203129010,47,47,70,70,3528355.0,0.0,5850199.0,1,2006
1670427.0,0.0,2933049.0,2937941.0,2937941.0,200601,CA,0203129020,47,47,70,70,1670427.0,0.0,2933049.0,1,2006
559100.0,0.0,1908059.0,1926155.0,1926155.0,200601,CA,0203192010,47,47,70,70,559100.0,0.0,1908059.0,1,2006
166209.0,0.0,810493.0,815243.0,815243.0,200601,CA,0203192090,47,47,70,70,166209.0,0.0,810493.0,1,2006
4614892.0,0.0,10098326.0,10196952.0,10196952.0,200601,CA,0203194010,47,47,70,70,4614892.0,0.0,10098326.0,1,2006
10968687.0,0.0,25313166.0,25433315.0,25433315.0,200601,CA,0203194090,47,47,70,70,10968687.0,0.0,25313166.0,1,2006
1328.0,0.0,5205.0,5210.0,5210.0,200601,CA,0203210000,47,47,70,70,1328.0,0.0,5205.0,1,2006
70880.0,0.0,276404.0,277304.0,277304.0,200601,CA,0203221000,47,47,70,70,70880.0,0.0,276404.0,1,2006
485024.0,0.0,1132783.0,1137685.0,1137685.0,200601,CA,0203229000,47,47,70,70,485024.0,0.0,1132783.0,1,2006
3703840.0,0.0,9129844.0,9169028.0,9169028.0,200601,CA,0203294000,47,47,70,70,3703840.0,0.0,9129844.0,1,2006
585839.0,0.0,892989.0,906064.0,906064.0,200602,CA,0203110000,47,47,70,70,585839.0,0.0,892989.0,2,2006
27850.0,0.0,85320.0,89633.0,89633.0,200602,CA,0203121010,47,47,70,70,27850.0,0.0,85320.0,2,2006
2795575.0,0.0,4207520.0,4265314.0,4265314.0,200602,CA,0203129010,47,47,70,70,2795575.0,0.0,4207520.0,2,2006
1346251.0,0.0,2436524.0,2469136.0,2469136.0,200602,CA,0203129020,47,47,70,70,1346251.0,0.0,2436524.0,2,2006
544031.0,0.0,1590091.0,1599492.0,1599492.0,200602,CA,0203192010,47,47,70,70,544031.0,0.0,1590091.0,2,2006
162391.0,0.0,755414.0,757582.0,757582.0,200602,CA,0203192090,47,47,70,70,162391.0,0.0,755414.0,2,2006
3804556.0,0.0,7936595.0,8015296.0,8015296.0,200602,CA,0203194010,47,47,70,70,3804556.0,0.0,7936595.0,2,2006
10054312.0,0.0,23117472.0,23293512.0,23293512.0,200602,CA,0203194090,47,47,70,70,10054312.0,0.0,23117472.0,2,2006
14894.0,0.0,81771.0,82071.0,82071.0,200602,CA,0203221000,47,47,70,70,14894.0,0.0,81771.0,2,2006
345982.0,0.0,681734.0,686679.0,686679.0,200602,CA,0203229000,47,47,70,70,345982.0,0.0,681734.0,2,2006
28504.0,0.0,113528.0,114693.0,114693.0,200602,CA,0203292000,47,47,70,70,28504.0,0.0,113528.0,2,2006
3154367.0,0.0,7164299.0,7284369.0,7284369.0,200602,CA,0203294000,47,47,70,70,3154367.0,0.0,7164299.0,2,2006
669731.0,0.0,1035945.0,1049585.0,1049585.0,200603,CA,0203110000,47,47,70,70,669731.0,0.0,1035945.0,3,2006
51776.0,0.0,151604.0,160631.0,160631.0,200603,CA,0203121010,47,47,70,70,51776.0,0.0,151604.0,3,2006
95828.0,0.0,203602.0,219714.0,219714.0,200603,CA,0203121020,47,47,70,70,95828.0,0.0,203602.0,3,2006
3446455.0,0.0,5452823.0,5476020.0,5476020.0,200603,CA,0203129010,47,47,70,70,3446455.0,0.0,5452823.0,3,2006
1810073.0,0.0,3067598.0,3084295.0,3084295.0,200603,CA,0203129020,47,47,70,70,1810073.0,0.0,3067598.0,3,2006
492199.0,0.0,1522391.0,1532726.0,1532726.0,200603,CA,0203192010,47,47,70,70,492199.0,0.0,1522391.0,3,2006
162397.0,0.0,657193.0,659972.0,659972.0,200603,CA,0203192090,47,47,70,70,162397.0,0.0,657193.0,3,2006
4715859.0,0.0,10362488.0,10472780.0,10472780.0,200603,CA,0203194010,47,47,70,70,4715859.0,0.0,10362488.0,3,2006
11632881.0,0.0,27855940.0,28033108.0,28033108.0,200603,CA,0203194090,47,47,70,70,11632881.0,0.0,27855940.0,3,2006
32662.0,0.0,137435.0,137785.0,137785.0,200603,CA,0203221000,47,47,70,70,32662.0,0.0,137435.0,3,2006
440897.0,0.0,835522.0,840845.0,840845.0,200603,CA,0203229000,47,47,70,70,440897.0,0.0,835522.0,3,2006
2313.0,0.0,4601.0,5486.0,5486.0,200603,CA,0203292000,47,47,70,70,2313.0,0.0,4601.0,3,2006
3681537.0,0.0,8422934.0,8487991.0,8487991.0,200603,CA,0203294000,47,47,70,70,3681537.0,0.0,8422934.0,3,2006
579738.0,0.0,849714.0,862397.0,862397.0,200604,CA,0203110000,47,47,70,70,579738.0,0.0,849714.0,4,2006
39842.0,0.0,129580.0,133612.0,133612.0,200604,CA,0203121010,47,47,70,70,39842.0,0.0,129580.0,4,2006
25479.0,0.0,53266.0,57294.0,57294.0,200604,CA,0203121020,47,47,70,70,25479.0,0.0,53266.0,4,2006
2428016.0,0.0,3585481.0,3648897.0,3648897.0,200604,CA,0203129010,47,47,70,70,2428016.0,0.0,3585481.0,4,2006
1335259.0,0.0,2330173.0,2344032.0,2344032.0,200604,CA,0203129020,47,47,70,70,1335259.0,0.0,2330173.0,4,2006
397639.0,0.0,1454009.0,1463888.0,1463888.0,200604,CA,0203192010,47,47,70,70,397639.0,0.0,1454009.0,4,2006
110719.0,0.0,372630.0,375730.0,375730.0,200604,CA,0203192090,47,47,70,70,110719.0,0.0,372630.0,4,2006
4087909.0,0.0,8867558.0,8963442.0,8963442.0,200604,CA,0203194010,47,47,70,70,4087909.0,0.0,8867558.0,4,2006
10151486.0,0.0,23941888.0,24078501.0,24078501.0,200604,CA,0203194090,47,47,70,70,10151486.0,0.0,23941888.0,4,2006
18316.0,0.0,56935.0,57135.0,57135.0,200604,CA,0203221000,47,47,70,70,18316.0,0.0,56935.0,4,2006
377162.0,0.0,733655.0,738277.0,738277.0,200604,CA,0203229000,47,47,70,70,377162.0,0.0,733655.0,4,2006
3408974.0,0.0,7073262.0,7133290.0,7133290.0,200604,CA,0203294000,47,47,70,70,3408974.0,0.0,7073262.0,4,2006
598067.0,0.0,1018701.0,1031021.0,1031021.0,200605,CA,0203110000,47,47,70,70,598067.0,0.0,1018701.0,5,2006
8871.0,0.0,35951.0,36252.0,36252.0,200605,CA,0203121010,47,47,70,70,8871.0,0.0,35951.0,5,2006
17983.0,0.0,38059.0,38359.0,38359.0,200605,CA,0203121020,47,47,70,70,17983.0,0.0,38059.0,5,2006
2438328.0,0.0,4160373.0,4183146.0,4183146.0,200605,CA,0203129010,47,47,70,70,2438328.0,0.0,4160373.0,5,2006
1553602.0,0.0,3277945.0,3296379.0,3296379.0,200605,CA,0203129020,47,47,70,70,1553602.0,0.0,3277945.0,5,2006
462628.0,0.0,1854994.0,1868780.0,1868780.0,200605,CA,0203192010,47,47,70,70,462628.0,0.0,1854994.0,5,2006
98978.0,0.0,378885.0,380167.0,380167.0,200605,CA,0203192090,47,47,70,70,98978.0,0.0,378885.0,5,2006
3698089.0,0.0,9140222.0,9201520.0,9201520.0,200605,CA,0203194010,47,47,70,70,3698089.0,0.0,9140222.0,5,2006
10791882.0,0.0,26715443.0,26846462.0,26846462.0,200605,CA,0203194090,47,47,70,70,10791882.0,0.0,26715443.0,5,2006
26362.0,0.0,86894.0,87494.0,87494.0,200605,CA,0203221000,47,47,70,70,26362.0,0.0,86894.0,5,2006
454698.0,0.0,887869.0,898180.0,898180.0,200605,CA,0203229000,47,47,70,70,454698.0,0.0,887869.0,5,2006
3023763.0,0.0,7427922.0,7496352.0,7521939.0,200605,CA,0203294000,47,47,70,70,3043351.0,0.0,7451309.0,5,2006
653745.0,0.0,1224714.0,1238784.0,1238784.0,200606,CA,0203110000,47,47,70,70,653745.0,0.0,1224714.0,6,2006
45998.0,0.0,155845.0,159881.0,159881.0,200606,CA,0203121010,47,47,70,70,45998.0,0.0,155845.0,6,2006
52366.0,0.0,112008.0,120064.0,120064.0,200606,CA,0203121020,47,47,70,70,52366.0,0.0,112008.0,6,2006
2903422.0,0.0,4986985.0,5020130.0,5020130.0,200606,CA,0203129010,47,47,70,70,2903422.0,0.0,4986985.0,6,2006
1546407.0,0.0,3274151.0,3296515.0,3296515.0,200606,CA,0203129020,47,47,70,70,1546407.0,0.0,3274151.0,6,2006
518489.0,0.0,2097719.0,2112649.0,2112649.0,200606,CA,0203192010,47,47,70,70,518489.0,0.0,2097719.0,6,2006
61242.0,0.0,240632.0,241430.0,241430.0,200606,CA,0203192090,47,47,70,70,61242.0,0.0,240632.0,6,2006
3447931.0,0.0,9099685.0,9157763.0,9157763.0,200606,CA,0203194010,47,47,70,70,3447931.0,0.0,9099685.0,6,2006
11738080.0,0.0,30135471.0,30388665.0,30388665.0,200606,CA,0203194090,47,47,70,70,11738080.0,0.0,30135471.0,6,2006
38571.0,0.0,145526.0,146076.0,146076.0,200606,CA,0203221000,47,47,70,70,38571.0,0.0,145526.0,6,2006
252209.0,0.0,408963.0,411618.0,411618.0,200606,CA,0203229000,47,47,70,70,252209.0,0.0,408963.0,6,2006
2515.0,0.0,22674.0,22774.0,22774.0,200606,CA,0203292000,47,47,70,70,2515.0,0.0,22674.0,6,2006
2573852.0,0.0,6745579.0,6806544.0,6806544.0,200606,CA,0203294000,47,47,70,70,2573852.0,0.0,6745579.0,6,2006
708294.0,0.0,1256632.0,1273170.0,1273170.0,200607,CA,0203110000,47,47,70,70,708294.0,0.0,1256632.0,7,2006
101968.0,0.0,275700.0,291812.0,291812.0,200607,CA,0203121010,47,47,70,70,101968.0,0.0,275700.0,7,2006
3586913.0,0.0,6224902.0,6280037.0,6280037.0,200607,CA,0203129010,47,47,70,70,3586913.0,0.0,6224902.0,7,2006
1736139.0,0.0,3624225.0,3650881.0,3650881.0,200607,CA,0203129020,47,47,70,70,1736139.0,0.0,3624225.0,7,2006
427710.0,0.0,1472600.0,1479056.0,1479056.0,200607,CA,0203192010,47,47,70,70,427710.0,0.0,1472600.0,7,2006
50237.0,0.0,206181.0,206905.0,206905.0,200607,CA,0203192090,47,47,70,70,50237.0,0.0,206181.0,7,2006
3638899.0,0.0,10051412.0,10121458.0,10121458.0,200607,CA,0203194010,47,47,70,70,3638899.0,0.0,10051412.0,7,2006
12122625.0,0.0,30820726.0,31009905.0,31009905.0,200607,CA,0203194090,47,47,70,70,12122625.0,0.0,30820726.0,7,2006
14509.0,0.0,47979.0,48129.0,48129.0,200607,CA,0203221000,47,47,70,70,14509.0,0.0,47979.0,7,2006
302725.0,0.0,808201.0,815152.0,815152.0,200607,CA,0203229000,47,47,70,70,302725.0,0.0,808201.0,7,2006
2437613.0,0.0,6793711.0,6836719.0,6836719.0,200607,CA,0203294000,47,47,70,70,2437613.0,0.0,6793711.0,7,2006
698841.0,0.0,1266073.0,1282103.0,1282103.0,200608,CA,0203110000,47,47,70,70,698841.0,0.0,1266073.0,8,2006
22243.0,0.0,76743.0,77244.0,77244.0,200608,CA,0203121010,47,47,70,70,22243.0,0.0,76743.0,8,2006
3475155.0,0.0,6431312.0,6502163.0,6502163.0,200608,CA,0203129010,47,47,70,70,3475155.0,0.0,6431312.0,8,2006
1844385.0,0.0,3870692.0,3915187.0,3915187.0,200608,CA,0203129020,47,47,70,70,1844385.0,0.0,3870692.0,8,2006
432338.0,0.0,1386003.0,1399838.0,1399838.0,200608,CA,0203192010,47,47,70,70,432338.0,0.0,1386003.0,8,2006
47430.0,0.0,187639.0,188155.0,188155.0,200608,CA,0203192090,47,47,70,70,47430.0,0.0,187639.0,8,2006
4057756.0,0.0,10397715.0,10525574.0,10525574.0,200608,CA,0203194010,47,47,70,70,4057756.0,0.0,10397715.0,8,2006
11558747.0,0.0,29269602.0,29514610.0,29514610.0,200608,CA,0203194090,47,47,70,70,11558747.0,0.0,29269602.0,8,2006
19042.0,0.0,68892.0,69317.0,69317.0,200608,CA,0203221000,47,47,70,70,19042.0,0.0,68892.0,8,2006
347344.0,0.0,698512.0,705625.0,705625.0,200608,CA,0203229000,47,47,70,70,347344.0,0.0,698512.0,8,2006
3295640.0,0.0,7402076.0,7506483.0,7506483.0,200608,CA,0203294000,47,47,70,70,3295640.0,0.0,7402076.0,8,2006
614125.0,0.0,1011880.0,1027576.0,1027576.0,200609,CA,0203110000,47,47,70,70,614125.0,0.0,1011880.0,9,2006
655.0,0.0,3324.0,3325.0,3325.0,200609,CA,0203121010,47,47,70,70,655.0,0.0,3324.0,9,2006
3352767.0,0.0,6058987.0,6116219.0,6116219.0,200609,CA,0203129010,47,47,70,70,3352767.0,0.0,6058987.0,9,2006
1179157.0,0.0,2488470.0,2515339.0,2515339.0,200609,CA,0203129020,47,47,70,70,1179157.0,0.0,2488470.0,9,2006
379084.0,0.0,1033448.0,1044358.0,1044358.0,200609,CA,0203192010,47,47,70,70,379084.0,0.0,1033448.0,9,2006
35131.0,0.0,148404.0,148909.0,148909.0,200609,CA,0203192090,47,47,70,70,35131.0,0.0,148404.0,9,2006
4020550.0,0.0,10438837.0,10551932.0,10551932.0,200609,CA,0203194010,47,47,70,70,4020550.0,0.0,10438837.0,9,2006
9666215.0,0.0,25207437.0,25417841.0,25417841.0,200609,CA,0203194090,47,47,70,70,9666215.0,0.0,25207437.0,9,2006
17878.0,0.0,28772.0,29772.0,29772.0,200609,CA,0203210000,47,47,70,70,17878.0,0.0,28772.0,9,2006
14500.0,0.0,69390.0,69990.0,69990.0,200609,CA,0203221000,47,47,70,70,14500.0,0.0,69390.0,9,2006
272972.0,0.0,626748.0,630618.0,630618.0,200609,CA,0203229000,47,47,70,70,272972.0,0.0,626748.0,9,2006
4238.0,0.0,24320.0,24369.0,24369.0,200609,CA,0203292000,47,47,70,70,4238.0,0.0,24320.0,9,2006
3345117.0,0.0,7610202.0,7704667.0,7704667.0,200609,CA,0203294000,47,47,70,70,3345117.0,0.0,7610202.0,9,2006
722784.0,0.0,1102955.0,1121552.0,1121552.0,200610,CA,0203110000,47,47,70,70,722784.0,0.0,1102955.0,10,2006
4465387.0,0.0,8066267.0,8157672.0,8157672.0,200610,CA,0203129010,47,47,70,70,4465387.0,0.0,8066267.0,10,2006
1115630.0,0.0,2357065.0,2382826.0,2382826.0,200610,CA,0203129020,47,47,70,70,1115630.0,0.0,2357065.0,10,2006
539772.0,0.0,1542445.0,1564091.0,1564091.0,200610,CA,0203192010,47,47,70,70,539772.0,0.0,1542445.0,10,2006
89696.0,0.0,422394.0,425056.0,425056.0,200610,CA,0203192090,47,47,70,70,89696.0,0.0,422394.0,10,2006
3908163.0,0.0,8821141.0,8938398.0,8938398.0,200610,CA,0203194010,47,47,70,70,3908163.0,0.0,8821141.0,10,2006
11358358.0,0.0,27951239.0,28175209.0,28175209.0,200610,CA,0203194090,47,47,70,70,11358358.0,0.0,27951239.0,10,2006
2248.0,0.0,28181.0,28481.0,28481.0,200610,CA,0203221000,47,47,70,70,2248.0,0.0,28181.0,10,2006
252118.0,0.0,430208.0,433381.0,433381.0,200610,CA,0203229000,47,47,70,70,252118.0,0.0,430208.0,10,2006
14854.0,0.0,21709.0,21809.0,21809.0,200610,CA,0203292000,47,47,70,70,14854.0,0.0,21709.0,10,2006
3723676.0,0.0,9448510.0,9560677.0,9560677.0,200610,CA,0203294000,47,47,70,70,3723676.0,0.0,9448510.0,10,2006
647450.0,0.0,942566.0,957950.0,957950.0,200611,CA,0203110000,47,47,70,70,647450.0,0.0,942566.0,11,2006
20943.0,0.0,34632.0,34800.0,34800.0,200611,CA,0203121010,47,47,70,70,20943.0,0.0,34632.0,11,2006
4407926.0,0.0,7308069.0,7365333.0,7365333.0,200611,CA,0203129010,47,47,70,70,4407926.0,0.0,7308069.0,11,2006
1290595.0,0.0,2549937.0,2568635.0,2568635.0,200611,CA,0203129020,47,47,70,70,1290595.0,0.0,2549937.0,11,2006
539847.0,0.0,1816742.0,1844966.0,1844966.0,200611,CA,0203192010,47,47,70,70,539847.0,0.0,1816742.0,11,2006
102112.0,0.0,461939.0,464366.0,464366.0,200611,CA,0203192090,47,47,70,70,102112.0,0.0,461939.0,11,2006
3966996.0,0.0,8922614.0,9030671.0,9030671.0,200611,CA,0203194010,47,47,70,70,3966996.0,0.0,8922614.0,11,2006
10963492.0,0.0,26705171.0,26903604.0,26903604.0,200611,CA,0203194090,47,47,70,70,10963492.0,0.0,26705171.0,11,2006
1248.0,0.0,15053.0,15353.0,15353.0,200611,CA,0203221000,47,47,70,70,1248.0,0.0,15053.0,11,2006
262945.0,0.0,558131.0,564782.0,564782.0,200611,CA,0203229000,47,47,70,70,262945.0,0.0,558131.0,11,2006
2653.0,0.0,21056.0,21200.0,21200.0,200611,CA,0203292000,47,47,70,70,2653.0,0.0,21056.0,11,2006
4122740.0,0.0,9324510.0,9462121.0,9462121.0,200611,CA,0203294000,47,47,70,70,4122740.0,0.0,9324510.0,11,2006
471798.0,0.0,683379.0,693079.0,693079.0,200612,CA,0203110000,47,47,70,70,471798.0,0.0,683379.0,12,2006
58643.0,0.0,124331.0,132478.0,132478.0,200612,CA,0203121020,47,47,70,70,58643.0,0.0,124331.0,12,2006
4034207.0,0.0,6266571.0,6368537.0,6368537.0,200612,CA,0203129010,47,47,70,70,4034207.0,0.0,6266571.0,12,2006
1636639.0,0.0,3086150.0,3127901.0,3127901.0,200612,CA,0203129020,47,47,70,70,1636639.0,0.0,3086150.0,12,2006
508457.0,0.0,1636628.0,1658105.0,1658105.0,200612,CA,0203192010,47,47,70,70,508457.0,0.0,1636628.0,12,2006
93682.0,0.0,359745.0,360979.0,360979.0,200612,CA,0203192090,47,47,70,70,93682.0,0.0,359745.0,12,2006
3662788.0,0.0,8638123.0,8761111.0,8761111.0,200612,CA,0203194010,47,47,70,70,3662788.0,0.0,8638123.0,12,2006
10040482.0,0.0,23946547.0,24102072.0,24102072.0,200612,CA,0203194090,47,47,70,70,10040482.0,0.0,23946547.0,12,2006
1118.0,0.0,4600.0,4625.0,4625.0,200612,CA,0203210000,47,47,70,70,1118.0,0.0,4600.0,12,2006
1595.0,0.0,19973.0,20173.0,20173.0,200612,CA,0203221000,47,47,70,70,1595.0,0.0,19973.0,12,2006
391318.0,0.0,1073365.0,1079285.0,1079285.0,200612,CA,0203229000,47,47,70,70,391318.0,0.0,1073365.0,12,2006
27633.0,0.0,82015.0,82266.0,82266.0,200612,CA,0203292000,47,47,70,70,27633.0,0.0,82015.0,12,2006
3922776.0,0.0,8951131.0,9053818.0,9053818.0,200612,CA,0203294000,47,47,70,70,3922776.0,0.0,8951131.0,12,2006
630799.0,0.0,893428.0,907928.0,907928.0,200701,CA,0203110000,47,47,70,70,630799.0,0.0,893428.0,1,2007
25464.0,0.0,70075.0,74103.0,74103.0,200701,CA,0203121010,47,47,70,70,25464.0,0.0,70075.0,1,2007
2883950.0,0.0,4271829.0,4337364.0,4337364.0,200701,CA,0203129010,47,47,70,70,2883950.0,0.0,4271829.0,1,2007
981649.0,0.0,1923604.0,1947237.0,1947237.0,200701,CA,0203129020,47,47,70,70,981649.0,0.0,1923604.0,1,2007
540649.0,0.0,1439709.0,1464577.0,1464577.0,200701,CA,0203192010,47,47,70,70,540649.0,0.0,1439709.0,1,2007
106710.0,0.0,476828.0,480992.0,480992.0,200701,CA,0203192090,47,47,70,70,106710.0,0.0,476828.0,1,2007
4018832.0,0.0,9616845.0,9737983.0,9737983.0,200701,CA,0203194010,47,47,70,70,4018832.0,0.0,9616845.0,1,2007
9560978.0,0.0,22273286.0,22603263.0,22603263.0,200701,CA,0203194090,47,47,70,70,9560978.0,0.0,22273286.0,1,2007
1602.0,0.0,19636.0,19893.0,19893.0,200701,CA,0203221000,47,47,70,70,1602.0,0.0,19636.0,1,2007
409740.0,0.0,928742.0,938584.0,938584.0,200701,CA,0203229000,47,47,70,70,409740.0,0.0,928742.0,1,2007
60919.0,0.0,97543.0,98223.0,98223.0,200701,CA,0203292000,47,47,70,70,60919.0,0.0,97543.0,1,2007
3379600.0,0.0,7909368.0,8036763.0,8036763.0,200701,CA,0203294000,47,47,70,70,3379600.0,0.0,7909368.0,1,2007
601045.0,0.0,925910.0,943503.0,943503.0,200702,CA,0203110000,47,47,70,70,601045.0,0.0,925910.0,2,2007
25390.0,0.0,69859.0,73887.0,73887.0,200702,CA,0203121010,47,47,70,70,25390.0,0.0,69859.0,2,2007
3909.0,0.0,8507.0,8563.0,8563.0,200702,CA,0203121020,47,47,70,70,3909.0,0.0,8507.0,2,2007
4131593.0,0.0,6593049.0,6663063.0,6663063.0,200702,CA,0203129010,47,47,70,70,4131593.0,0.0,6593049.0,2,2007
1117931.0,0.0,2380018.0,2417077.0,2417077.0,200702,CA,0203129020,47,47,70,70,1117931.0,0.0,2380018.0,2,2007
326969.0,0.0,837261.0,846888.0,846888.0,200702,CA,0203192010,47,47,70,70,326969.0,0.0,837261.0,2,2007
114067.0,0.0,531117.0,534151.0,534151.0,200702,CA,0203192090,47,47,70,70,114067.0,0.0,531117.0,2,2007
3787059.0,0.0,9833697.0,9928433.0,9928433.0,200702,CA,0203194010,47,47,70,70,3787059.0,0.0,9833697.0,2,2007
9569996.0,0.0,23731706.0,23870937.0,23870937.0,200702,CA,0203194090,47,47,70,70,9569996.0,0.0,23731706.0,2,2007
34179.0,0.0,229001.0,229464.0,229464.0,200702,CA,0203221000,47,47,70,70,34179.0,0.0,229001.0,2,2007
398699.0,0.0,930479.0,940308.0,940308.0,200702,CA,0203229000,47,47,70,70,398699.0,0.0,930479.0,2,2007
23353.0,0.0,53856.0,54096.0,54096.0,200702,CA,0203292000,47,47,70,70,23353.0,0.0,53856.0,2,2007
3322144.0,0.0,6907111.0,7017523.0,7017523.0,200702,CA,0203294000,47,47,70,70,3322144.0,0.0,6907111.0,2,2007
860743.0,0.0,1297951.0,1316719.0,1316719.0,200703,CA,0203110000,47,47,70,70,860743.0,0.0,1297951.0,3,2007
1106.0,0.0,2036.0,2131.0,2131.0,200703,CA,0203121010,47,47,70,70,1106.0,0.0,2036.0,3,2007
19051.0,0.0,52080.0,52280.0,52280.0,200703,CA,0203121020,47,47,70,70,19051.0,0.0,52080.0,3,2007
5421070.0,0.0,7633642.0,7717444.0,7717444.0,200703,CA,0203129010,47,47,70,70,5421070.0,0.0,7633642.0,3,2007
1717311.0,0.0,3616700.0,3660437.0,3660437.0,200703,CA,0203129020,47,47,70,70,1717311.0,0.0,3616700.0,3,2007
441844.0,0.0,1568938.0,1587390.0,1587390.0,200703,CA,0203192010,47,47,70,70,441844.0,0.0,1568938.0,3,2007
76524.0,0.0,329939.0,331157.0,331157.0,200703,CA,0203192090,47,47,70,70,76524.0,0.0,329939.0,3,2007
4237690.0,0.0,11437036.0,11549321.0,11549321.0,200703,CA,0203194010,47,47,70,70,4237690.0,0.0,11437036.0,3,2007
10370711.0,0.0,24537448.0,24740681.0,24740681.0,200703,CA,0203194090,47,47,70,70,10370711.0,0.0,24537448.0,3,2007
23593.0,0.0,32248.0,32498.0,32498.0,200703,CA,0203221000,47,47,70,70,23593.0,0.0,32248.0,3,2007
377245.0,0.0,911608.0,915046.0,915046.0,200703,CA,0203229000,47,47,70,70,377245.0,0.0,911608.0,3,2007
37077.0,0.0,144590.0,145040.0,145040.0,200703,CA,0203292000,47,47,70,70,37077.0,0.0,144590.0,3,2007
3415079.0,0.0,7932006.0,8078433.0,8078433.0,200703,CA,0203294000,47,47,70,70,3415079.0,0.0,7932006.0,3,2007
790867.0,0.0,1261089.0,1284026.0,1284026.0,200704,CA,0203110000,47,47,70,70,790867.0,0.0,1261089.0,4,2007
126681.0,0.0,274680.0,287705.0,287705.0,200704,CA,0203121020,47,47,70,70,126681.0,0.0,274680.0,4,2007
4361335.0,0.0,6671173.0,6732584.0,6732584.0,200704,CA,0203129010,47,47,70,70,4361335.0,0.0,6671173.0,4,2007
1834135.0,0.0,3600075.0,3638890.0,3638890.0,200704,CA,0203129020,47,47,70,70,1834135.0,0.0,3600075.0,4,2007
378856.0,0.0,1231941.0,1244138.0,1244138.0,200704,CA,0203192010,47,47,70,70,378856.0,0.0,1231941.0,4,2007
92613.0,0.0,436611.0,439303.0,439303.0,200704,CA,0203192090,47,47,70,70,92613.0,0.0,436611.0,4,2007
3833882.0,0.0,10149460.0,10264396.0,10264396.0,200704,CA,0203194010,47,47,70,70,3833882.0,0.0,10149460.0,4,2007
9783492.0,0.0,22855657.0,23076322.0,23076322.0,200704,CA,0203194090,47,47,70,70,9783492.0,0.0,22855657.0,4,2007
263209.0,0.0,670583.0,679404.0,679404.0,200704,CA,0203229000,47,47,70,70,263209.0,0.0,670583.0,4,2007
20312.0,0.0,139603.0,139877.0,139877.0,200704,CA,0203292000,47,47,70,70,20312.0,0.0,139603.0,4,2007
3269374.0,0.0,7000126.0,7127506.0,7127506.0,200704,CA,0203294000,47,47,70,70,3269374.0,0.0,7000126.0,4,2007
786046.0,0.0,1451384.0,1476081.0,1476081.0,200705,CA,0203110000,47,47,70,70,786046.0,0.0,1451384.0,5,2007
27087.0,0.0,75771.0,79940.0,79940.0,200705,CA,0203121010,47,47,70,70,27087.0,0.0,75771.0,5,2007
34888.0,0.0,85224.0,86286.0,86286.0,200705,CA,0203121020,47,47,70,70,34888.0,0.0,85224.0,5,2007
4608637.0,0.0,6919014.0,6973920.0,6973920.0,200705,CA,0203129010,47,47,70,70,4608637.0,0.0,6919014.0,5,2007
2743606.0,0.0,5311503.0,5361535.0,5361535.0,200705,CA,0203129020,47,47,70,70,2743606.0,0.0,5311503.0,5,2007
331139.0,0.0,1240306.0,1249590.0,1249590.0,200705,CA,0203192010,47,47,70,70,331139.0,0.0,1240306.0,5,2007
94965.0,0.0,418622.0,422644.0,422644.0,200705,CA,0203192090,47,47,70,70,94965.0,0.0,418622.0,5,2007
3961356.0,0.0,11796608.0,11914755.0,11914755.0,200705,CA,0203194010,47,47,70,70,3961356.0,0.0,11796608.0,5,2007
9615380.0,0.0,23894110.0,24091950.0,24091950.0,200705,CA,0203194090,47,47,70,70,9615380.0,0.0,23894110.0,5,2007
298357.0,0.0,716766.0,725643.0,725643.0,200705,CA,0203229000,47,47,70,70,298357.0,0.0,716766.0,5,2007
3928.0,0.0,24961.0,25281.0,25281.0,200705,CA,0203292000,47,47,70,70,3928.0,0.0,24961.0,5,2007
3255997.0,0.0,7681659.0,7844926.0,7844926.0,200705,CA,0203294000,47,47,70,70,3255997.0,0.0,7681659.0,5,2007
708869.0,0.0,1309405.0,1331128.0,1331128.0,200706,CA,0203110000,47,47,70,70,708869.0,0.0,1309405.0,6,2007
25424.0,0.0,73321.0,77349.0,77349.0,200706,CA,0203121010,47,47,70,70,25424.0,0.0,73321.0,6,2007
49939.0,0.0,120992.0,121851.0,121851.0,200706,CA,0203121020,47,47,70,70,49939.0,0.0,120992.0,6,2007
5339714.0,0.0,8460412.0,8535632.0,8535632.0,200706,CA,0203129010,47,47,70,70,5339714.0,0.0,8460412.0,6,2007
3019812.0,0.0,5763573.0,5821595.0,5821595.0,200706,CA,0203129020,47,47,70,70,3019812.0,0.0,5763573.0,6,2007
361842.0,0.0,1330716.0,1342369.0,1342369.0,200706,CA,0203192010,47,47,70,70,361842.0,0.0,1330716.0,6,2007
103382.0,0.0,397179.0,401714.0,401714.0,200706,CA,0203192090,47,47,70,70,103382.0,0.0,397179.0,6,2007
3830475.0,0.0,11075358.0,11196901.0,11196901.0,200706,CA,0203194010,47,47,70,70,3830475.0,0.0,11075358.0,6,2007
9806206.0,0.0,23786730.0,23976646.0,23976646.0,200706,CA,0203194090,47,47,70,70,9806206.0,0.0,23786730.0,6,2007
25049.0,0.0,116678.0,116986.0,116986.0,200706,CA,0203221000,47,47,70,70,25049.0,0.0,116678.0,6,2007
381585.0,0.0,767592.0,792679.0,792679.0,200706,CA,0203229000,47,47,70,70,381585.0,0.0,767592.0,6,2007
25881.0,0.0,67171.0,67542.0,67542.0,200706,CA,0203292000,47,47,70,70,25881.0,0.0,67171.0,6,2007
2886479.0,0.0,6288392.0,6421094.0,6421094.0,200706,CA,0203294000,47,47,70,70,2886479.0,0.0,6288392.0,6,2007
718453.0,0.0,1296392.0,1316524.0,1316524.0,200707,CA,0203110000,47,47,70,70,718453.0,0.0,1296392.0,7,2007
28326.0,0.0,79977.0,84225.0,84225.0,200707,CA,0203121010,47,47,70,70,28326.0,0.0,79977.0,7,2007
60467.0,0.0,153179.0,153864.0,153864.0,200707,CA,0203121020,47,47,70,70,60467.0,0.0,153179.0,7,2007
4738457.0,0.0,6923731.0,7007002.0,7007002.0,200707,CA,0203129010,47,47,70,70,4738457.0,0.0,6923731.0,7,2007
2820440.0,0.0,5421582.0,5485154.0,5485154.0,200707,CA,0203129020,47,47,70,70,2820440.0,0.0,5421582.0,7,2007
399800.0,0.0,1081470.0,1090778.0,1090778.0,200707,CA,0203192010,47,47,70,70,399800.0,0.0,1081470.0,7,2007
52451.0,0.0,189517.0,192535.0,192535.0,200707,CA,0203192090,47,47,70,70,52451.0,0.0,189517.0,7,2007
3554364.0,0.0,10116155.0,10241450.0,10241450.0,200707,CA,0203194010,47,47,70,70,3554364.0,0.0,10116155.0,7,2007
10024364.0,0.0,23256866.0,23464113.0,23464113.0,200707,CA,0203194090,47,47,70,70,10024364.0,0.0,23256866.0,7,2007
36307.0,0.0,206230.0,206630.0,206630.0,200707,CA,0203221000,47,47,70,70,36307.0,0.0,206230.0,7,2007
216626.0,0.0,471464.0,486872.0,486872.0,200707,CA,0203229000,47,47,70,70,216626.0,0.0,471464.0,7,2007
2650385.0,0.0,6076006.0,6220526.0,6220526.0,200707,CA,0203294000,47,47,70,70,2650385.0,0.0,6076006.0,7,2007
591254.0,0.0,1085820.0,1100767.0,1100767.0,200708,CA,0203110000,47,47,70,70,591254.0,0.0,1085820.0,8,2007
32442.0,0.0,79234.0,81783.0,81783.0,200708,CA,0203121020,47,47,70,70,32442.0,0.0,79234.0,8,2007
3834112.0,0.0,6487823.0,6571962.0,6571962.0,200708,CA,0203129010,47,47,70,70,3834112.0,0.0,6487823.0,8,2007
2932224.0,0.0,5492756.0,5562094.0,5562094.0,200708,CA,0203129020,47,47,70,70,2932224.0,0.0,5492756.0,8,2007
423102.0,0.0,1249982.0,1258049.0,1258049.0,200708,CA,0203192010,47,47,70,70,423102.0,0.0,1249982.0,8,2007
89292.0,0.0,335795.0,336311.0,336311.0,200708,CA,0203192090,47,47,70,70,89292.0,0.0,335795.0,8,2007
3453704.0,0.0,8877924.0,8995895.0,8995895.0,200708,CA,0203194010,47,47,70,70,3453704.0,0.0,8877924.0,8,2007
10016180.0,0.0,24520215.0,24729648.0,24729648.0,200708,CA,0203194090,47,47,70,70,10016180.0,0.0,24520215.0,8,2007
36062.0,0.0,208704.0,209104.0,209104.0,200708,CA,0203221000,47,47,70,70,36062.0,0.0,208704.0,8,2007
228220.0,0.0,443788.0,447581.0,447581.0,200708,CA,0203229000,47,47,70,70,228220.0,0.0,443788.0,8,2007
15109.0,0.0,62914.0,63119.0,63119.0,200708,CA,0203292000,47,47,70,70,15109.0,0.0,62914.0,8,2007
3048743.0,0.0,6418321.0,6583591.0,6583591.0,200708,CA,0203294000,47,47,70,70,3048743.0,0.0,6418321.0,8,2007
595382.0,0.0,979863.0,993111.0,993111.0,200709,CA,0203110000,47,47,70,70,595382.0,0.0,979863.0,9,2007
55239.0,0.0,116541.0,117502.0,117502.0,200709,CA,0203121020,47,47,70,70,55239.0,0.0,116541.0,9,2007
3957969.0,0.0,6413653.0,6494459.0,6494459.0,200709,CA,0203129010,47,47,70,70,3957969.0,0.0,6413653.0,9,2007
2312934.0,0.0,4108973.0,4171437.0,4171437.0,200709,CA,0203129020,47,47,70,70,2312934.0,0.0,4108973.0,9,2007
462443.0,0.0,1085960.0,1092656.0,1092656.0,200709,CA,0203192010,47,47,70,70,462443.0,0.0,1085960.0,9,2007
31139.0,0.0,86759.0,87298.0,87298.0,200709,CA,0203192090,47,47,70,70,31139.0,0.0,86759.0,9,2007
3437956.0,0.0,8331002.0,8433440.0,8433440.0,200709,CA,0203194010,47,47,70,70,3437956.0,0.0,8331002.0,9,2007
9648659.0,0.0,23189732.0,23326579.0,23326579.0,200709,CA,0203194090,47,47,70,70,9648659.0,0.0,23189732.0,9,2007
18129.0,0.0,100363.0,100563.0,100563.0,200709,CA,0203221000,47,47,70,70,18129.0,0.0,100363.0,9,2007
387171.0,0.0,871695.0,881866.0,881866.0,200709,CA,0203229000,47,47,70,70,387171.0,0.0,871695.0,9,2007
5413.0,0.0,27913.0,28147.0,28147.0,200709,CA,0203292000,47,47,70,70,5413.0,0.0,27913.0,9,2007
2583302.0,0.0,5941060.0,6050983.0,6050983.0,200709,CA,0203294000,47,47,70,70,2583302.0,0.0,5941060.0,9,2007
717491.0,0.0,1092880.0,1112126.0,1112126.0,200710,CA,0203110000,47,47,70,70,717491.0,0.0,1092880.0,10,2007
43539.0,0.0,91556.0,92015.0,92015.0,200710,CA,0203121020,47,47,70,70,43539.0,0.0,91556.0,10,2007
3494970.0,0.0,5355467.0,5432149.0,5432149.0,200710,CA,0203129010,47,47,70,70,3494970.0,0.0,5355467.0,10,2007
1846296.0,0.0,3141150.0,3186028.0,3186028.0,200710,CA,0203129020,47,47,70,70,1846296.0,0.0,3141150.0,10,2007
424346.0,0.0,1011251.0,1018244.0,1018244.0,200710,CA,0203192010,47,47,70,70,424346.0,0.0,1011251.0,10,2007
116992.0,0.0,382943.0,386979.0,386979.0,200710,CA,0203192090,47,47,70,70,116992.0,0.0,382943.0,10,2007
3377009.0,0.0,7750927.0,7859871.0,7859871.0,200710,CA,0203194010,47,47,70,70,3377009.0,0.0,7750927.0,10,2007
9573341.0,0.0,21684934.0,21816477.0,21816477.0,200710,CA,0203194090,47,47,70,70,9573341.0,0.0,21684934.0,10,2007
24464.0,0.0,36135.0,36385.0,36385.0,200710,CA,0203221000,47,47,70,70,24464.0,0.0,36135.0,10,2007
315191.0,0.0,739772.0,751949.0,751949.0,200710,CA,0203229000,47,47,70,70,315191.0,0.0,739772.0,10,2007
19664.0,0.0,20530.0,20758.0,20758.0,200710,CA,0203292000,47,47,70,70,19664.0,0.0,20530.0,10,2007
3132127.0,0.0,6556010.0,6799268.0,6799268.0,200710,CA,0203294000,47,47,70,70,3132127.0,0.0,6556010.0,10,2007
641018.0,0.0,885859.0,900003.0,900003.0,200711,CA,0203110000,47,47,70,70,641018.0,0.0,885859.0,11,2007
31921.0,0.0,66721.0,67235.0,67235.0,200711,CA,0203121020,47,47,70,70,31921.0,0.0,66721.0,11,2007
3389179.0,0.0,5142359.0,5214504.0,5214504.0,200711,CA,0203129010,47,47,70,70,3389179.0,0.0,5142359.0,11,2007
1610805.0,0.0,2589669.0,2610709.0,2610709.0,200711,CA,0203129020,47,47,70,70,1610805.0,0.0,2589669.0,11,2007
373955.0,0.0,992705.0,1000636.0,1000636.0,200711,CA,0203192010,47,47,70,70,373955.0,0.0,992705.0,11,2007
78955.0,0.0,343975.0,346139.0,346139.0,200711,CA,0203192090,47,47,70,70,78955.0,0.0,343975.0,11,2007
2964573.0,0.0,6562204.0,6640661.0,6640661.0,200711,CA,0203194010,47,47,70,70,2964573.0,0.0,6562204.0,11,2007
8381187.0,0.0,19441350.0,19637691.0,19637691.0,200711,CA,0203194090,47,47,70,70,8381187.0,0.0,19441350.0,11,2007
24164.0,0.0,35056.0,35306.0,35306.0,200711,CA,0203221000,47,47,70,70,24164.0,0.0,35056.0,11,2007
114916.0,0.0,189919.0,191753.0,191753.0,200711,CA,0203229000,47,47,70,70,114916.0,0.0,189919.0,11,2007
23129.0,0.0,36888.0,37291.0,37291.0,200711,CA,0203292000,47,47,70,70,23129.0,0.0,36888.0,11,2007
2257653.0,0.0,5089619.0,5249106.0,5249106.0,200711,CA,0203294000,47,47,70,70,2257653.0,0.0,5089619.0,11,2007
558720.0,0.0,816203.0,831052.0,831052.0,200712,CA,0203110000,47,47,70,70,558720.0,0.0,816203.0,12,2007
17242.0,0.0,67868.0,68018.0,68018.0,200712,CA,0203121010,47,47,70,70,17242.0,0.0,67868.0,12,2007
70169.0,0.0,156762.0,157596.0,157596.0,200712,CA,0203121020,47,47,70,70,70169.0,0.0,156762.0,12,2007
2806389.0,0.0,4049956.0,4114745.0,4114745.0,200712,CA,0203129010,47,47,70,70,2806389.0,0.0,4049956.0,12,2007
1752332.0,0.0,2851633.0,2886487.0,2886487.0,200712,CA,0203129020,47,47,70,70,1752332.0,0.0,2851633.0,12,2007
467588.0,0.0,1215164.0,1227543.0,1227543.0,200712,CA,0203192010,47,47,70,70,467588.0,0.0,1215164.0,12,2007
54314.0,0.0,257158.0,259446.0,259446.0,200712,CA,0203192090,47,47,70,70,54314.0,0.0,257158.0,12,2007
3384154.0,0.0,7869507.0,8011198.0,8011198.0,200712,CA,0203194010,47,47,70,70,3384154.0,0.0,7869507.0,12,2007
8888105.0,0.0,19964485.0,20162479.0,20162479.0,200712,CA,0203194090,47,47,70,70,8888105.0,0.0,19964485.0,12,2007
24105.0,0.0,34972.0,35222.0,35222.0,200712,CA,0203221000,47,47,70,70,24105.0,0.0,34972.0,12,2007
171236.0,0.0,314442.0,316409.0,316409.0,200712,CA,0203229000,47,47,70,70,171236.0,0.0,314442.0,12,2007
8462.0,0.0,38774.0,39610.0,39610.0,200712,CA,0203292000,47,47,70,70,8462.0,0.0,38774.0,12,2007
2501124.0,0.0,5205566.0,5366275.0,5366275.0,200712,CA,0203294000,47,47,70,70,2501124.0,0.0,5205566.0,12,2007
697763.0,0.0,964839.0,984887.0,984887.0,200801,CA,0203110000,47,47,70,70,697763.0,0.0,964839.0,1,2008
28513.0,0.0,62267.0,62648.0,62648.0,200801,CA,0203121020,47,47,70,70,28513.0,0.0,62267.0,1,2008
1863194.0,0.0,2763003.0,2823574.0,2823574.0,200801,CA,0203129010,47,47,70,70,1863194.0,0.0,2763003.0,1,2008
1979193.0,0.0,3095703.0,3125335.0,3125335.0,200801,CA,0203129020,47,47,70,70,1979193.0,0.0,3095703.0,1,2008
485175.0,0.0,1398371.0,1409670.0,1409670.0,200801,CA,0203192010,47,47,70,70,485175.0,0.0,1398371.0,1,2008
122607.0,0.0,565069.0,569287.0,569287.0,200801,CA,0203192090,47,47,70,70,122607.0,0.0,565069.0,1,2008
3565665.0,0.0,7963433.0,8072064.0,8072064.0,200801,CA,0203194010,47,47,70,70,3565665.0,0.0,7963433.0,1,2008
8796469.0,0.0,19052885.0,19204877.0,19204877.0,200801,CA,0203194090,47,47,70,70,8796469.0,0.0,19052885.0,1,2008
42357.0,0.0,143501.0,108632.0,108632.0,200801,CA,0203221000,47,47,70,70,42357.0,0.0,143501.0,1,2008
147554.0,0.0,404597.0,407724.0,407724.0,200801,CA,0203229000,47,47,70,70,147554.0,0.0,404597.0,1,2008
7582.0,0.0,34224.0,34526.0,34526.0,200801,CA,0203292000,47,47,70,70,7582.0,0.0,34224.0,1,2008
3834959.0,0.0,8182530.0,8400244.0,8400244.0,200801,CA,0203294000,47,47,70,70,3834959.0,0.0,8182530.0,1,2008
466348.0,0.0,730688.0,745835.0,745835.0,200802,CA,0203110000,47,47,70,70,466348.0,0.0,730688.0,2,2008
5395.0,0.0,7168.0,7179.0,7179.0,200802,CA,0203121010,47,47,70,70,5395.0,0.0,7168.0,2,2008
28500.0,0.0,60307.0,60580.0,60580.0,200802,CA,0203121020,47,47,70,70,28500.0,0.0,60307.0,2,2008
2297052.0,0.0,3845582.0,3924364.0,3924364.0,200802,CA,0203129010,47,47,70,70,2297052.0,0.0,3845582.0,2,2008
1629608.0,0.0,2547078.0,2577683.0,2577683.0,200802,CA,0203129020,47,47,70,70,1629608.0,0.0,2547078.0,2,2008
543030.0,0.0,1676524.0,1694047.0,1694047.0,200802,CA,0203192010,47,47,70,70,543030.0,0.0,1676524.0,2,2008
39743.0,0.0,232107.0,234032.0,234032.0,200802,CA,0203192090,47,47,70,70,39743.0,0.0,232107.0,2,2008
3072035.0,0.0,7170289.0,7261009.0,7261009.0,200802,CA,0203194010,47,47,70,70,3072035.0,0.0,7170289.0,2,2008
8007254.0,0.0,18395084.0,18562269.0,18562269.0,200802,CA,0203194090,47,47,70,70,8007254.0,0.0,18395084.0,2,2008
34785.0,0.0,218570.0,254289.0,254289.0,200802,CA,0203221000,47,47,70,70,34785.0,0.0,218570.0,2,2008
242634.0,0.0,600963.0,611450.0,611450.0,200802,CA,0203229000,47,47,70,70,242634.0,0.0,600963.0,2,2008
47456.0,0.0,150910.0,151510.0,151510.0,200802,CA,0203292000,47,47,70,70,47456.0,0.0,150910.0,2,2008
3260512.0,0.0,8403179.0,8617686.0,8617686.0,200802,CA,0203294000,47,47,70,70,3260512.0,0.0,8403179.0,2,2008
329107.0,0.0,472451.0,483000.0,483000.0,200803,CA,0203110000,47,47,70,70,329107.0,0.0,472451.0,3,2008
27221.0,0.0,33005.0,33007.0,33007.0,200803,CA,0203121010,47,47,70,70,27221.0,0.0,33005.0,3,2008
43873.0,0.0,91922.0,92369.0,92369.0,200803,CA,0203121020,47,47,70,70,43873.0,0.0,91922.0,3,2008
1977621.0,0.0,2962308.0,3010382.0,3010382.0,200803,CA,0203129010,47,47,70,70,1977621.0,0.0,2962308.0,3,2008
2184875.0,0.0,3030709.0,3060032.0,3060032.0,200803,CA,0203129020,47,47,70,70,2184875.0,0.0,3030709.0,3,2008
442393.0,0.0,1281611.0,1297349.0,1297349.0,200803,CA,0203192010,47,47,70,70,442393.0,0.0,1281611.0,3,2008
57359.0,0.0,340100.0,345826.0,345826.0,200803,CA,0203192090,47,47,70,70,57359.0,0.0,340100.0,3,2008
3200198.0,0.0,7076876.0,7183496.0,7183496.0,200803,CA,0203194010,47,47,70,70,3200198.0,0.0,7076876.0,3,2008
8614065.0,0.0,18898817.0,19081067.0,19081067.0,200803,CA,0203194090,47,47,70,70,8614065.0,0.0,18898817.0,3,2008
191207.0,0.0,341552.0,345261.0,345261.0,200803,CA,0203229000,47,47,70,70,191207.0,0.0,341552.0,3,2008
19849.0,0.0,25508.0,25928.0,25928.0,200803,CA,0203292000,47,47,70,70,19849.0,0.0,25508.0,3,2008
2765998.0,0.0,7539170.0,7691388.0,7691388.0,200803,CA,0203294000,47,47,70,70,2765998.0,0.0,7539170.0,3,2008
37907.0,0.0,71108.0,73280.0,73280.0,200804,CA,0203110000,47,47,70,70,37907.0,0.0,71108.0,4,2008
53573.0,0.0,146388.0,146590.0,146590.0,200804,CA,0203121010,47,47,70,70,53573.0,0.0,146388.0,4,2008
44640.0,0.0,95540.0,96163.0,96163.0,200804,CA,0203121020,47,47,70,70,44640.0,0.0,95540.0,4,2008
2221845.0,0.0,3659176.0,3702342.0,3702342.0,200804,CA,0203129010,47,47,70,70,2221845.0,0.0,3659176.0,4,2008
1910999.0,0.0,3283756.0,3333056.0,3333056.0,200804,CA,0203129020,47,47,70,70,1910999.0,0.0,3283756.0,4,2008
517958.0,0.0,1398381.0,1414097.0,1414097.0,200804,CA,0203192010,47,47,70,70,517958.0,0.0,1398381.0,4,2008
38666.0,0.0,85642.0,86542.0,86542.0,200804,CA,0203192090,47,47,70,70,38666.0,0.0,85642.0,4,2008
3043026.0,0.0,6410371.0,6504073.0,6504073.0,200804,CA,0203194010,47,47,70,70,3043026.0,0.0,6410371.0,4,2008
8385801.0,0.0,19534037.0,19736654.0,19736654.0,200804,CA,0203194090,47,47,70,70,8385801.0,0.0,19534037.0,4,2008
153281.0,0.0,263678.0,264787.0,264787.0,200804,CA,0203229000,47,47,70,70,153281.0,0.0,263678.0,4,2008
9663.0,0.0,58115.0,58359.0,58359.0,200804,CA,0203292000,47,47,70,70,9663.0,0.0,58115.0,4,2008
2122585.0,0.0,5589957.0,5661243.0,5661243.0,200804,CA,0203294000,47,47,70,70,2122585.0,0.0,5589957.0,4,2008
54826.0,0.0,114470.0,117367.0,117367.0,200805,CA,0203110000,47,47,70,70,54826.0,0.0,114470.0,5,2008
37474.0,0.0,102063.0,106475.0,106475.0,200805,CA,0203121010,47,47,70,70,37474.0,0.0,102063.0,5,2008
26902.0,0.0,77031.0,77544.0,77544.0,200805,CA,0203121020,47,47,70,70,26902.0,0.0,77031.0,5,2008
1887288.0,0.0,3819897.0,3864998.0,3864998.0,200805,CA,0203129010,47,47,70,70,1887288.0,0.0,3819897.0,5,2008
2076645.0,0.0,4547354.0,4601071.0,4601071.0,200805,CA,0203129020,47,47,70,70,2076645.0,0.0,4547354.0,5,2008
371011.0,0.0,1112037.0,1117684.0,1117684.0,200805,CA,0203192010,47,47,70,70,371011.0,0.0,1112037.0,5,2008
61703.0,0.0,219135.0,220429.0,220429.0,200805,CA,0203192090,47,47,70,70,61703.0,0.0,219135.0,5,2008
3128302.0,0.0,8317773.0,8409054.0,8409054.0,200805,CA,0203194010,47,47,70,70,3128302.0,0.0,8317773.0,5,2008
7512644.0,0.0,19721276.0,19893175.0,19893175.0,200805,CA,0203194090,47,47,70,70,7512644.0,0.0,19721276.0,5,2008
142424.0,0.0,286450.0,289528.0,289528.0,200805,CA,0203229000,47,47,70,70,142424.0,0.0,286450.0,5,2008
71605.0,0.0,443340.0,444025.0,444025.0,200805,CA,0203292000,47,47,70,70,71605.0,0.0,443340.0,5,2008
2457425.0,0.0,7487464.0,7645038.0,7645038.0,200805,CA,0203294000,47,47,70,70,2457425.0,0.0,7487464.0,5,2008
166429.0,0.0,302581.0,309278.0,309278.0,200806,CA,0203110000,47,47,70,70,166429.0,0.0,302581.0,6,2008
42789.0,0.0,129973.0,130841.0,130841.0,200806,CA,0203121020,47,47,70,70,42789.0,0.0,129973.0,6,2008
2437699.0,0.0,4966315.0,5017252.0,5017252.0,200806,CA,0203129010,47,47,70,70,2437699.0,0.0,4966315.0,6,2008
2549886.0,0.0,5669346.0,5731669.0,5731669.0,200806,CA,0203129020,47,47,70,70,2549886.0,0.0,5669346.0,6,2008
442835.0,0.0,1339830.0,1345712.0,1345712.0,200806,CA,0203192010,47,47,70,70,442835.0,0.0,1339830.0,6,2008
18299.0,0.0,86330.0,87905.0,87905.0,200806,CA,0203192090,47,47,70,70,18299.0,0.0,86330.0,6,2008
3144448.0,0.0,7833382.0,7924777.0,7924777.0,200806,CA,0203194010,47,47,70,70,3144448.0,0.0,7833382.0,6,2008
7130044.0,0.0,18925663.0,19084651.0,19084651.0,200806,CA,0203194090,47,47,70,70,7130044.0,0.0,18925663.0,6,2008
161202.0,0.0,337396.0,339893.0,339893.0,200806,CA,0203229000,47,47,70,70,161202.0,0.0,337396.0,6,2008
9160.0,0.0,66208.0,66577.0,66577.0,200806,CA,0203292000,47,47,70,70,9160.0,0.0,66208.0,6,2008
1942542.0,0.0,5836741.0,5929728.0,5929728.0,200806,CA,0203294000,47,47,70,70,1942542.0,0.0,5836741.0,6,2008
149235.0,0.0,294578.0,299420.0,299420.0,200807,CA,0203110000,47,47,70,70,149235.0,0.0,294578.0,7,2008
33252.0,0.0,101343.0,101940.0,101940.0,200807,CA,0203121020,47,47,70,70,33252.0,0.0,101343.0,7,2008
2570526.0,0.0,5461902.0,5512410.0,5512410.0,200807,CA,0203129010,47,47,70,70,2570526.0,0.0,5461902.0,7,2008
2896859.0,0.0,6215274.0,6272236.0,6272236.0,200807,CA,0203129020,47,47,70,70,2896859.0,0.0,6215274.0,7,2008
376482.0,0.0,994441.0,1000501.0,1000501.0,200807,CA,0203192010,47,47,70,70,376482.0,0.0,994441.0,7,2008
79771.0,0.0,335365.0,339286.0,339286.0,200807,CA,0203192090,47,47,70,70,79771.0,0.0,335365.0,7,2008
3203319.0,0.0,8231530.0,8331788.0,8331788.0,200807,CA,0203194010,47,47,70,70,3203319.0,0.0,8231530.0,7,2008
7023270.0,0.0,19611582.0,19752157.0,19752157.0,200807,CA,0203194090,47,47,70,70,7023270.0,0.0,19611582.0,7,2008
155230.0,0.0,315618.0,317136.0,317136.0,200807,CA,0203229000,47,47,70,70,155230.0,0.0,315618.0,7,2008
62357.0,0.0,238164.0,238946.0,238946.0,200807,CA,0203292000,47,47,70,70,62357.0,0.0,238164.0,7,2008
2006499.0,0.0,6103495.0,6175189.0,6175189.0,200807,CA,0203294000,47,47,70,70,2006499.0,0.0,6103495.0,7,2008
38514.0,0.0,84878.0,86024.0,86024.0,200808,CA,0203110000,47,47,70,70,38514.0,0.0,84878.0,8,2008
18056.0,0.0,75498.0,75749.0,75749.0,200808,CA,0203121010,47,47,70,70,18056.0,0.0,75498.0,8,2008
84442.0,0.0,220301.0,228820.0,228820.0,200808,CA,0203121020,47,47,70,70,84442.0,0.0,220301.0,8,2008
1793243.0,0.0,4602143.0,4663746.0,4663746.0,200808,CA,0203129010,47,47,70,70,1793243.0,0.0,4602143.0,8,2008
2413543.0,0.0,5722741.0,5771948.0,5771948.0,200808,CA,0203129020,47,47,70,70,2413543.0,0.0,5722741.0,8,2008
406706.0,0.0,1210781.0,1218678.0,1218678.0,200808,CA,0203192010,47,47,70,70,406706.0,0.0,1210781.0,8,2008
114102.0,0.0,264389.0,266089.0,266089.0,200808,CA,0203192090,47,47,70,70,114102.0,0.0,264389.0,8,2008
3018007.0,0.0,8414146.0,8529959.0,8529959.0,200808,CA,0203194010,47,47,70,70,3018007.0,0.0,8414146.0,8,2008
7028953.0,0.0,20885995.0,21097695.0,21097695.0,200808,CA,0203194090,47,47,70,70,7028953.0,0.0,20885995.0,8,2008
23770.0,0.0,50831.0,50881.0,50881.0,200808,CA,0203221000,47,47,70,70,23770.0,0.0,50831.0,8,2008
140871.0,0.0,328459.0,332384.0,332384.0,200808,CA,0203229000,47,47,70,70,140871.0,0.0,328459.0,8,2008
67574.0,0.0,188114.0,189196.0,189196.0,200808,CA,0203292000,47,47,70,70,67574.0,0.0,188114.0,8,2008
2487624.0,0.0,7182531.0,7264488.0,7264488.0,200808,CA,0203294000,47,47,70,70,2487624.0,0.0,7182531.0,8,2008
20630.0,0.0,48538.0,49085.0,49085.0,200809,CA,0203110000,47,47,70,70,20630.0,0.0,48538.0,9,2008
17242.0,0.0,77937.0,78062.0,78062.0,200809,CA,0203121010,47,47,70,70,17242.0,0.0,77937.0,9,2008
111194.0,0.0,277955.0,290770.0,290770.0,200809,CA,0203121020,47,47,70,70,111194.0,0.0,277955.0,9,2008
1351754.0,0.0,3391857.0,3441126.0,3441126.0,200809,CA,0203129010,47,47,70,70,1351754.0,0.0,3391857.0,9,2008
2151782.0,0.0,4592203.0,4634541.0,4634541.0,200809,CA,0203129020,47,47,70,70,2151782.0,0.0,4592203.0,9,2008
501327.0,0.0,1116625.0,1125273.0,1125273.0,200809,CA,0203192010,47,47,70,70,501327.0,0.0,1116625.0,9,2008
27789.0,0.0,114308.0,120477.0,120477.0,200809,CA,0203192090,47,47,70,70,27789.0,0.0,114308.0,9,2008
3222350.0,0.0,8026066.0,8142806.0,8142806.0,200809,CA,0203194010,47,47,70,70,3222350.0,0.0,8026066.0,9,2008
7222289.0,0.0,19637741.0,19844057.0,19844057.0,200809,CA,0203194090,47,47,70,70,7222289.0,0.0,19637741.0,9,2008
130739.0,0.0,313814.0,321219.0,321219.0,200809,CA,0203229000,47,47,70,70,130739.0,0.0,313814.0,9,2008
45216.0,0.0,223828.0,226072.0,226072.0,200809,CA,0203292000,47,47,70,70,45216.0,0.0,223828.0,9,2008
2334756.0,0.0,6689854.0,6752251.0,6752251.0,200809,CA,0203294000,47,47,70,70,2334756.0,0.0,6689854.0,9,2008
314180.0,0.0,538645.0,548881.0,548881.0,200810,CA,0203110000,47,47,70,70,314180.0,0.0,538645.0,10,2008
30473.0,0.0,75161.0,75837.0,75837.0,200810,CA,0203121020,47,47,70,70,30473.0,0.0,75161.0,10,2008
2871457.0,0.0,5913306.0,5987471.0,5987471.0,200810,CA,0203129010,47,47,70,70,2871457.0,0.0,5913306.0,10,2008
2454253.0,0.0,4696579.0,4737501.0,4737501.0,200810,CA,0203129020,47,47,70,70,2454253.0,0.0,4696579.0,10,2008
472893.0,0.0,1063547.0,1074262.0,1074262.0,200810,CA,0203192010,47,47,70,70,472893.0,0.0,1063547.0,10,2008
276897.0,0.0,571381.0,580412.0,580412.0,200810,CA,0203192090,47,47,70,70,276897.0,0.0,571381.0,10,2008
3556763.0,0.0,8690725.0,8803991.0,8803991.0,200810,CA,0203194010,47,47,70,70,3556763.0,0.0,8690725.0,10,2008
8301520.0,0.0,21176106.0,21378735.0,21378735.0,200810,CA,0203194090,47,47,70,70,8301520.0,0.0,21176106.0,10,2008
23531.0,0.0,43577.0,43777.0,43777.0,200810,CA,0203221000,47,47,70,70,23531.0,0.0,43577.0,10,2008
391699.0,0.0,1055497.0,1061479.0,1061479.0,200810,CA,0203229000,47,47,70,70,391699.0,0.0,1055497.0,10,2008
42031.0,0.0,66982.0,67707.0,67707.0,200810,CA,0203292000,47,47,70,70,42031.0,0.0,66982.0,10,2008
2649120.0,0.0,7449109.0,7540169.0,7540169.0,200810,CA,0203294000,47,47,70,70,2649120.0,0.0,7449109.0,10,2008
401209.0,0.0,594455.0,607929.0,607929.0,200811,CA,0203110000,47,47,70,70,401209.0,0.0,594455.0,11,2008
35520.0,0.0,81726.0,82553.0,82553.0,200811,CA,0203121020,47,47,70,70,35520.0,0.0,81726.0,11,2008
4227802.0,0.0,6749370.0,6853964.0,6853964.0,200811,CA,0203129010,47,47,70,70,4227802.0,0.0,6749370.0,11,2008
2448589.0,0.0,4112832.0,4147060.0,4147060.0,200811,CA,0203129020,47,47,70,70,2448589.0,0.0,4112832.0,11,2008
484564.0,0.0,1110837.0,1120439.0,1120439.0,200811,CA,0203192010,47,47,70,70,484564.0,0.0,1110837.0,11,2008
289610.0,0.0,701560.0,712119.0,712119.0,200811,CA,0203192090,47,47,70,70,289610.0,0.0,701560.0,11,2008
3090615.0,0.0,6906615.0,7001035.0,7001035.0,200811,CA,0203194010,47,47,70,70,3090615.0,0.0,6906615.0,11,2008
8337007.0,0.0,18847288.0,19067109.0,19067109.0,200811,CA,0203194090,47,47,70,70,8337007.0,0.0,18847288.0,11,2008
16432.0,0.0,21744.0,21774.0,21774.0,200811,CA,0203221000,47,47,70,70,16432.0,0.0,21744.0,11,2008
476105.0,0.0,772766.0,779621.0,779621.0,200811,CA,0203229000,47,47,70,70,476105.0,0.0,772766.0,11,2008
67884.0,0.0,128463.0,128990.0,128990.0,200811,CA,0203292000,47,47,70,70,67884.0,0.0,128463.0,11,2008
2532867.0,0.0,7381227.0,7473611.0,7473611.0,200811,CA,0203294000,47,47,70,70,2532867.0,0.0,7381227.0,11,2008
442279.0,0.0,676874.0,697097.0,697097.0,200812,CA,0203110000,47,47,70,70,442279.0,0.0,676874.0,12,2008
19200.0,0.0,61893.0,61993.0,61993.0,200812,CA,0203121010,47,47,70,70,19200.0,0.0,61893.0,12,2008
48491.0,0.0,118003.0,121729.0,121729.0,200812,CA,0203121020,47,47,70,70,48491.0,0.0,118003.0,12,2008
4566655.0,0.0,7028515.0,7104002.0,7104002.0,200812,CA,0203129010,47,47,70,70,4566655.0,0.0,7028515.0,12,2008
2646562.0,0.0,4469987.0,4512991.0,4512991.0,200812,CA,0203129020,47,47,70,70,2646562.0,0.0,4469987.0,12,2008
427882.0,0.0,878516.0,884339.0,884339.0,200812,CA,0203192010,47,47,70,70,427882.0,0.0,878516.0,12,2008
213301.0,0.0,417755.0,421425.0,421425.0,200812,CA,0203192090,47,47,70,70,213301.0,0.0,417755.0,12,2008
3224407.0,0.0,7603305.0,7693909.0,7693909.0,200812,CA,0203194010,47,47,70,70,3224407.0,0.0,7603305.0,12,2008
8123567.0,0.0,18774716.0,19007103.0,19007103.0,200812,CA,0203194090,47,47,70,70,8123567.0,0.0,18774716.0,12,2008
56056.0,0.0,102211.0,102329.0,102329.0,200812,CA,0203221000,47,47,70,70,56056.0,0.0,102211.0,12,2008
456459.0,0.0,916097.0,922985.0,922985.0,200812,CA,0203229000,47,47,70,70,456459.0,0.0,916097.0,12,2008
29275.0,0.0,66160.0,67668.0,67668.0,200812,CA,0203292000,47,47,70,70,29275.0,0.0,66160.0,12,2008
2723348.0,0.0,7620944.0,7724231.0,7724231.0,200812,CA,0203294000,47,47,70,70,2723348.0,0.0,7620944.0,12,2008
358739.0,0.0,546190.0,560590.0,14400.0,200901,CA,0203110000,47,47,70,70,358739.0,0.0,546190.0,1,2009
34484.0,0.0,97837.0,98137.0,300.0,200901,CA,0203121010,47,47,70,70,34484.0,0.0,97837.0,1,2009
29785.0,0.0,64895.0,65260.0,365.0,200901,CA,0203121020,47,47,70,70,29785.0,0.0,64895.0,1,2009
2377653.0,0.0,3740572.0,3797376.0,56804.0,200901,CA,0203129010,47,47,70,70,2377653.0,0.0,3740572.0,1,2009
2608908.0,0.0,4271917.0,4308349.0,36432.0,200901,CA,0203129020,47,47,70,70,2608908.0,0.0,4271917.0,1,2009
403795.0,0.0,1026058.0,1033514.0,7456.0,200901,CA,0203192010,47,47,70,70,403795.0,0.0,1026058.0,1,2009
108039.0,0.0,271892.0,277846.0,5954.0,200901,CA,0203192090,47,47,70,70,108039.0,0.0,271892.0,1,2009
3215286.0,0.0,7420241.0,7501155.0,80914.0,200901,CA,0203194010,47,47,70,70,3215286.0,0.0,7420241.0,1,2009
7913556.0,0.0,16693659.0,16895542.0,201883.0,200901,CA,0203194090,47,47,70,70,7913556.0,0.0,16693659.0,1,2009
31701.0,0.0,57908.0,57972.0,64.0,200901,CA,0203221000,47,47,70,70,31701.0,0.0,57908.0,1,2009
604711.0,0.0,1129723.0,1134268.0,4545.0,200901,CA,0203229000,47,47,70,70,604711.0,0.0,1129723.0,1,2009
120421.0,0.0,537252.0,539392.0,2140.0,200901,CA,0203292000,47,47,70,70,120421.0,0.0,537252.0,1,2009
3479075.0,0.0,9163450.0,9260834.0,97384.0,200901,CA,0203294000,47,47,70,70,3479075.0,0.0,9163450.0,1,2009
359686.0,0.0,581549.0,599038.0,17489.0,200902,CA,0203110000,47,47,70,70,359686.0,0.0,581549.0,2,2009
1767.0,0.0,2158.0,2160.0,2.0,200902,CA,0203121010,47,47,70,70,1767.0,0.0,2158.0,2,2009
54845.0,0.0,127763.0,131506.0,3743.0,200902,CA,0203121020,47,47,70,70,54845.0,0.0,127763.0,2,2009
1502451.0,0.0,2458777.0,2514249.0,55472.0,200902,CA,0203129010,47,47,70,70,1502451.0,0.0,2458777.0,2,2009
2422896.0,0.0,4015465.0,4056488.0,41023.0,200902,CA,0203129020,47,47,70,70,2422896.0,0.0,4015465.0,2,2009
261516.0,0.0,693487.0,695987.0,2500.0,200902,CA,0203192010,47,47,70,70,261516.0,0.0,693487.0,2,2009
87579.0,0.0,177459.0,182101.0,4642.0,200902,CA,0203192090,47,47,70,70,87579.0,0.0,177459.0,2,2009
2982501.0,0.0,7099862.0,7188142.0,88280.0,200902,CA,0203194010,47,47,70,70,2982501.0,0.0,7099862.0,2,2009
6509139.0,0.0,14600731.0,14768767.0,168036.0,200902,CA,0203194090,47,47,70,70,6509139.0,0.0,14600731.0,2,2009
296861.0,0.0,662796.0,666668.0,3872.0,200902,CA,0203229000,47,47,70,70,296861.0,0.0,662796.0,2,2009
74254.0,0.0,324469.0,324891.0,422.0,200902,CA,0203292000,47,47,70,70,74254.0,0.0,324469.0,2,2009
2793659.0,0.0,7545209.0,7635293.0,90084.0,200902,CA,0203294000,47,47,70,70,2793659.0,0.0,7545209.0,2,2009
392991.0,0.0,620144.0,638843.0,18699.0,200903,CA,0203110000,47,47,70,70,392991.0,0.0,620144.0,3,2009
38158.0,0.0,153542.0,153795.0,253.0,200903,CA,0203121010,47,47,70,70,38158.0,0.0,153542.0,3,2009
54360.0,0.0,126544.0,130296.0,3752.0,200903,CA,0203121020,47,47,70,70,54360.0,0.0,126544.0,3,2009
2539377.0,0.0,4679750.0,4760953.0,81203.0,200903,CA,0203129010,47,47,70,70,2539377.0,0.0,4679750.0,3,2009
2694330.0,0.0,4367915.0,4416645.0,48730.0,200903,CA,0203129020,47,47,70,70,2694330.0,0.0,4367915.0,3,2009
338204.0,0.0,897805.0,901566.0,3761.0,200903,CA,0203192010,47,47,70,70,338204.0,0.0,897805.0,3,2009
153607.0,0.0,335961.0,342489.0,6528.0,200903,CA,0203192090,47,47,70,70,153607.0,0.0,335961.0,3,2009
3792632.0,0.0,8911775.0,9002950.0,91175.0,200903,CA,0203194010,47,47,70,70,3792632.0,0.0,8911775.0,3,2009
7380855.0,0.0,15963422.0,16191966.0,228544.0,200903,CA,0203194090,47,47,70,70,7380855.0,0.0,15963422.0,3,2009
42212.0,0.0,96242.0,97193.0,951.0,200903,CA,0203221000,47,47,70,70,42212.0,0.0,96242.0,3,2009
433126.0,0.0,831400.0,856540.0,25140.0,200903,CA,0203229000,47,47,70,70,433126.0,0.0,831400.0,3,2009
42233.0,0.0,186387.0,187090.0,703.0,200903,CA,0203292000,47,47,70,70,42233.0,0.0,186387.0,3,2009
3474575.0,0.0,8762285.0,8863515.0,101230.0,200903,CA,0203294000,47,47,70,70,3474575.0,0.0,8762285.0,3,2009
247310.0,0.0,389666.0,398634.0,8968.0,200904,CA,0203110000,47,47,70,70,247310.0,0.0,389666.0,4,2009
35840.0,0.0,105152.0,105253.0,101.0,200904,CA,0203121010,47,47,70,70,35840.0,0.0,105152.0,4,2009
70679.0,0.0,163206.0,170420.0,7214.0,200904,CA,0203121020,47,47,70,70,70679.0,0.0,163206.0,4,2009
2789709.0,0.0,4884492.0,4943205.0,58713.0,200904,CA,0203129010,47,47,70,70,2789709.0,0.0,4884492.0,4,2009
2507959.0,0.0,4344190.0,4385247.0,41057.0,200904,CA,0203129020,47,47,70,70,2507959.0,0.0,4344190.0,4,2009
362699.0,0.0,978113.0,981727.0,3614.0,200904,CA,0203192010,47,47,70,70,362699.0,0.0,978113.0,4,2009
140961.0,0.0,336953.0,343801.0,6848.0,200904,CA,0203192090,47,47,70,70,140961.0,0.0,336953.0,4,2009
3385000.0,0.0,8101939.0,8196940.0,95001.0,200904,CA,0203194010,47,47,70,70,3385000.0,0.0,8101939.0,4,2009
6423126.0,0.0,14203443.0,14380941.0,177498.0,200904,CA,0203194090,47,47,70,70,6423126.0,0.0,14203443.0,4,2009
1628.0,0.0,2261.0,2269.0,8.0,200904,CA,0203221000,47,47,70,70,1628.0,0.0,2261.0,4,2009
341044.0,0.0,772285.0,783235.0,10950.0,200904,CA,0203229000,47,47,70,70,341044.0,0.0,772285.0,4,2009
4638.0,0.0,18818.0,18924.0,106.0,200904,CA,0203292000,47,47,70,70,4638.0,0.0,18818.0,4,2009
3527184.0,0.0,8880225.0,8989189.0,108964.0,200904,CA,0203294000,47,47,70,70,3527184.0,0.0,8880225.0,4,2009
189252.0,0.0,300684.0,306280.0,5596.0,200905,CA,0203110000,47,47,70,70,189252.0,0.0,300684.0,5,2009
73185.0,0.0,170144.0,172262.0,2118.0,200905,CA,0203121020,47,47,70,70,73185.0,0.0,170144.0,5,2009
3418853.0,0.0,5610518.0,5677351.0,66833.0,200905,CA,0203129010,47,47,70,70,3418853.0,0.0,5610518.0,5,2009
2634368.0,0.0,4395227.0,4439205.0,43978.0,200905,CA,0203129020,47,47,70,70,2634368.0,0.0,4395227.0,5,2009
278958.0,0.0,777210.0,780373.0,3163.0,200905,CA,0203192010,47,47,70,70,278958.0,0.0,777210.0,5,2009
165444.0,0.0,389383.0,396187.0,6804.0,200905,CA,0203192090,47,47,70,70,165444.0,0.0,389383.0,5,2009
3341879.0,0.0,7899161.0,8005674.0,106513.0,200905,CA,0203194010,47,47,70,70,3341879.0,0.0,7899161.0,5,2009
5635543.0,0.0,12630582.0,12788566.0,157984.0,200905,CA,0203194090,47,47,70,70,5635543.0,0.0,12630582.0,5,2009
2393.0,0.0,4432.0,4518.0,86.0,200905,CA,0203221000,47,47,70,70,2393.0,0.0,4432.0,5,2009
395433.0,0.0,806190.0,808816.0,2626.0,200905,CA,0203229000,47,47,70,70,395433.0,0.0,806190.0,5,2009
8154.0,0.0,47095.0,47907.0,812.0,200905,CA,0203292000,47,47,70,70,8154.0,0.0,47095.0,5,2009
3111377.0,0.0,7343660.0,7514001.0,170341.0,200905,CA,0203294000,47,47,70,70,3111377.0,0.0,7343660.0,5,2009
177932.0,0.0,273775.0,281623.0,7848.0,200906,CA,0203110000,47,47,70,70,177932.0,0.0,273775.0,6,2009
34484.0,0.0,112841.0,113031.0,190.0,200906,CA,0203121010,47,47,70,70,34484.0,0.0,112841.0,6,2009
21687.0,0.0,44616.0,44866.0,250.0,200906,CA,0203121020,47,47,70,70,21687.0,0.0,44616.0,6,2009
3114737.0,0.0,5350789.0,5413486.0,62697.0,200906,CA,0203129010,47,47,70,70,3114737.0,0.0,5350789.0,6,2009
2961036.0,0.0,5052390.0,5103877.0,51487.0,200906,CA,0203129020,47,47,70,70,2961036.0,0.0,5052390.0,6,2009
303098.0,0.0,844860.0,849300.0,4440.0,200906,CA,0203192010,47,47,70,70,303098.0,0.0,844860.0,6,2009
189373.0,0.0,395438.0,402630.0,7192.0,200906,CA,0203192090,47,47,70,70,189373.0,0.0,395438.0,6,2009
3289683.0,0.0,7439893.0,7527101.0,87208.0,200906,CA,0203194010,47,47,70,70,3289683.0,0.0,7439893.0,6,2009
6170741.0,0.0,13497104.0,13676698.0,179594.0,200906,CA,0203194090,47,47,70,70,6170741.0,0.0,13497104.0,6,2009
407591.0,0.0,833159.0,837020.0,3861.0,200906,CA,0203229000,47,47,70,70,407591.0,0.0,833159.0,6,2009
7821.0,0.0,53218.0,53372.0,154.0,200906,CA,0203292000,47,47,70,70,7821.0,0.0,53218.0,6,2009
2335793.0,0.0,6392017.0,6499511.0,107494.0,200906,CA,0203294000,47,47,70,70,2335793.0,0.0,6392017.0,6,2009
163626.0,0.0,247653.0,254999.0,7346.0,200907,CA,0203110000,47,47,70,70,163626.0,0.0,247653.0,7,2009
17242.0,0.0,54665.0,54765.0,100.0,200907,CA,0203121010,47,47,70,70,17242.0,0.0,54665.0,7,2009
36333.0,0.0,76382.0,77319.0,937.0,200907,CA,0203121020,47,47,70,70,36333.0,0.0,76382.0,7,2009
3633365.0,0.0,6161452.0,6239942.0,78490.0,200907,CA,0203129010,47,47,70,70,3633365.0,0.0,6161452.0,7,2009
3285184.0,0.0,5198800.0,5264904.0,66104.0,200907,CA,0203129020,47,47,70,70,3285184.0,0.0,5198800.0,7,2009
279779.0,0.0,683536.0,688273.0,4737.0,200907,CA,0203192010,47,47,70,70,279779.0,0.0,683536.0,7,2009
53974.0,0.0,92853.0,94153.0,1300.0,200907,CA,0203192090,47,47,70,70,53974.0,0.0,92853.0,7,2009
3760058.0,0.0,8881890.0,8974634.0,92744.0,200907,CA,0203194010,47,47,70,70,3760058.0,0.0,8881890.0,7,2009
7111528.0,0.0,14945626.0,15173524.0,227898.0,200907,CA,0203194090,47,47,70,70,7111528.0,0.0,14945626.0,7,2009
355997.0,0.0,682758.0,687877.0,5119.0,200907,CA,0203229000,47,47,70,70,355997.0,0.0,682758.0,7,2009
1534.0,0.0,6113.0,6213.0,100.0,200907,CA,0203292000,47,47,70,70,1534.0,0.0,6113.0,7,2009
2859662.0,0.0,6408661.0,6526143.0,117482.0,200907,CA,0203294000,47,47,70,70,2859662.0,0.0,6408661.0,7,2009
183300.0,0.0,241992.0,249642.0,7650.0,200908,CA,0203110000,47,47,70,70,183300.0,0.0,241992.0,8,2009
54677.0,0.0,90851.0,91301.0,450.0,200908,CA,0203121010,47,47,70,70,54677.0,0.0,90851.0,8,2009
40007.0,0.0,78009.0,78593.0,584.0,200908,CA,0203121020,47,47,70,70,40007.0,0.0,78009.0,8,2009
3515053.0,0.0,5889656.0,5970870.0,81214.0,200908,CA,0203129010,47,47,70,70,3515053.0,0.0,5889656.0,8,2009
3157438.0,0.0,4675112.0,4737917.0,62805.0,200908,CA,0203129020,47,47,70,70,3157438.0,0.0,4675112.0,8,2009
310469.0,0.0,657513.0,660988.0,3475.0,200908,CA,0203192010,47,47,70,70,310469.0,0.0,657513.0,8,2009
53768.0,0.0,111798.0,115863.0,4065.0,200908,CA,0203192090,47,47,70,70,53768.0,0.0,111798.0,8,2009
3762833.0,0.0,8438312.0,8533759.0,95447.0,200908,CA,0203194010,47,47,70,70,3762833.0,0.0,8438312.0,8,2009
6872767.0,0.0,14059995.0,14288470.0,228475.0,200908,CA,0203194090,47,47,70,70,6872767.0,0.0,14059995.0,8,2009
407056.0,0.0,738644.0,749997.0,11353.0,200908,CA,0203229000,47,47,70,70,407056.0,0.0,738644.0,8,2009
26850.0,0.0,134488.0,134808.0,320.0,200908,CA,0203292000,47,47,70,70,26850.0,0.0,134488.0,8,2009
2770816.0,0.0,6299146.0,6400999.0,101853.0,200908,CA,0203294000,47,47,70,70,2770816.0,0.0,6299146.0,8,2009
145979.0,0.0,210703.0,217144.0,6441.0,200909,CA,0203110000,47,47,70,70,145979.0,0.0,210703.0,9,2009
71577.0,0.0,127017.0,129557.0,2540.0,200909,CA,0203121010,47,47,70,70,71577.0,0.0,127017.0,9,2009
40624.0,0.0,77299.0,77780.0,481.0,200909,CA,0203121020,47,47,70,70,40624.0,0.0,77299.0,9,2009
3748119.0,0.0,6901111.0,6982420.0,81309.0,200909,CA,0203129010,47,47,70,70,3748119.0,0.0,6901111.0,9,2009
2806273.0,0.0,4201926.0,4261089.0,59163.0,200909,CA,0203129020,47,47,70,70,2806273.0,0.0,4201926.0,9,2009
337106.0,0.0,623182.0,626903.0,3721.0,200909,CA,0203192010,47,47,70,70,337106.0,0.0,623182.0,9,2009
54206.0,0.0,92066.0,96919.0,4853.0,200909,CA,0203192090,47,47,70,70,54206.0,0.0,92066.0,9,2009
3651623.0,0.0,7889864.0,8005991.0,116127.0,200909,CA,0203194010,47,47,70,70,3651623.0,0.0,7889864.0,9,2009
7161005.0,0.0,14631883.0,14866757.0,234874.0,200909,CA,0203194090,47,47,70,70,7161005.0,0.0,14631883.0,9,2009
1451.0,0.0,2687.0,2706.0,19.0,200909,CA,0203221000,47,47,70,70,1451.0,0.0,2687.0,9,2009
617272.0,0.0,1253737.0,1264452.0,10715.0,200909,CA,0203229000,47,47,70,70,617272.0,0.0,1253737.0,9,2009
51133.0,0.0,287346.0,291149.0,3803.0,200909,CA,0203292000,47,47,70,70,51133.0,0.0,287346.0,9,2009
2530858.0,0.0,6025909.0,6121312.0,95403.0,200909,CA,0203294000,47,47,70,70,2530858.0,0.0,6025909.0,9,2009
105970.0,0.0,139933.0,145051.0,5118.0,200910,CA,0203110000,47,47,70,70,105970.0,0.0,139933.0,10,2009
69947.0,0.0,171014.0,171814.0,800.0,200910,CA,0203121010,47,47,70,70,69947.0,0.0,171014.0,10,2009
37705.0,0.0,71782.0,72395.0,613.0,200910,CA,0203121020,47,47,70,70,37705.0,0.0,71782.0,10,2009
4345757.0,0.0,7716060.0,7798618.0,82558.0,200910,CA,0203129010,47,47,70,70,4345757.0,0.0,7716060.0,10,2009
2889661.0,0.0,4312352.0,4367113.0,54761.0,200910,CA,0203129020,47,47,70,70,2889661.0,0.0,4312352.0,10,2009
393219.0,0.0,843843.0,847523.0,3680.0,200910,CA,0203192010,47,47,70,70,393219.0,0.0,843843.0,10,2009
68184.0,0.0,136214.0,140922.0,4708.0,200910,CA,0203192090,47,47,70,70,68184.0,0.0,136214.0,10,2009
3851115.0,0.0,8223323.0,8325091.0,101768.0,200910,CA,0203194010,47,47,70,70,3851115.0,0.0,8223323.0,10,2009
6985085.0,0.0,14854422.0,15064229.0,209807.0,200910,CA,0203194090,47,47,70,70,6985085.0,0.0,14854422.0,10,2009
6516.0,0.0,12067.0,12216.0,149.0,200910,CA,0203221000,47,47,70,70,6516.0,0.0,12067.0,10,2009
594189.0,0.0,1147867.0,1153457.0,5590.0,200910,CA,0203229000,47,47,70,70,594189.0,0.0,1147867.0,10,2009
15181.0,0.0,51637.0,52849.0,1212.0,200910,CA,0203292000,47,47,70,70,15181.0,0.0,51637.0,10,2009
3011702.0,0.0,6880327.0,6992402.0,112075.0,200910,CA,0203294000,47,47,70,70,3011702.0,0.0,6880327.0,10,2009
110276.0,0.0,156423.0,164824.0,8401.0,200911,CA,0203110000,47,47,70,70,110276.0,0.0,156423.0,11,2009
34484.0,0.0,129184.0,129384.0,200.0,200911,CA,0203121010,47,47,70,70,34484.0,0.0,129184.0,11,2009
51487.0,0.0,101323.0,102067.0,744.0,200911,CA,0203121020,47,47,70,70,51487.0,0.0,101323.0,11,2009
6773727.0,0.0,11504780.0,11612892.0,108112.0,200911,CA,0203129010,47,47,70,70,6773727.0,0.0,11504780.0,11,2009
2569193.0,0.0,3998568.0,4051946.0,53378.0,200911,CA,0203129020,47,47,70,70,2569193.0,0.0,3998568.0,11,2009
369067.0,0.0,783585.0,786659.0,3074.0,200911,CA,0203192010,47,47,70,70,369067.0,0.0,783585.0,11,2009
29745.0,0.0,69320.0,73220.0,3900.0,200911,CA,0203192090,47,47,70,70,29745.0,0.0,69320.0,11,2009
3962716.0,0.0,8991404.0,9102941.0,111537.0,200911,CA,0203194010,47,47,70,70,3962716.0,0.0,8991404.0,11,2009
6689316.0,0.0,14430083.0,14598929.0,168846.0,200911,CA,0203194090,47,47,70,70,6689316.0,0.0,14430083.0,11,2009
1428.0,0.0,2644.0,2657.0,13.0,200911,CA,0203221000,47,47,70,70,1428.0,0.0,2644.0,11,2009
522827.0,0.0,947567.0,968166.0,20599.0,200911,CA,0203229000,47,47,70,70,522827.0,0.0,947567.0,11,2009
6096.0,0.0,19953.0,20153.0,200.0,200911,CA,0203292000,47,47,70,70,6096.0,0.0,19953.0,11,2009
2423546.0,0.0,5530938.0,5651581.0,120643.0,200911,CA,0203294000,47,47,70,70,2423546.0,0.0,5530938.0,11,2009
69705.0,0.0,115888.0,120587.0,4699.0,200912,CA,0203110000,47,47,70,70,69705.0,0.0,115888.0,12,2009
72963.0,0.0,212408.0,212709.0,301.0,200912,CA,0203121010,47,47,70,70,72963.0,0.0,212408.0,12,2009
76455.0,0.0,186281.0,190266.0,3985.0,200912,CA,0203121020,47,47,70,70,76455.0,0.0,186281.0,12,2009
6878733.0,0.0,12850124.0,12958255.0,108131.0,200912,CA,0203129010,47,47,70,70,6878733.0,0.0,12850124.0,12,2009
2731906.0,0.0,4758996.0,4820880.0,61884.0,200912,CA,0203129020,47,47,70,70,2731906.0,0.0,4758996.0,12,2009
351204.0,0.0,1022947.0,1026346.0,3399.0,200912,CA,0203192010,47,47,70,70,351204.0,0.0,1022947.0,12,2009
31234.0,0.0,57641.0,62014.0,4373.0,200912,CA,0203192090,47,47,70,70,31234.0,0.0,57641.0,12,2009
3747193.0,0.0,8856919.0,8963531.0,106612.0,200912,CA,0203194010,47,47,70,70,3747193.0,0.0,8856919.0,12,2009
7548778.0,0.0,17790534.0,18005655.0,215121.0,200912,CA,0203194090,47,47,70,70,7548778.0,0.0,17790534.0,12,2009
18517.0,0.0,14699.0,14799.0,100.0,200912,CA,0203210000,47,47,70,70,18517.0,0.0,14699.0,12,2009
1430.0,0.0,2649.0,2655.0,6.0,200912,CA,0203221000,47,47,70,70,1430.0,0.0,2649.0,12,2009
511616.0,0.0,920981.0,926148.0,5167.0,200912,CA,0203229000,47,47,70,70,511616.0,0.0,920981.0,12,2009
16051.0,0.0,79795.0,80102.0,307.0,200912,CA,0203292000,47,47,70,70,16051.0,0.0,79795.0,12,2009
3249676.0,0.0,7097817.0,7253993.0,156176.0,200912,CA,0203294000,47,47,70,70,3249676.0,0.0,7097817.0,12,2009
19339.0,0.0,34941.0,36201.0,1260.0,201001,CA,0203110000,47,47,70,70,19339.0,0.0,34941.0,1,2010
41383.0,0.0,136116.0,139766.0,3650.0,201001,CA,0203121010,47,47,70,70,41383.0,0.0,136116.0,1,2010
61383.0,0.0,126439.0,128201.0,1762.0,201001,CA,0203121020,47,47,70,70,61383.0,0.0,126439.0,1,2010
3708816.0,0.0,7632646.0,7715293.0,82647.0,201001,CA,0203129010,47,47,70,70,3708816.0,0.0,7632646.0,1,2010
2270075.0,0.0,3816557.0,3867790.0,51233.0,201001,CA,0203129020,47,47,70,70,2270075.0,0.0,3816557.0,1,2010
383779.0,0.0,1126090.0,1134360.0,8270.0,201001,CA,0203192010,47,47,70,70,383779.0,0.0,1126090.0,1,2010
173927.0,0.0,285237.0,293552.0,8315.0,201001,CA,0203192090,47,47,70,70,173927.0,0.0,285237.0,1,2010
3908484.0,0.0,10336440.0,10450726.0,114286.0,201001,CA,0203194010,47,47,70,70,3908484.0,0.0,10336440.0,1,2010
6780484.0,0.0,16353669.0,16585622.0,231953.0,201001,CA,0203194090,47,47,70,70,6780484.0,0.0,16353669.0,1,2010
1440.0,0.0,2666.0,2737.0,71.0,201001,CA,0203221000,47,47,70,70,1440.0,0.0,2666.0,1,2010
218735.0,0.0,459450.0,465411.0,5961.0,201001,CA,0203229000,47,47,70,70,218735.0,0.0,459450.0,1,2010
40783.0,0.0,141778.0,142248.0,470.0,201001,CA,0203292000,47,47,70,70,40783.0,0.0,141778.0,1,2010
3113512.0,0.0,7828341.0,7962117.0,133776.0,201001,CA,0203294000,47,47,70,70,3113512.0,0.0,7828341.0,1,2010
16438.0,0.0,31102.0,32323.0,1221.0,201002,CA,0203110000,47,47,70,70,16438.0,0.0,31102.0,2,2010
34484.0,0.0,131318.0,131568.0,250.0,201002,CA,0203121010,47,47,70,70,34484.0,0.0,131318.0,2,2010
58449.0,0.0,148791.0,152900.0,4109.0,201002,CA,0203121020,47,47,70,70,58449.0,0.0,148791.0,2,2010
3913846.0,0.0,8146259.0,8217190.0,70931.0,201002,CA,0203129010,47,47,70,70,3913846.0,0.0,8146259.0,2,2010
1982528.0,0.0,3554099.0,3601924.0,47825.0,201002,CA,0203129020,47,47,70,70,1982528.0,0.0,3554099.0,2,2010
354926.0,0.0,1124005.0,1134093.0,10088.0,201002,CA,0203192010,47,47,70,70,354926.0,0.0,1124005.0,2,2010
54899.0,0.0,129049.0,134770.0,5721.0,201002,CA,0203192090,47,47,70,70,54899.0,0.0,129049.0,2,2010
3576917.0,0.0,9792646.0,9889312.0,96666.0,201002,CA,0203194010,47,47,70,70,3576917.0,0.0,9792646.0,2,2010
6465858.0,0.0,15875099.0,16081571.0,206472.0,201002,CA,0203194090,47,47,70,70,6465858.0,0.0,15875099.0,2,2010
1431.0,0.0,2649.0,2799.0,150.0,201002,CA,0203221000,47,47,70,70,1431.0,0.0,2649.0,2,2010
223090.0,0.0,478876.0,483486.0,4610.0,201002,CA,0203229000,47,47,70,70,223090.0,0.0,478876.0,2,2010
55459.0,0.0,94795.0,95439.0,644.0,201002,CA,0203292000,47,47,70,70,55459.0,0.0,94795.0,2,2010
3666282.0,0.0,9611051.0,9742993.0,131942.0,201002,CA,0203294000,47,47,70,70,3666282.0,0.0,9611051.0,2,2010
74451.0,0.0,120307.0,125089.0,4782.0,201003,CA,0203110000,47,47,70,70,74451.0,0.0,120307.0,3,2010
28529.0,0.0,71913.0,72288.0,375.0,201003,CA,0203121020,47,47,70,70,28529.0,0.0,71913.0,3,2010
2775913.0,0.0,6966536.0,7025162.0,58626.0,201003,CA,0203129010,47,47,70,70,2775913.0,0.0,6966536.0,3,2010
2099621.0,0.0,4016144.0,4067873.0,51729.0,201003,CA,0203129020,47,47,70,70,2099621.0,0.0,4016144.0,3,2010
352830.0,0.0,1123308.0,1130412.0,7104.0,201003,CA,0203192010,47,47,70,70,352830.0,0.0,1123308.0,3,2010
119643.0,0.0,222773.0,234444.0,11671.0,201003,CA,0203192090,47,47,70,70,119643.0,0.0,222773.0,3,2010
3900292.0,0.0,10723966.0,10828579.0,104613.0,201003,CA,0203194010,47,47,70,70,3900292.0,0.0,10723966.0,3,2010
6927487.0,0.0,17295943.0,17509160.0,213217.0,201003,CA,0203194090,47,47,70,70,6927487.0,0.0,17295943.0,3,2010
23604.0,0.0,43712.0,43762.0,50.0,201003,CA,0203221000,47,47,70,70,23604.0,0.0,43712.0,3,2010
164683.0,0.0,355819.0,361247.0,5428.0,201003,CA,0203229000,47,47,70,70,164683.0,0.0,355819.0,3,2010
44628.0,0.0,174798.0,176667.0,1869.0,201003,CA,0203292000,47,47,70,70,44628.0,0.0,174798.0,3,2010
4099766.0,0.0,10745182.0,10897036.0,151854.0,201003,CA,0203294000,47,47,70,70,4099766.0,0.0,10745182.0,3,2010
75868.0,0.0,130922.0,135889.0,4967.0,201004,CA,0203110000,47,47,70,70,75868.0,0.0,130922.0,4,2010
24950.0,0.0,80307.0,83807.0,3500.0,201004,CA,0203121010,47,47,70,70,24950.0,0.0,80307.0,4,2010
15569.0,0.0,46542.0,47052.0,510.0,201004,CA,0203121020,47,47,70,70,15569.0,0.0,46542.0,4,2010
1560438.0,0.0,4608733.0,4661773.0,53040.0,201004,CA,0203129010,47,47,70,70,1560438.0,0.0,4608733.0,4,2010
2176612.0,0.0,5003696.0,5053990.0,50294.0,201004,CA,0203129020,47,47,70,70,2176612.0,0.0,5003696.0,4,2010
324212.0,0.0,1036845.0,1041879.0,5034.0,201004,CA,0203192010,47,47,70,70,324212.0,0.0,1036845.0,4,2010
304139.0,0.0,667615.0,684879.0,17264.0,201004,CA,0203192090,47,47,70,70,304139.0,0.0,667615.0,4,2010
3866613.0,0.0,11225199.0,11321354.0,96155.0,201004,CA,0203194010,47,47,70,70,3866613.0,0.0,11225199.0,4,2010
6494272.0,0.0,17063998.0,17267905.0,203907.0,201004,CA,0203194090,47,47,70,70,6494272.0,0.0,17063998.0,4,2010
201354.0,0.0,408959.0,410600.0,1641.0,201004,CA,0203229000,47,47,70,70,201354.0,0.0,408959.0,4,2010
74752.0,0.0,279526.0,279912.0,386.0,201004,CA,0203292000,47,47,70,70,74752.0,0.0,279526.0,4,2010
4153007.0,0.0,11188281.0,11437851.0,249570.0,201004,CA,0203294000,47,47,70,70,4153007.0,0.0,11188281.0,4,2010
110922.0,0.0,209515.0,216469.0,6954.0,201005,CA,0203110000,47,47,70,70,110922.0,0.0,209515.0,5,2010
17242.0,0.0,71486.0,71636.0,150.0,201005,CA,0203121010,47,47,70,70,17242.0,0.0,71486.0,5,2010
73455.0,0.0,213017.0,220638.0,7621.0,201005,CA,0203121020,47,47,70,70,73455.0,0.0,213017.0,5,2010
1788801.0,0.0,5560344.0,5615236.0,54892.0,201005,CA,0203129010,47,47,70,70,1788801.0,0.0,5560344.0,5,2010
2391859.0,0.0,5677430.0,5723737.0,46307.0,201005,CA,0203129020,47,47,70,70,2391859.0,0.0,5677430.0,5,2010
272069.0,0.0,864498.0,867681.0,3183.0,201005,CA,0203192010,47,47,70,70,272069.0,0.0,864498.0,5,2010
645957.0,0.0,1753295.0,1777423.0,24128.0,201005,CA,0203192090,47,47,70,70,645957.0,0.0,1753295.0,5,2010
3734658.0,0.0,12812541.0,12907282.0,94741.0,201005,CA,0203194010,47,47,70,70,3734658.0,0.0,12812541.0,5,2010
7270778.0,0.0,19906769.0,20102431.0,195662.0,201005,CA,0203194090,47,47,70,70,7270778.0,0.0,19906769.0,5,2010
484433.0,0.0,1183422.0,1233289.0,49867.0,201005,CA,0203229000,47,47,70,70,484433.0,0.0,1183422.0,5,2010
32970.0,0.0,73721.0,74144.0,423.0,201005,CA,0203292000,47,47,70,70,32970.0,0.0,73721.0,5,2010
3710716.0,0.0,10172764.0,10336603.0,163839.0,201005,CA,0203294000,47,47,70,70,3710716.0,0.0,10172764.0,5,2010
50427.0,0.0,93826.0,97513.0,3687.0,201006,CA,0203110000,47,47,70,70,50427.0,0.0,93826.0,6,2010
28050.0,0.0,81392.0,81767.0,375.0,201006,CA,0203121020,47,47,70,70,28050.0,0.0,81392.0,6,2010
3583642.0,0.0,8782213.0,8855940.0,73727.0,201006,CA,0203129010,47,47,70,70,3583642.0,0.0,8782213.0,6,2010
2927297.0,0.0,6492711.0,6552470.0,59759.0,201006,CA,0203129020,47,47,70,70,2927297.0,0.0,6492711.0,6,2010
211464.0,0.0,607255.0,609960.0,2705.0,201006,CA,0203192010,47,47,70,70,211464.0,0.0,607255.0,6,2010
180994.0,0.0,372868.0,380518.0,7650.0,201006,CA,0203192090,47,47,70,70,180994.0,0.0,372868.0,6,2010
4465083.0,0.0,14650458.0,14774563.0,124105.0,201006,CA,0203194010,47,47,70,70,4465083.0,0.0,14650458.0,6,2010
7456961.0,0.0,19434400.0,19636966.0,202566.0,201006,CA,0203194090,47,47,70,70,7456961.0,0.0,19434400.0,6,2010
73496.0,0.0,166892.0,170342.0,3450.0,201006,CA,0203221000,47,47,70,70,73496.0,0.0,166892.0,6,2010
299984.0,0.0,701588.0,714395.0,12807.0,201006,CA,0203229000,47,47,70,70,299984.0,0.0,701588.0,6,2010
98659.0,0.0,237608.0,238102.0,494.0,201006,CA,0203292000,47,47,70,70,98659.0,0.0,237608.0,6,2010
3703031.0,0.0,10445486.0,10573407.0,127921.0,201006,CA,0203294000,47,47,70,70,3703031.0,0.0,10445486.0,6,2010
37450.0,0.0,72636.0,75325.0,2689.0,201007,CA,0203110000,47,47,70,70,37450.0,0.0,72636.0,7,2010
35822.0,0.0,86930.0,88506.0,1576.0,201007,CA,0203121010,47,47,70,70,35822.0,0.0,86930.0,7,2010
20389.0,0.0,55736.0,56101.0,365.0,201007,CA,0203121020,47,47,70,70,20389.0,0.0,55736.0,7,2010
4766108.0,0.0,11047542.0,11122233.0,74691.0,201007,CA,0203129010,47,47,70,70,4766108.0,0.0,11047542.0,7,2010
2876565.0,0.0,5941808.0,5992547.0,50739.0,201007,CA,0203129020,47,47,70,70,2876565.0,0.0,5941808.0,7,2010
311367.0,0.0,923211.0,926757.0,3546.0,201007,CA,0203192010,47,47,70,70,311367.0,0.0,923211.0,7,2010
99110.0,0.0,167992.0,170977.0,2985.0,201007,CA,0203192090,47,47,70,70,99110.0,0.0,167992.0,7,2010
4051301.0,0.0,13496752.0,13616030.0,119278.0,201007,CA,0203194010,47,47,70,70,4051301.0,0.0,13496752.0,7,2010
6977090.0,0.0,18287964.0,18489827.0,201863.0,201007,CA,0203194090,47,47,70,70,6977090.0,0.0,18287964.0,7,2010
24507.0,0.0,49705.0,50905.0,1200.0,201007,CA,0203221000,47,47,70,70,24507.0,0.0,49705.0,7,2010
396099.0,0.0,926394.0,934300.0,7906.0,201007,CA,0203229000,47,47,70,70,396099.0,0.0,926394.0,7,2010
427136.0,0.0,1125780.0,1127239.0,1459.0,201007,CA,0203292000,47,47,70,70,427136.0,0.0,1125780.0,7,2010
3420804.0,0.0,9571105.0,9713131.0,142026.0,201007,CA,0203294000,47,47,70,70,3420804.0,0.0,9571105.0,7,2010
169.0,0.0,2272.0,2295.0,23.0,201008,CA,0203110000,47,47,70,70,169.0,0.0,2272.0,8,2010
68968.0,0.0,292063.0,292913.0,850.0,201008,CA,0203121010,47,47,70,70,68968.0,0.0,292063.0,8,2010
57072.0,0.0,147493.0,148322.0,829.0,201008,CA,0203121020,47,47,70,70,57072.0,0.0,147493.0,8,2010
5724123.0,0.0,13402337.0,13511774.0,109437.0,201008,CA,0203129010,47,47,70,70,5724123.0,0.0,13402337.0,8,2010
2976860.0,0.0,6324022.0,6369384.0,45362.0,201008,CA,0203129020,47,47,70,70,2976860.0,0.0,6324022.0,8,2010
371527.0,0.0,1190553.0,1194662.0,4109.0,201008,CA,0203192010,47,47,70,70,371527.0,0.0,1190553.0,8,2010
162297.0,0.0,297543.0,301143.0,3600.0,201008,CA,0203192090,47,47,70,70,162297.0,0.0,297543.0,8,2010
4596851.0,0.0,18297415.0,18421730.0,124315.0,201008,CA,0203194010,47,47,70,70,4596851.0,0.0,18297415.0,8,2010
8290146.0,0.0,22381306.0,22616083.0,234777.0,201008,CA,0203194090,47,47,70,70,8290146.0,0.0,22381306.0,8,2010
433271.0,0.0,1104426.0,1112668.0,8242.0,201008,CA,0203229000,47,47,70,70,433271.0,0.0,1104426.0,8,2010
62968.0,0.0,140940.0,141616.0,676.0,201008,CA,0203292000,47,47,70,70,62968.0,0.0,140940.0,8,2010
3720311.0,0.0,10419046.0,10590831.0,171785.0,201008,CA,0203294000,47,47,70,70,3720311.0,0.0,10419046.0,8,2010
165.0,0.0,2177.0,2217.0,40.0,201009,CA,0203110000,47,47,70,70,165.0,0.0,2177.0,9,2010
34484.0,0.0,151351.0,151441.0,90.0,201009,CA,0203121010,47,47,70,70,34484.0,0.0,151351.0,9,2010
17740.0,0.0,49013.0,49192.0,179.0,201009,CA,0203121020,47,47,70,70,17740.0,0.0,49013.0,9,2010
5601203.0,0.0,13547781.0,13684418.0,136637.0,201009,CA,0203129010,47,47,70,70,5601203.0,0.0,13547781.0,9,2010
2580961.0,0.0,5409437.0,5461279.0,51842.0,201009,CA,0203129020,47,47,70,70,2580961.0,0.0,5409437.0,9,2010
367457.0,0.0,1411637.0,1415085.0,3448.0,201009,CA,0203192010,47,47,70,70,367457.0,0.0,1411637.0,9,2010
92075.0,0.0,186968.0,195503.0,8535.0,201009,CA,0203192090,47,47,70,70,92075.0,0.0,186968.0,9,2010
5168348.0,0.0,21885793.0,22041883.0,156090.0,201009,CA,0203194010,47,47,70,70,5168348.0,0.0,21885793.0,9,2010
7849940.0,0.0,21335283.0,21565807.0,230524.0,201009,CA,0203194090,47,47,70,70,7849940.0,0.0,21335283.0,9,2010
18860.0,0.0,76919.0,78119.0,1200.0,201009,CA,0203221000,47,47,70,70,18860.0,0.0,76919.0,9,2010
457231.0,0.0,1193126.0,1195835.0,2709.0,201009,CA,0203229000,47,47,70,70,457231.0,0.0,1193126.0,9,2010
3460962.0,0.0,9725241.0,9868355.0,143114.0,201009,CA,0203294000,47,47,70,70,3460962.0,0.0,9725241.0,9,2010
56417.0,0.0,80673.0,84231.0,3558.0,201010,CA,0203110000,47,47,70,70,56417.0,0.0,80673.0,10,2010
55867.0,0.0,209845.0,216667.0,6822.0,201010,CA,0203121010,47,47,70,70,55867.0,0.0,209845.0,10,2010
36104.0,0.0,97206.0,97965.0,759.0,201010,CA,0203121020,47,47,70,70,36104.0,0.0,97206.0,10,2010
4424942.0,0.0,11809368.0,11892749.0,83381.0,201010,CA,0203129010,47,47,70,70,4424942.0,0.0,11809368.0,10,2010
2763212.0,0.0,5954231.0,6040343.0,86112.0,201010,CA,0203129020,47,47,70,70,2763212.0,0.0,5954231.0,10,2010
411067.0,0.0,1353074.0,1358300.0,5226.0,201010,CA,0203192010,47,47,70,70,411067.0,0.0,1353074.0,10,2010
70802.0,0.0,161333.0,163567.0,2234.0,201010,CA,0203192090,47,47,70,70,70802.0,0.0,161333.0,10,2010
4360126.0,0.0,14894905.0,15032696.0,137791.0,201010,CA,0203194010,47,47,70,70,4360126.0,0.0,14894905.0,10,2010
7790888.0,0.0,21168857.0,21380376.0,211519.0,201010,CA,0203194090,47,47,70,70,7790888.0,0.0,21168857.0,10,2010
628749.0,0.0,1624489.0,1629906.0,5417.0,201010,CA,0203229000,47,47,70,70,628749.0,0.0,1624489.0,10,2010
48955.0,0.0,107055.0,107555.0,500.0,201010,CA,0203292000,47,47,70,70,48955.0,0.0,107055.0,10,2010
3346615.0,0.0,9761415.0,9908505.0,147090.0,201010,CA,0203294000,47,47,70,70,3346615.0,0.0,9761415.0,10,2010
69826.0,0.0,106446.0,111314.0,4868.0,201011,CA,0203110000,47,47,70,70,69826.0,0.0,106446.0,11,2010
52952.0,0.0,190523.0,190699.0,176.0,201011,CA,0203121010,47,47,70,70,52952.0,0.0,190523.0,11,2010
27491.0,0.0,76197.0,76751.0,554.0,201011,CA,0203121020,47,47,70,70,27491.0,0.0,76197.0,11,2010
4348519.0,0.0,11048719.0,11138935.0,90216.0,201011,CA,0203129010,47,47,70,70,4348519.0,0.0,11048719.0,11,2010
2341553.0,0.0,5245698.0,5301248.0,55550.0,201011,CA,0203129020,47,47,70,70,2341553.0,0.0,5245698.0,11,2010
271509.0,0.0,935866.0,939197.0,3331.0,201011,CA,0203192010,47,47,70,70,271509.0,0.0,935866.0,11,2010
77233.0,0.0,205022.0,212897.0,7875.0,201011,CA,0203192090,47,47,70,70,77233.0,0.0,205022.0,11,2010
4069614.0,0.0,11628761.0,11737427.0,108666.0,201011,CA,0203194010,47,47,70,70,4069614.0,0.0,11628761.0,11,2010
7617189.0,0.0,20440115.0,20630195.0,190080.0,201011,CA,0203194090,47,47,70,70,7617189.0,0.0,20440115.0,11,2010
18560.0,0.0,76107.0,76307.0,200.0,201011,CA,0203221000,47,47,70,70,18560.0,0.0,76107.0,11,2010
511484.0,0.0,1355307.0,1363496.0,8189.0,201011,CA,0203229000,47,47,70,70,511484.0,0.0,1355307.0,11,2010
20415.0,0.0,80250.0,80500.0,250.0,201011,CA,0203292000,47,47,70,70,20415.0,0.0,80250.0,11,2010
3468762.0,0.0,9572027.0,9683208.0,111181.0,201011,CA,0203294000,47,47,70,70,3468762.0,0.0,9572027.0,11,2010
17331.0,0.0,37898.0,39276.0,1378.0,201012,CA,0203110000,47,47,70,70,17331.0,0.0,37898.0,12,2010
17242.0,0.0,68346.0,68546.0,200.0,201012,CA,0203121010,47,47,70,70,17242.0,0.0,68346.0,12,2010
20734.0,0.0,59148.0,59531.0,383.0,201012,CA,0203121020,47,47,70,70,20734.0,0.0,59148.0,12,2010
3019544.0,0.0,8161804.0,8238203.0,76399.0,201012,CA,0203129010,47,47,70,70,3019544.0,0.0,8161804.0,12,2010
2057343.0,0.0,4721369.0,4771662.0,50293.0,201012,CA,0203129020,47,47,70,70,2057343.0,0.0,4721369.0,12,2010
318612.0,0.0,1005302.0,1008977.0,3675.0,201012,CA,0203192010,47,47,70,70,318612.0,0.0,1005302.0,12,2010
82230.0,0.0,255984.0,257631.0,1647.0,201012,CA,0203192090,47,47,70,70,82230.0,0.0,255984.0,12,2010
3370519.0,0.0,9993404.0,10107861.0,114457.0,201012,CA,0203194010,47,47,70,70,3370519.0,0.0,9993404.0,12,2010
7649718.0,0.0,20940302.0,21152274.0,211972.0,201012,CA,0203194090,47,47,70,70,7649718.0,0.0,20940302.0,12,2010
587296.0,0.0,1526833.0,1530158.0,3325.0,201012,CA,0203229000,47,47,70,70,587296.0,0.0,1526833.0,12,2010
18375.0,0.0,27991.0,28041.0,50.0,201012,CA,0203292000,47,47,70,70,18375.0,0.0,27991.0,12,2010
3172640.0,0.0,9454619.0,9560391.0,105772.0,201012,CA,0203294000,47,47,70,70,3172640.0,0.0,9454619.0,12,2010
180.0,0.0,2171.0,2235.0,64.0,201101,CA,0203110000,47,47,70,70,180.0,0.0,2171.0,1,2011
27352.0,0.0,77376.0,78139.0,763.0,201101,CA,0203121020,47,47,70,70,27352.0,0.0,77376.0,1,2011
1634501.0,0.0,4948626.0,4996208.0,47582.0,201101,CA,0203129010,47,47,70,70,1634501.0,0.0,4948626.0,1,2011
1971253.0,0.0,4786019.0,4843074.0,57055.0,201101,CA,0203129020,47,47,70,70,1971253.0,0.0,4786019.0,1,2011
284303.0,0.0,996667.0,1000424.0,3757.0,201101,CA,0203192010,47,47,70,70,284303.0,0.0,996667.0,1,2011
117890.0,0.0,333413.0,335713.0,2300.0,201101,CA,0203192090,47,47,70,70,117890.0,0.0,333413.0,1,2011
3832077.0,0.0,12652868.0,12778910.0,126042.0,201101,CA,0203194010,47,47,70,70,3832077.0,0.0,12652868.0,1,2011
7384948.0,0.0,20323399.0,20505753.0,182354.0,201101,CA,0203194090,47,47,70,70,7384948.0,0.0,20323399.0,1,2011
519820.0,0.0,1544774.0,1548599.0,3825.0,201101,CA,0203229000,47,47,70,70,519820.0,0.0,1544774.0,1,2011
3335363.0,0.0,9866791.0,9969043.0,102252.0,201101,CA,0203294000,47,47,70,70,3335363.0,0.0,9866791.0,1,2011
17079.0,0.0,55462.0,55891.0,429.0,201102,CA,0203121020,47,47,70,70,17079.0,0.0,55462.0,2,2011
1392680.0,0.0,4536098.0,4582862.0,46764.0,201102,CA,0203129010,47,47,70,70,1392680.0,0.0,4536098.0,2,2011
1776626.0,0.0,5079067.0,5133348.0,54281.0,201102,CA,0203129020,47,47,70,70,1776626.0,0.0,5079067.0,2,2011
214069.0,0.0,715021.0,717946.0,2925.0,201102,CA,0203192010,47,47,70,70,214069.0,0.0,715021.0,2,2011
130814.0,0.0,414811.0,417661.0,2850.0,201102,CA,0203192090,47,47,70,70,130814.0,0.0,414811.0,2,2011
4666323.0,0.0,16757564.0,16917072.0,159508.0,201102,CA,0203194010,47,47,70,70,4666323.0,0.0,16757564.0,2,2011
6443044.0,0.0,19153393.0,19325445.0,172052.0,201102,CA,0203194090,47,47,70,70,6443044.0,0.0,19153393.0,2,2011
347914.0,0.0,871678.0,874161.0,2483.0,201102,CA,0203229000,47,47,70,70,347914.0,0.0,871678.0,2,2011
54848.0,0.0,178209.0,179309.0,1100.0,201102,CA,0203292000,47,47,70,70,54848.0,0.0,178209.0,2,2011
2453023.0,0.0,6664293.0,6732145.0,67852.0,201102,CA,0203294000,47,47,70,70,2453023.0,0.0,6664293.0,2,2011
106.0,0.0,2027.0,2072.0,45.0,201103,CA,0203110000,47,47,70,70,106.0,0.0,2027.0,3,2011
22178.0,0.0,74928.0,75625.0,697.0,201103,CA,0203121020,47,47,70,70,22178.0,0.0,74928.0,3,2011
1864167.0,0.0,6059174.0,6135810.0,76636.0,201103,CA,0203129010,47,47,70,70,1864167.0,0.0,6059174.0,3,2011
2034065.0,0.0,5581011.0,5652577.0,71566.0,201103,CA,0203129020,47,47,70,70,2034065.0,0.0,5581011.0,3,2011
305027.0,0.0,1028808.0,1032774.0,3966.0,201103,CA,0203192010,47,47,70,70,305027.0,0.0,1028808.0,3,2011
37950.0,0.0,127173.0,128073.0,900.0,201103,CA,0203192090,47,47,70,70,37950.0,0.0,127173.0,3,2011
6641104.0,0.0,25543501.0,25771450.0,227949.0,201103,CA,0203194010,47,47,70,70,6641104.0,0.0,25543501.0,3,2011
7819028.0,0.0,22994044.0,23203708.0,209664.0,201103,CA,0203194090,47,47,70,70,7819028.0,0.0,22994044.0,3,2011
512973.0,0.0,1332025.0,1336435.0,4410.0,201103,CA,0203229000,47,47,70,70,512973.0,0.0,1332025.0,3,2011
52910.0,0.0,114965.0,115507.0,542.0,201103,CA,0203292000,47,47,70,70,52910.0,0.0,114965.0,3,2011
2797425.0,0.0,8484829.0,8582743.0,97914.0,201103,CA,0203294000,47,47,70,70,2797425.0,0.0,8484829.0,3,2011
18218.0,0.0,58451.0,58675.0,224.0,201104,CA,0203121020,47,47,70,70,18218.0,0.0,58451.0,4,2011
1892569.0,0.0,5853680.0,5923315.0,69635.0,201104,CA,0203129010,47,47,70,70,1892569.0,0.0,5853680.0,4,2011
1835978.0,0.0,5022656.0,5090022.0,67366.0,201104,CA,0203129020,47,47,70,70,1835978.0,0.0,5022656.0,4,2011
308352.0,0.0,1031946.0,1036411.0,4465.0,201104,CA,0203192010,47,47,70,70,308352.0,0.0,1031946.0,4,2011
19759.0,0.0,53327.0,53780.0,453.0,201104,CA,0203192090,47,47,70,70,19759.0,0.0,53327.0,4,2011
5129684.0,0.0,22032998.0,22211106.0,178108.0,201104,CA,0203194010,47,47,70,70,5129684.0,0.0,22032998.0,4,2011
7205915.0,0.0,21346860.0,21555509.0,208649.0,201104,CA,0203194090,47,47,70,70,7205915.0,0.0,21346860.0,4,2011
550014.0,0.0,1510565.0,1515744.0,5179.0,201104,CA,0203229000,47,47,70,70,550014.0,0.0,1510565.0,4,2011
147458.0,0.0,275867.0,278170.0,2303.0,201104,CA,0203292000,47,47,70,70,147458.0,0.0,275867.0,4,2011
2873988.0,0.0,8454660.0,8583439.0,128779.0,201104,CA,0203294000,47,47,70,70,2873988.0,0.0,8454660.0,4,2011
152.0,0.0,2036.0,2066.0,30.0,201105,CA,0203110000,47,47,70,70,152.0,0.0,2036.0,5,2011
18442.0,0.0,42432.0,44107.0,1675.0,201105,CA,0203121010,47,47,70,70,18442.0,0.0,42432.0,5,2011
30254.0,0.0,97218.0,97993.0,775.0,201105,CA,0203121020,47,47,70,70,30254.0,0.0,97218.0,5,2011
1619426.0,0.0,5127664.0,5192156.0,64492.0,201105,CA,0203129010,47,47,70,70,1619426.0,0.0,5127664.0,5,2011
2402818.0,0.0,6368569.0,6439605.0,71036.0,201105,CA,0203129020,47,47,70,70,2402818.0,0.0,6368569.0,5,2011
286823.0,0.0,987296.0,990938.0,3642.0,201105,CA,0203192010,47,47,70,70,286823.0,0.0,987296.0,5,2011
18500.0,0.0,15371.0,15771.0,400.0,201105,CA,0203192090,47,47,70,70,18500.0,0.0,15371.0,5,2011
4545409.0,0.0,18006261.0,18137716.0,131455.0,201105,CA,0203194010,47,47,70,70,4545409.0,0.0,18006261.0,5,2011
7525977.0,0.0,22429955.0,22627518.0,197563.0,201105,CA,0203194090,47,47,70,70,7525977.0,0.0,22429955.0,5,2011
229214.0,0.0,655796.0,658346.0,2550.0,201105,CA,0203229000,47,47,70,70,229214.0,0.0,655796.0,5,2011
89506.0,0.0,174405.0,175823.0,1418.0,201105,CA,0203292000,47,47,70,70,89506.0,0.0,174405.0,5,2011
2553751.0,0.0,7975782.0,8101484.0,125702.0,201105,CA,0203294000,47,47,70,70,2553751.0,0.0,7975782.0,5,2011
22495.0,0.0,71640.0,72582.0,942.0,201106,CA,0203121020,47,47,70,70,22495.0,0.0,71640.0,6,2011
1645450.0,0.0,4964045.0,5020837.0,56792.0,201106,CA,0203129010,47,47,70,70,1645450.0,0.0,4964045.0,6,2011
2218996.0,0.0,6023724.0,6088281.0,64557.0,201106,CA,0203129020,47,47,70,70,2218996.0,0.0,6023724.0,6,2011
326082.0,0.0,1290327.0,1296387.0,6060.0,201106,CA,0203192010,47,47,70,70,326082.0,0.0,1290327.0,6,2011
59876.0,0.0,213096.0,214690.0,1594.0,201106,CA,0203192090,47,47,70,70,59876.0,0.0,213096.0,6,2011
4666981.0,0.0,17201992.0,17339453.0,137461.0,201106,CA,0203194010,47,47,70,70,4666981.0,0.0,17201992.0,6,2011
6359951.0,0.0,19085249.0,19281582.0,196333.0,201106,CA,0203194090,47,47,70,70,6359951.0,0.0,19085249.0,6,2011
347475.0,0.0,1002500.0,1004801.0,2301.0,201106,CA,0203229000,47,47,70,70,347475.0,0.0,1002500.0,6,2011
2842345.0,0.0,9095694.0,9194312.0,98618.0,201106,CA,0203294000,47,47,70,70,2842345.0,0.0,9095694.0,6,2011
663548.0,0.0,2465784.0,2469355.0,3571.0,201107,CA,0203121010,47,47,70,70,663548.0,0.0,2465784.0,7,2011
23036.0,0.0,77459.0,77897.0,438.0,201107,CA,0203121020,47,47,70,70,23036.0,0.0,77459.0,7,2011
2009955.0,0.0,5048954.0,5115348.0,66394.0,201107,CA,0203129010,47,47,70,70,2009955.0,0.0,5048954.0,7,2011
2387928.0,0.0,6521736.0,6597258.0,75522.0,201107,CA,0203129020,47,47,70,70,2387928.0,0.0,6521736.0,7,2011
312917.0,0.0,1096857.0,1101901.0,5044.0,201107,CA,0203192010,47,47,70,70,312917.0,0.0,1096857.0,7,2011
65982.0,0.0,152299.0,153235.0,936.0,201107,CA,0203192090,47,47,70,70,65982.0,0.0,152299.0,7,2011
4237934.0,0.0,16710462.0,16850139.0,139677.0,201107,CA,0203194010,47,47,70,70,4237934.0,0.0,16710462.0,7,2011
5761354.0,0.0,18349158.0,18536320.0,187162.0,201107,CA,0203194090,47,47,70,70,5761354.0,0.0,18349158.0,7,2011
130208.0,0.0,354538.0,357127.0,2589.0,201107,CA,0203229000,47,47,70,70,130208.0,0.0,354538.0,7,2011
95597.0,0.0,290292.0,291246.0,954.0,201107,CA,0203292000,47,47,70,70,95597.0,0.0,290292.0,7,2011
2624056.0,0.0,8205028.0,8303701.0,98673.0,201107,CA,0203294000,47,47,70,70,2624056.0,0.0,8205028.0,7,2011
210.0,0.0,2814.0,2858.0,44.0,201108,CA,0203110000,47,47,70,70,210.0,0.0,2814.0,8,2011
783879.0,0.0,3257947.0,3262318.0,4371.0,201108,CA,0203121010,47,47,70,70,783879.0,0.0,3257947.0,8,2011
24463.0,0.0,77924.0,78231.0,307.0,201108,CA,0203121020,47,47,70,70,24463.0,0.0,77924.0,8,2011
2965607.0,0.0,7586228.0,7685311.0,99083.0,201108,CA,0203129010,47,47,70,70,2965607.0,0.0,7586228.0,8,2011
2412633.0,0.0,6499696.0,6571147.0,71451.0,201108,CA,0203129020,47,47,70,70,2412633.0,0.0,6499696.0,8,2011
345172.0,0.0,1253570.0,1260846.0,7276.0,201108,CA,0203192010,47,47,70,70,345172.0,0.0,1253570.0,8,2011
45344.0,0.0,121647.0,122195.0,548.0,201108,CA,0203192090,47,47,70,70,45344.0,0.0,121647.0,8,2011
5885449.0,0.0,25022724.0,25194070.0,171346.0,201108,CA,0203194010,47,47,70,70,5885449.0,0.0,25022724.0,8,2011
6738551.0,0.0,21710176.0,21943237.0,233061.0,201108,CA,0203194090,47,47,70,70,6738551.0,0.0,21710176.0,8,2011
24545.0,0.0,81979.0,82029.0,50.0,201108,CA,0203221000,47,47,70,70,24545.0,0.0,81979.0,8,2011
258237.0,0.0,659954.0,664773.0,4819.0,201108,CA,0203229000,47,47,70,70,258237.0,0.0,659954.0,8,2011
139157.0,0.0,484502.0,488147.0,3645.0,201108,CA,0203292000,47,47,70,70,139157.0,0.0,484502.0,8,2011
2825593.0,0.0,9178233.0,9297032.0,118799.0,201108,CA,0203294000,47,47,70,70,2825593.0,0.0,9178233.0,8,2011
233.0,0.0,3084.0,3108.0,24.0,201109,CA,0203110000,47,47,70,70,233.0,0.0,3084.0,9,2011
808240.0,0.0,3425990.0,3453917.0,27927.0,201109,CA,0203121010,47,47,70,70,808240.0,0.0,3425990.0,9,2011
27667.0,0.0,81682.0,82576.0,894.0,201109,CA,0203121020,47,47,70,70,27667.0,0.0,81682.0,9,2011
2085918.0,0.0,5492895.0,5564261.0,71366.0,201109,CA,0203129010,47,47,70,70,2085918.0,0.0,5492895.0,9,2011
2124899.0,0.0,5545342.0,5646102.0,100760.0,201109,CA,0203129020,47,47,70,70,2124899.0,0.0,5545342.0,9,2011
338079.0,0.0,1058977.0,1067124.0,8147.0,201109,CA,0203192010,47,47,70,70,338079.0,0.0,1058977.0,9,2011
52863.0,0.0,171560.0,172730.0,1170.0,201109,CA,0203192090,47,47,70,70,52863.0,0.0,171560.0,9,2011
4876254.0,0.0,17172380.0,17324946.0,152566.0,201109,CA,0203194010,47,47,70,70,4876254.0,0.0,17172380.0,9,2011
6294843.0,0.0,19686489.0,19916042.0,229553.0,201109,CA,0203194090,47,47,70,70,6294843.0,0.0,19686489.0,9,2011
146019.0,0.0,396089.0,402534.0,6445.0,201109,CA,0203229000,47,47,70,70,146019.0,0.0,396089.0,9,2011
72419.0,0.0,128533.0,129759.0,1226.0,201109,CA,0203292000,47,47,70,70,72419.0,0.0,128533.0,9,2011
2808308.0,0.0,9064258.0,9187919.0,123661.0,201109,CA,0203294000,47,47,70,70,2808308.0,0.0,9064258.0,9,2011
601570.0,0.0,2426196.0,2437730.0,11534.0,201110,CA,0203121010,47,47,70,70,601570.0,0.0,2426196.0,10,2011
37490.0,0.0,105247.0,106653.0,1406.0,201110,CA,0203121020,47,47,70,70,37490.0,0.0,105247.0,10,2011
2191190.0,0.0,5878885.0,5969235.0,90350.0,201110,CA,0203129010,47,47,70,70,2191190.0,0.0,5878885.0,10,2011
2010113.0,0.0,5427237.0,5514992.0,87755.0,201110,CA,0203129020,47,47,70,70,2010113.0,0.0,5427237.0,10,2011
315838.0,0.0,1039175.0,1044447.0,5272.0,201110,CA,0203192010,47,47,70,70,315838.0,0.0,1039175.0,10,2011
34895.0,0.0,99238.0,100038.0,800.0,201110,CA,0203192090,47,47,70,70,34895.0,0.0,99238.0,10,2011
5441870.0,0.0,20275389.0,20470368.0,194979.0,201110,CA,0203194010,47,47,70,70,5441870.0,0.0,20275389.0,10,2011
6510633.0,0.0,20259386.0,20455837.0,196451.0,201110,CA,0203194090,47,47,70,70,6510633.0,0.0,20259386.0,10,2011
145855.0,0.0,365402.0,373510.0,8108.0,201110,CA,0203229000,47,47,70,70,145855.0,0.0,365402.0,10,2011
92516.0,0.0,184831.0,187004.0,2173.0,201110,CA,0203292000,47,47,70,70,92516.0,0.0,184831.0,10,2011
3282191.0,0.0,10599665.0,10734811.0,135146.0,201110,CA,0203294000,47,47,70,70,3282191.0,0.0,10599665.0,10,2011
669300.0,0.0,2703280.0,2717816.0,14536.0,201111,CA,0203121010,47,47,70,70,669300.0,0.0,2703280.0,11,2011
46560.0,0.0,124815.0,129752.0,4937.0,201111,CA,0203121020,47,47,70,70,46560.0,0.0,124815.0,11,2011
4490597.0,0.0,10743457.0,10868197.0,124740.0,201111,CA,0203129010,47,47,70,70,4490597.0,0.0,10743457.0,11,2011
2147892.0,0.0,5520184.0,5603626.0,83442.0,201111,CA,0203129020,47,47,70,70,2147892.0,0.0,5520184.0,11,2011
306798.0,0.0,1056047.0,1061001.0,4954.0,201111,CA,0203192010,47,47,70,70,306798.0,0.0,1056047.0,11,2011
80083.0,0.0,210668.0,212118.0,1450.0,201111,CA,0203192090,47,47,70,70,80083.0,0.0,210668.0,11,2011
5515325.0,0.0,19534862.0,19713273.0,178411.0,201111,CA,0203194010,47,47,70,70,5515325.0,0.0,19534862.0,11,2011
6387401.0,0.0,20784451.0,20991522.0,207071.0,201111,CA,0203194090,47,47,70,70,6387401.0,0.0,20784451.0,11,2011
521764.0,0.0,1309266.0,1318806.0,9540.0,201111,CA,0203229000,47,47,70,70,521764.0,0.0,1309266.0,11,2011
12222.0,0.0,16257.0,16261.0,4.0,201111,CA,0203292000,47,47,70,70,12222.0,0.0,16257.0,11,2011
3960541.0,0.0,12588918.0,12752740.0,163822.0,201111,CA,0203294000,47,47,70,70,3960541.0,0.0,12588918.0,11,2011
185.0,0.0,2480.0,2510.0,30.0,201112,CA,0203110000,47,47,70,70,185.0,0.0,2480.0,12,2011
636785.0,0.0,2406277.0,2417761.0,11484.0,201112,CA,0203121010,47,47,70,70,636785.0,0.0,2406277.0,12,2011
31054.0,0.0,97706.0,98309.0,603.0,201112,CA,0203121020,47,47,70,70,31054.0,0.0,97706.0,12,2011
3477363.0,0.0,7942906.0,8032560.0,89654.0,201112,CA,0203129010,47,47,70,70,3477363.0,0.0,7942906.0,12,2011
1945323.0,0.0,5260140.0,5344262.0,84122.0,201112,CA,0203129020,47,47,70,70,1945323.0,0.0,5260140.0,12,2011
298502.0,0.0,1132569.0,1139243.0,6674.0,201112,CA,0203192010,47,47,70,70,298502.0,0.0,1132569.0,12,2011
55488.0,0.0,163995.0,164895.0,900.0,201112,CA,0203192090,47,47,70,70,55488.0,0.0,163995.0,12,2011
4614723.0,0.0,15965453.0,16113861.0,148408.0,201112,CA,0203194010,47,47,70,70,4614723.0,0.0,15965453.0,12,2011
7018403.0,0.0,22477127.0,22695015.0,217888.0,201112,CA,0203194090,47,47,70,70,7018403.0,0.0,22477127.0,12,2011
311539.0,0.0,747054.0,770676.0,23622.0,201112,CA,0203229000,47,47,70,70,311539.0,0.0,747054.0,12,2011
3460205.0,0.0,11139032.0,11295074.0,156042.0,201112,CA,0203294000,47,47,70,70,3460205.0,0.0,11139032.0,12,2011
634846.0,0.0,2281050.0,2293246.0,12196.0,201201,CA,0203121010,47,47,70,70,634846.0,0.0,2281050.0,1,2012
27538.0,0.0,85259.0,85892.0,633.0,201201,CA,0203121020,47,47,70,70,27538.0,0.0,85259.0,1,2012
1994222.0,0.0,4624669.0,4689007.0,64338.0,201201,CA,0203129010,47,47,70,70,1994222.0,0.0,4624669.0,1,2012
2027498.0,0.0,5256335.0,5330348.0,74013.0,201201,CA,0203129020,47,47,70,70,2027498.0,0.0,5256335.0,1,2012
295660.0,0.0,1029113.0,1034314.0,5201.0,201201,CA,0203192010,47,47,70,70,295660.0,0.0,1029113.0,1,2012
57239.0,0.0,158943.0,159843.0,900.0,201201,CA,0203192090,47,47,70,70,57239.0,0.0,158943.0,1,2012
5779697.0,0.0,20418914.0,20605576.0,186662.0,201201,CA,0203194010,47,47,70,70,5779697.0,0.0,20418914.0,1,2012
6448318.0,0.0,19563443.0,19764613.0,201170.0,201201,CA,0203194090,47,47,70,70,6448318.0,0.0,19563443.0,1,2012
206807.0,0.0,470255.0,486621.0,16366.0,201201,CA,0203229000,47,47,70,70,206807.0,0.0,470255.0,1,2012
2908481.0,0.0,9669285.0,9782157.0,112872.0,201201,CA,0203294000,47,47,70,70,2908481.0,0.0,9669285.0,1,2012
606817.0,0.0,2236093.0,2243716.0,7623.0,201202,CA,0203121010,47,47,70,70,606817.0,0.0,2236093.0,2,2012
22527.0,0.0,61484.0,61865.0,381.0,201202,CA,0203121020,47,47,70,70,22527.0,0.0,61484.0,2,2012
2675061.0,0.0,6669898.0,6758933.0,89035.0,201202,CA,0203129010,47,47,70,70,2675061.0,0.0,6669898.0,2,2012
1887402.0,0.0,4914812.0,4982401.0,67589.0,201202,CA,0203129020,47,47,70,70,1887402.0,0.0,4914812.0,2,2012
278668.0,0.0,1007362.0,1010818.0,3456.0,201202,CA,0203192010,47,47,70,70,278668.0,0.0,1007362.0,2,2012
55278.0,0.0,142616.0,143666.0,1050.0,201202,CA,0203192090,47,47,70,70,55278.0,0.0,142616.0,2,2012
6031177.0,0.0,22569308.0,22740139.0,170831.0,201202,CA,0203194010,47,47,70,70,6031177.0,0.0,22569308.0,2,2012
5894340.0,0.0,17826376.0,17999709.0,173333.0,201202,CA,0203194090,47,47,70,70,5894340.0,0.0,17826376.0,2,2012
113002.0,0.0,256450.0,265867.0,9417.0,201202,CA,0203229000,47,47,70,70,113002.0,0.0,256450.0,2,2012
70619.0,0.0,267319.0,269841.0,2522.0,201202,CA,0203292000,47,47,70,70,70619.0,0.0,267319.0,2,2012
4223514.0,0.0,13887402.0,14013527.0,126125.0,201202,CA,0203294000,47,47,70,70,4223514.0,0.0,13887402.0,2,2012
806352.0,0.0,2932882.0,2943426.0,10544.0,201203,CA,0203121010,47,47,70,70,806352.0,0.0,2932882.0,3,2012
17190.0,0.0,53714.0,54102.0,388.0,201203,CA,0203121020,47,47,70,70,17190.0,0.0,53714.0,3,2012
2718130.0,0.0,6820663.0,6912592.0,91929.0,201203,CA,0203129010,47,47,70,70,2718130.0,0.0,6820663.0,3,2012
2158153.0,0.0,5473439.0,5546995.0,73556.0,201203,CA,0203129020,47,47,70,70,2158153.0,0.0,5473439.0,3,2012
300625.0,0.0,1059261.0,1063811.0,4550.0,201203,CA,0203192010,47,47,70,70,300625.0,0.0,1059261.0,3,2012
53086.0,0.0,136585.0,137335.0,750.0,201203,CA,0203192090,47,47,70,70,53086.0,0.0,136585.0,3,2012
5912194.0,0.0,20536954.0,20703956.0,167002.0,201203,CA,0203194010,47,47,70,70,5912194.0,0.0,20536954.0,3,2012
7063612.0,0.0,21591638.0,21795826.0,204188.0,201203,CA,0203194090,47,47,70,70,7063612.0,0.0,21591638.0,3,2012
114658.0,0.0,270260.0,282022.0,11762.0,201203,CA,0203229000,47,47,70,70,114658.0,0.0,270260.0,3,2012
4905.0,0.0,7444.0,7450.0,6.0,201203,CA,0203292000,47,47,70,70,4905.0,0.0,7444.0,3,2012
3662591.0,0.0,12108603.0,12242445.0,133842.0,201203,CA,0203294000,47,47,70,70,3662591.0,0.0,12108603.0,3,2012
685798.0,0.0,2285805.0,2296179.0,10374.0,201204,CA,0203121010,47,47,70,70,685798.0,0.0,2285805.0,4,2012
15699.0,0.0,47990.0,48654.0,664.0,201204,CA,0203121020,47,47,70,70,15699.0,0.0,47990.0,4,2012
1463589.0,0.0,3716190.0,3769094.0,52904.0,201204,CA,0203129010,47,47,70,70,1463589.0,0.0,3716190.0,4,2012
1949041.0,0.0,4882916.0,4942781.0,59865.0,201204,CA,0203129020,47,47,70,70,1949041.0,0.0,4882916.0,4,2012
316242.0,0.0,1095915.0,1103626.0,7711.0,201204,CA,0203192010,47,47,70,70,316242.0,0.0,1095915.0,4,2012
56586.0,0.0,143865.0,145116.0,1251.0,201204,CA,0203192090,47,47,70,70,56586.0,0.0,143865.0,4,2012
4737699.0,0.0,15363686.0,15508881.0,145195.0,201204,CA,0203194010,47,47,70,70,4737699.0,0.0,15363686.0,4,2012
5739528.0,0.0,16879306.0,17059799.0,180493.0,201204,CA,0203194090,47,47,70,70,5739528.0,0.0,16879306.0,4,2012
44472.0,0.0,101560.0,102060.0,500.0,201204,CA,0203221000,47,47,70,70,44472.0,0.0,101560.0,4,2012
267336.0,0.0,617715.0,640835.0,23120.0,201204,CA,0203229000,47,47,70,70,267336.0,0.0,617715.0,4,2012
49005.0,0.0,108981.0,109487.0,506.0,201204,CA,0203292000,47,47,70,70,49005.0,0.0,108981.0,4,2012
2627407.0,0.0,9252491.0,9356669.0,104178.0,201204,CA,0203294000,47,47,70,70,2627407.0,0.0,9252491.0,4,2012
748818.0,0.0,2560149.0,2570513.0,10364.0,201205,CA,0203121010,47,47,70,70,748818.0,0.0,2560149.0,5,2012
49341.0,0.0,146055.0,151156.0,5101.0,201205,CA,0203121020,47,47,70,70,49341.0,0.0,146055.0,5,2012
1413538.0,0.0,3392302.0,3448048.0,55746.0,201205,CA,0203129010,47,47,70,70,1413538.0,0.0,3392302.0,5,2012
2291224.0,0.0,5781818.0,5856805.0,74987.0,201205,CA,0203129020,47,47,70,70,2291224.0,0.0,5781818.0,5,2012
350149.0,0.0,1238746.0,1257285.0,18539.0,201205,CA,0203192010,47,47,70,70,350149.0,0.0,1238746.0,5,2012
26668.0,0.0,135365.0,135894.0,529.0,201205,CA,0203192090,47,47,70,70,26668.0,0.0,135365.0,5,2012
5181965.0,0.0,15204183.0,15367863.0,163680.0,201205,CA,0203194010,47,47,70,70,5181965.0,0.0,15204183.0,5,2012
6043414.0,0.0,17438220.0,17640424.0,202204.0,201205,CA,0203194090,47,47,70,70,6043414.0,0.0,17438220.0,5,2012
252335.0,0.0,603077.0,632482.0,29405.0,201205,CA,0203229000,47,47,70,70,252335.0,0.0,603077.0,5,2012
158924.0,0.0,432085.0,433407.0,1322.0,201205,CA,0203292000,47,47,70,70,158924.0,0.0,432085.0,5,2012
3070628.0,0.0,9467437.0,9597518.0,130081.0,201205,CA,0203294000,47,47,70,70,3070628.0,0.0,9467437.0,5,2012
905319.0,0.0,3049145.0,3080527.0,31382.0,201206,CA,0203121010,47,47,70,70,905319.0,0.0,3049145.0,6,2012
27978.0,0.0,87352.0,87534.0,182.0,201206,CA,0203121020,47,47,70,70,27978.0,0.0,87352.0,6,2012
1687602.0,0.0,4263012.0,4324537.0,61525.0,201206,CA,0203129010,47,47,70,70,1687602.0,0.0,4263012.0,6,2012
2381812.0,0.0,6527831.0,6606790.0,78959.0,201206,CA,0203129020,47,47,70,70,2381812.0,0.0,6527831.0,6,2012
336843.0,0.0,1304234.0,1322707.0,18473.0,201206,CA,0203192010,47,47,70,70,336843.0,0.0,1304234.0,6,2012
36016.0,0.0,100845.0,101645.0,800.0,201206,CA,0203192090,47,47,70,70,36016.0,0.0,100845.0,6,2012
4837735.0,0.0,16428430.0,16586450.0,158020.0,201206,CA,0203194010,47,47,70,70,4837735.0,0.0,16428430.0,6,2012
6392383.0,0.0,18964535.0,19199680.0,235145.0,201206,CA,0203194090,47,47,70,70,6392383.0,0.0,18964535.0,6,2012
153947.0,0.0,338721.0,365735.0,27014.0,201206,CA,0203229000,47,47,70,70,153947.0,0.0,338721.0,6,2012
79731.0,0.0,127726.0,128329.0,603.0,201206,CA,0203292000,47,47,70,70,79731.0,0.0,127726.0,6,2012
2846514.0,0.0,9252306.0,9308866.0,56560.0,201206,CA,0203294000,47,47,70,70,2846514.0,0.0,9252306.0,6,2012
826805.0,0.0,3036857.0,3049938.0,13081.0,201207,CA,0203121010,47,47,70,70,826805.0,0.0,3036857.0,7,2012
38378.0,0.0,101488.0,102081.0,593.0,201207,CA,0203121020,47,47,70,70,38378.0,0.0,101488.0,7,2012
2943366.0,0.0,6493602.0,6568205.0,74603.0,201207,CA,0203129010,47,47,70,70,2943366.0,0.0,6493602.0,7,2012
2435738.0,0.0,6282810.0,6366120.0,83310.0,201207,CA,0203129020,47,47,70,70,2435738.0,0.0,6282810.0,7,2012
395245.0,0.0,1328270.0,1347497.0,19227.0,201207,CA,0203192010,47,47,70,70,395245.0,0.0,1328270.0,7,2012
25229.0,0.0,104910.0,105446.0,536.0,201207,CA,0203192090,47,47,70,70,25229.0,0.0,104910.0,7,2012
5264965.0,0.0,21497280.0,21660764.0,163484.0,201207,CA,0203194010,47,47,70,70,5264965.0,0.0,21497280.0,7,2012
6525919.0,0.0,19914621.0,20160781.0,246160.0,201207,CA,0203194090,47,47,70,70,6525919.0,0.0,19914621.0,7,2012
156615.0,0.0,368718.0,388895.0,20177.0,201207,CA,0203229000,47,47,70,70,156615.0,0.0,368718.0,7,2012
4648.0,0.0,9722.0,9789.0,67.0,201207,CA,0203292000,47,47,70,70,4648.0,0.0,9722.0,7,2012
2517171.0,0.0,7560925.0,7653214.0,92289.0,201207,CA,0203294000,47,47,70,70,2517171.0,0.0,7560925.0,7,2012
776618.0,0.0,3106968.0,3112418.0,5450.0,201208,CA,0203121010,47,47,70,70,776618.0,0.0,3106968.0,8,2012
89031.0,0.0,258403.0,272514.0,14111.0,201208,CA,0203121020,47,47,70,70,89031.0,0.0,258403.0,8,2012
3229247.0,0.0,7611589.0,7685267.0,73678.0,201208,CA,0203129010,47,47,70,70,3229247.0,0.0,7611589.0,8,2012
2420387.0,0.0,5878879.0,5957800.0,78921.0,201208,CA,0203129020,47,47,70,70,2420387.0,0.0,5878879.0,8,2012
416249.0,0.0,1310918.0,1334311.0,23393.0,201208,CA,0203192010,47,47,70,70,416249.0,0.0,1310918.0,8,2012
7673.0,0.0,18946.0,19346.0,400.0,201208,CA,0203192090,47,47,70,70,7673.0,0.0,18946.0,8,2012
5598930.0,0.0,24351282.0,24533134.0,181852.0,201208,CA,0203194010,47,47,70,70,5598930.0,0.0,24351282.0,8,2012
6942142.0,0.0,20643302.0,20896502.0,253200.0,201208,CA,0203194090,47,47,70,70,6942142.0,0.0,20643302.0,8,2012
123887.0,0.0,291220.0,310856.0,19636.0,201208,CA,0203229000,47,47,70,70,123887.0,0.0,291220.0,8,2012
4546.0,0.0,6214.0,6216.0,2.0,201208,CA,0203292000,47,47,70,70,4546.0,0.0,6214.0,8,2012
2117608.0,0.0,6740396.0,6799694.0,59298.0,201208,CA,0203294000,47,47,70,70,2117608.0,0.0,6740396.0,8,2012
803037.0,0.0,2895420.0,2901049.0,5629.0,201209,CA,0203121010,47,47,70,70,803037.0,0.0,2895420.0,9,2012
13120.0,0.0,40054.0,40630.0,576.0,201209,CA,0203121020,47,47,70,70,13120.0,0.0,40054.0,9,2012
1386176.0,0.0,3463284.0,3550374.0,87090.0,201209,CA,0203129010,47,47,70,70,1386176.0,0.0,3463284.0,9,2012
1970559.0,0.0,4789108.0,4861656.0,72548.0,201209,CA,0203129020,47,47,70,70,1970559.0,0.0,4789108.0,9,2012
438605.0,0.0,1323792.0,1340531.0,16739.0,201209,CA,0203192010,47,47,70,70,438605.0,0.0,1323792.0,9,2012
44680.0,0.0,58710.0,60599.0,1889.0,201209,CA,0203192090,47,47,70,70,44680.0,0.0,58710.0,9,2012
5252519.0,0.0,19361166.0,19516261.0,155095.0,201209,CA,0203194010,47,47,70,70,5252519.0,0.0,19361166.0,9,2012
6421965.0,0.0,18575863.0,18845375.0,269512.0,201209,CA,0203194090,47,47,70,70,6421965.0,0.0,18575863.0,9,2012
164843.0,0.0,396426.0,417823.0,21397.0,201209,CA,0203229000,47,47,70,70,164843.0,0.0,396426.0,9,2012
20310.0,0.0,34167.0,35743.0,1576.0,201209,CA,0203292000,47,47,70,70,20310.0,0.0,34167.0,9,2012
2144149.0,0.0,6766271.0,6814216.0,47945.0,201209,CA,0203294000,47,47,70,70,2144149.0,0.0,6766271.0,9,2012
784365.0,0.0,3207549.0,3214765.0,7216.0,201210,CA,0203121010,47,47,70,70,784365.0,0.0,3207549.0,10,2012
10941.0,0.0,33570.0,33836.0,266.0,201210,CA,0203121020,47,47,70,70,10941.0,0.0,33570.0,10,2012
2578264.0,0.0,6314852.0,6417413.0,102561.0,201210,CA,0203129010,47,47,70,70,2578264.0,0.0,6314852.0,10,2012
1966901.0,0.0,4891940.0,4968903.0,76963.0,201210,CA,0203129020,47,47,70,70,1966901.0,0.0,4891940.0,10,2012
372376.0,0.0,1194984.0,1210193.0,15209.0,201210,CA,0203192010,47,47,70,70,372376.0,0.0,1194984.0,10,2012
69258.0,0.0,223568.0,223980.0,412.0,201210,CA,0203192090,47,47,70,70,69258.0,0.0,223568.0,10,2012
5504997.0,0.0,20620838.0,20795742.0,174904.0,201210,CA,0203194010,47,47,70,70,5504997.0,0.0,20620838.0,10,2012
6439300.0,0.0,19872401.0,20125715.0,253314.0,201210,CA,0203194090,47,47,70,70,6439300.0,0.0,19872401.0,10,2012
426209.0,0.0,993107.0,1044173.0,51066.0,201210,CA,0203229000,47,47,70,70,426209.0,0.0,993107.0,10,2012
2623695.0,0.0,8070238.0,8120571.0,50333.0,201210,CA,0203294000,47,47,70,70,2623695.0,0.0,8070238.0,10,2012
235.0,0.0,3217.0,3237.0,20.0,201211,CA,0203110000,47,47,70,70,235.0,0.0,3217.0,11,2012
715723.0,0.0,2842990.0,2853459.0,10469.0,201211,CA,0203121010,47,47,70,70,715723.0,0.0,2842990.0,11,2012
14081.0,0.0,42400.0,42933.0,533.0,201211,CA,0203121020,47,47,70,70,14081.0,0.0,42400.0,11,2012
3366351.0,0.0,7832614.0,7948942.0,116328.0,201211,CA,0203129010,47,47,70,70,3366351.0,0.0,7832614.0,11,2012
2040891.0,0.0,4909645.0,4985683.0,76038.0,201211,CA,0203129020,47,47,70,70,2040891.0,0.0,4909645.0,11,2012
460184.0,0.0,1439872.0,1457080.0,17208.0,201211,CA,0203192010,47,47,70,70,460184.0,0.0,1439872.0,11,2012
91379.0,0.0,275657.0,277657.0,2000.0,201211,CA,0203192090,47,47,70,70,91379.0,0.0,275657.0,11,2012
5414439.0,0.0,21006118.0,21184955.0,178837.0,201211,CA,0203194010,47,47,70,70,5414439.0,0.0,21006118.0,11,2012
6562153.0,0.0,19817889.0,20081148.0,263259.0,201211,CA,0203194090,47,47,70,70,6562153.0,0.0,19817889.0,11,2012
488355.0,0.0,1056309.0,1083085.0,26776.0,201211,CA,0203229000,47,47,70,70,488355.0,0.0,1056309.0,11,2012
49006.0,0.0,83684.0,84434.0,750.0,201211,CA,0203292000,47,47,70,70,49006.0,0.0,83684.0,11,2012
3176364.0,0.0,9167260.0,9227376.0,60116.0,201211,CA,0203294000,47,47,70,70,3176364.0,0.0,9167260.0,11,2012
642752.0,0.0,2629888.0,2637879.0,7991.0,201212,CA,0203121010,47,47,70,70,642752.0,0.0,2629888.0,12,2012
44635.0,0.0,128003.0,133263.0,5260.0,201212,CA,0203121020,47,47,70,70,44635.0,0.0,128003.0,12,2012
3060182.0,0.0,6342755.0,6435977.0,93222.0,201212,CA,0203129010,47,47,70,70,3060182.0,0.0,6342755.0,12,2012
2080266.0,0.0,4877378.0,4946306.0,68928.0,201212,CA,0203129020,47,47,70,70,2080266.0,0.0,4877378.0,12,2012
400136.0,0.0,1241026.0,1255287.0,14261.0,201212,CA,0203192010,47,47,70,70,400136.0,0.0,1241026.0,12,2012
46585.0,0.0,210710.0,211681.0,971.0,201212,CA,0203192090,47,47,70,70,46585.0,0.0,210710.0,12,2012
5373936.0,0.0,20444350.0,20606182.0,161832.0,201212,CA,0203194010,47,47,70,70,5373936.0,0.0,20444350.0,12,2012
6038626.0,0.0,18304756.0,18527062.0,222306.0,201212,CA,0203194090,47,47,70,70,6038626.0,0.0,18304756.0,12,2012
23742.0,0.0,51557.0,51657.0,100.0,201212,CA,0203221000,47,47,70,70,23742.0,0.0,51557.0,12,2012
332983.0,0.0,650481.0,674766.0,24285.0,201212,CA,0203229000,47,47,70,70,332983.0,0.0,650481.0,12,2012
43822.0,0.0,85176.0,87270.0,2094.0,201212,CA,0203292000,47,47,70,70,43822.0,0.0,85176.0,12,2012
2674689.0,0.0,7886360.0,7958479.0,72119.0,201212,CA,0203294000,47,47,70,70,2674689.0,0.0,7886360.0,12,2012
663918.0,0.0,2359600.0,2372947.0,13347.0,201301,CA,0203121010,47,47,70,70,663918.0,0.0,2359600.0,1,2013
10233.0,0.0,30676.0,31090.0,414.0,201301,CA,0203121020,47,47,70,70,10233.0,0.0,30676.0,1,2013
2331280.0,0.0,4893065.0,4969755.0,76690.0,201301,CA,0203129010,47,47,70,70,2331280.0,0.0,4893065.0,1,2013
2172999.0,0.0,4916342.0,4987043.0,70701.0,201301,CA,0203129020,47,47,70,70,2172999.0,0.0,4916342.0,1,2013
477525.0,0.0,1487778.0,1504777.0,16999.0,201301,CA,0203192010,47,47,70,70,477525.0,0.0,1487778.0,1,2013
34620.0,0.0,93260.0,93664.0,404.0,201301,CA,0203192090,47,47,70,70,34620.0,0.0,93260.0,1,2013
6149330.0,0.0,25194264.0,25400989.0,206725.0,201301,CA,0203194010,47,47,70,70,6149330.0,0.0,25194264.0,1,2013
6668512.0,0.0,19525235.0,19742838.0,217603.0,201301,CA,0203194090,47,47,70,70,6668512.0,0.0,19525235.0,1,2013
363198.0,0.0,795810.0,816412.0,20602.0,201301,CA,0203229000,47,47,70,70,363198.0,0.0,795810.0,1,2013
35832.0,0.0,79246.0,80309.0,1063.0,201301,CA,0203292000,47,47,70,70,35832.0,0.0,79246.0,1,2013
3309612.0,0.0,9499338.0,9573201.0,73863.0,201301,CA,0203294000,47,47,70,70,3309612.0,0.0,9499338.0,1,2013
719427.0,0.0,2849361.0,2860794.0,11433.0,201302,CA,0203121010,47,47,70,70,719427.0,0.0,2849361.0,2,2013
4849.0,0.0,13963.0,14181.0,218.0,201302,CA,0203121020,47,47,70,70,4849.0,0.0,13963.0,2,2013
3203093.0,0.0,6780856.0,6869591.0,88735.0,201302,CA,0203129010,47,47,70,70,3203093.0,0.0,6780856.0,2,2013
1691800.0,0.0,3578873.0,3642739.0,63866.0,201302,CA,0203129020,47,47,70,70,1691800.0,0.0,3578873.0,2,2013
412741.0,0.0,1275581.0,1290364.0,14783.0,201302,CA,0203192010,47,47,70,70,412741.0,0.0,1275581.0,2,2013
73007.0,0.0,234927.0,237356.0,2429.0,201302,CA,0203192090,47,47,70,70,73007.0,0.0,234927.0,2,2013
6760187.0,0.0,27426378.0,27627907.0,201529.0,201302,CA,0203194010,47,47,70,70,6760187.0,0.0,27426378.0,2,2013
6306242.0,0.0,18379110.0,18588006.0,208896.0,201302,CA,0203194090,47,47,70,70,6306242.0,0.0,18379110.0,2,2013
130142.0,0.0,344668.0,352215.0,7547.0,201302,CA,0203229000,47,47,70,70,130142.0,0.0,344668.0,2,2013
24538.0,0.0,38578.0,38828.0,250.0,201302,CA,0203292000,47,47,70,70,24538.0,0.0,38578.0,2,2013
3197797.0,0.0,8519582.0,8584546.0,64964.0,201302,CA,0203294000,47,47,70,70,3197797.0,0.0,8519582.0,2,2013
722854.0,0.0,2484479.0,2498925.0,14446.0,201303,CA,0203121010,47,47,70,70,722854.0,0.0,2484479.0,3,2013
4004.0,0.0,10788.0,11099.0,311.0,201303,CA,0203121020,47,47,70,70,4004.0,0.0,10788.0,3,2013
2015344.0,0.0,4413251.0,4480780.0,67529.0,201303,CA,0203129010,47,47,70,70,2015344.0,0.0,4413251.0,3,2013
2049860.0,0.0,4218941.0,4299282.0,80341.0,201303,CA,0203129020,47,47,70,70,2049860.0,0.0,4218941.0,3,2013
429759.0,0.0,1389223.0,1406122.0,16899.0,201303,CA,0203192010,47,47,70,70,429759.0,0.0,1389223.0,3,2013
35496.0,0.0,92507.0,92657.0,150.0,201303,CA,0203192090,47,47,70,70,35496.0,0.0,92507.0,3,2013
7100419.0,0.0,28097956.0,28329546.0,231590.0,201303,CA,0203194010,47,47,70,70,7100419.0,0.0,28097956.0,3,2013
7133965.0,0.0,20035165.0,20258505.0,223340.0,201303,CA,0203194090,47,47,70,70,7133965.0,0.0,20035165.0,3,2013
313686.0,0.0,710221.0,724824.0,14603.0,201303,CA,0203229000,47,47,70,70,313686.0,0.0,710221.0,3,2013
5197.0,0.0,25296.0,25503.0,207.0,201303,CA,0203292000,47,47,70,70,5197.0,0.0,25296.0,3,2013
2783586.0,0.0,7955572.0,8040095.0,84523.0,201303,CA,0203294000,47,47,70,70,2783586.0,0.0,7955572.0,3,2013
726920.0,0.0,2510162.0,2519685.0,9523.0,201304,CA,0203121010,47,47,70,70,726920.0,0.0,2510162.0,4,2013
51485.0,0.0,147524.0,155742.0,8218.0,201304,CA,0203121020,47,47,70,70,51485.0,0.0,147524.0,4,2013
1978978.0,0.0,4111834.0,4183613.0,71779.0,201304,CA,0203129010,47,47,70,70,1978978.0,0.0,4111834.0,4,2013
2166714.0,0.0,4292376.0,4370402.0,78026.0,201304,CA,0203129020,47,47,70,70,2166714.0,0.0,4292376.0,4,2013
394432.0,0.0,1242959.0,1256324.0,13365.0,201304,CA,0203192010,47,47,70,70,394432.0,0.0,1242959.0,4,2013
78736.0,0.0,128766.0,132716.0,3950.0,201304,CA,0203192090,47,47,70,70,78736.0,0.0,128766.0,4,2013
6938202.0,0.0,28338097.0,28594872.0,256775.0,201304,CA,0203194010,47,47,70,70,6938202.0,0.0,28338097.0,4,2013
6460492.0,0.0,18013008.0,18214107.0,201099.0,201304,CA,0203194090,47,47,70,70,6460492.0,0.0,18013008.0,4,2013
209858.0,0.0,404217.0,410904.0,6687.0,201304,CA,0203229000,47,47,70,70,209858.0,0.0,404217.0,4,2013
6095.0,0.0,21025.0,21506.0,481.0,201304,CA,0203292000,47,47,70,70,6095.0,0.0,21025.0,4,2013
2809382.0,0.0,7202646.0,7338423.0,135777.0,201304,CA,0203294000,47,47,70,70,2809382.0,0.0,7202646.0,4,2013
694363.0,0.0,2707501.0,2719977.0,12476.0,201305,CA,0203121010,47,47,70,70,694363.0,0.0,2707501.0,5,2013
49225.0,0.0,140020.0,148888.0,8868.0,201305,CA,0203121020,47,47,70,70,49225.0,0.0,140020.0,5,2013
3034472.0,0.0,6106058.0,6216344.0,110286.0,201305,CA,0203129010,47,47,70,70,3034472.0,0.0,6106058.0,5,2013
2878405.0,0.0,6759637.0,6859406.0,99769.0,201305,CA,0203129020,47,47,70,70,2878405.0,0.0,6759637.0,5,2013
390700.0,0.0,1307039.0,1323042.0,16003.0,201305,CA,0203192010,47,47,70,70,390700.0,0.0,1307039.0,5,2013
19039.0,0.0,42394.0,42494.0,100.0,201305,CA,0203192090,47,47,70,70,19039.0,0.0,42394.0,5,2013
6100265.0,0.0,26740699.0,26973275.0,232576.0,201305,CA,0203194010,47,47,70,70,6100265.0,0.0,26740699.0,5,2013
6729640.0,0.0,19366811.0,19637251.0,270440.0,201305,CA,0203194090,47,47,70,70,6729640.0,0.0,19366811.0,5,2013
565266.0,0.0,866963.0,887523.0,20560.0,201305,CA,0203229000,47,47,70,70,565266.0,0.0,866963.0,5,2013
21052.0,0.0,50807.0,52679.0,1872.0,201305,CA,0203292000,47,47,70,70,21052.0,0.0,50807.0,5,2013
2923179.0,0.0,7838716.0,7949406.0,110690.0,201305,CA,0203294000,47,47,70,70,2923179.0,0.0,7838716.0,5,2013
598769.0,0.0,2095279.0,2106722.0,11443.0,201306,CA,0203121010,47,47,70,70,598769.0,0.0,2095279.0,6,2013
5668.0,0.0,20111.0,20417.0,306.0,201306,CA,0203121020,47,47,70,70,5668.0,0.0,20111.0,6,2013
2999652.0,0.0,6222493.0,6301926.0,79433.0,201306,CA,0203129010,47,47,70,70,2999652.0,0.0,6222493.0,6,2013
2766640.0,0.0,7567752.0,7668236.0,100484.0,201306,CA,0203129020,47,47,70,70,2766640.0,0.0,7567752.0,6,2013
346091.0,0.0,1218110.0,1233224.0,15114.0,201306,CA,0203192010,47,47,70,70,346091.0,0.0,1218110.0,6,2013
127517.0,0.0,309046.0,311088.0,2042.0,201306,CA,0203192090,47,47,70,70,127517.0,0.0,309046.0,6,2013
5493833.0,0.0,26474082.0,26678160.0,204078.0,201306,CA,0203194010,47,47,70,70,5493833.0,0.0,26474082.0,6,2013
6404066.0,0.0,19663900.0,19871366.0,207466.0,201306,CA,0203194090,47,47,70,70,6404066.0,0.0,19663900.0,6,2013
481172.0,0.0,753112.0,762086.0,8974.0,201306,CA,0203229000,47,47,70,70,481172.0,0.0,753112.0,6,2013
2310.0,0.0,10993.0,11069.0,76.0,201306,CA,0203292000,47,47,70,70,2310.0,0.0,10993.0,6,2013
2808947.0,0.0,7746985.0,7846671.0,99686.0,201306,CA,0203294000,47,47,70,70,2808947.0,0.0,7746985.0,6,2013
170.0,0.0,2037.0,2056.0,19.0,201307,CA,0203110000,47,47,70,70,170.0,0.0,2037.0,7,2013
677649.0,0.0,2942986.0,2955922.0,12936.0,201307,CA,0203121010,47,47,70,70,677649.0,0.0,2942986.0,7,2013
4024.0,0.0,14348.0,14628.0,280.0,201307,CA,0203121020,47,47,70,70,4024.0,0.0,14348.0,7,2013
3941336.0,0.0,8630512.0,8734236.0,103724.0,201307,CA,0203129010,47,47,70,70,3941336.0,0.0,8630512.0,7,2013
2391341.0,0.0,6087537.0,6175429.0,87892.0,201307,CA,0203129020,47,47,70,70,2391341.0,0.0,6087537.0,7,2013
393004.0,0.0,1412159.0,1430430.0,18271.0,201307,CA,0203192010,47,47,70,70,393004.0,0.0,1412159.0,7,2013
191144.0,0.0,434055.0,436996.0,2941.0,201307,CA,0203192090,47,47,70,70,191144.0,0.0,434055.0,7,2013
6206737.0,0.0,29422228.0,29637748.0,215520.0,201307,CA,0203194010,47,47,70,70,6206737.0,0.0,29422228.0,7,2013
6840969.0,0.0,20323703.0,20544529.0,220826.0,201307,CA,0203194090,47,47,70,70,6840969.0,0.0,20323703.0,7,2013
1728.0,0.0,2056.0,2198.0,142.0,201307,CA,0203221000,47,47,70,70,1728.0,0.0,2056.0,7,2013
466845.0,0.0,970875.0,979258.0,8383.0,201307,CA,0203229000,47,47,70,70,466845.0,0.0,970875.0,7,2013
47060.0,0.0,125113.0,125918.0,805.0,201307,CA,0203292000,47,47,70,70,47060.0,0.0,125113.0,7,2013
2976360.0,0.0,8415762.0,8565519.0,149757.0,201307,CA,0203294000,47,47,70,70,2976360.0,0.0,8415762.0,7,2013
624846.0,0.0,2631334.0,2644182.0,12848.0,201308,CA,0203121010,47,47,70,70,624846.0,0.0,2631334.0,8,2013
3709.0,0.0,11918.0,12236.0,318.0,201308,CA,0203121020,47,47,70,70,3709.0,0.0,11918.0,8,2013
4075194.0,0.0,8721210.0,8837626.0,116416.0,201308,CA,0203129010,47,47,70,70,4075194.0,0.0,8721210.0,8,2013
2051254.0,0.0,5138498.0,5229248.0,90750.0,201308,CA,0203129020,47,47,70,70,2051254.0,0.0,5138498.0,8,2013
478350.0,0.0,1676310.0,1696024.0,19714.0,201308,CA,0203192010,47,47,70,70,478350.0,0.0,1676310.0,8,2013
183456.0,0.0,409633.0,412529.0,2896.0,201308,CA,0203192090,47,47,70,70,183456.0,0.0,409633.0,8,2013
6413238.0,0.0,31384493.0,31592704.0,208211.0,201308,CA,0203194010,47,47,70,70,6413238.0,0.0,31384493.0,8,2013
7410917.0,0.0,21761864.0,21991504.0,229640.0,201308,CA,0203194090,47,47,70,70,7410917.0,0.0,21761864.0,8,2013
370825.0,0.0,590443.0,597527.0,7084.0,201308,CA,0203229000,47,47,70,70,370825.0,0.0,590443.0,8,2013
75698.0,0.0,254554.0,257762.0,3208.0,201308,CA,0203292000,47,47,70,70,75698.0,0.0,254554.0,8,2013
2749866.0,0.0,7650188.0,7797736.0,147548.0,201308,CA,0203294000,47,47,70,70,2749866.0,0.0,7650188.0,8,2013
500784.0,0.0,2253194.0,2261664.0,8470.0,201309,CA,0203121010,47,47,70,70,500784.0,0.0,2253194.0,9,2013
29390.0,0.0,104095.0,108825.0,4730.0,201309,CA,0203121020,47,47,70,70,29390.0,0.0,104095.0,9,2013
3153482.0,0.0,7074348.0,7165416.0,91068.0,201309,CA,0203129010,47,47,70,70,3153482.0,0.0,7074348.0,9,2013
2054529.0,0.0,5663888.0,5749772.0,85884.0,201309,CA,0203129020,47,47,70,70,2054529.0,0.0,5663888.0,9,2013
497199.0,0.0,1718039.0,1740763.0,22724.0,201309,CA,0203192010,47,47,70,70,497199.0,0.0,1718039.0,9,2013
282310.0,0.0,615062.0,619953.0,4891.0,201309,CA,0203192090,47,47,70,70,282310.0,0.0,615062.0,9,2013
6703687.0,0.0,29316516.0,29545437.0,228921.0,201309,CA,0203194010,47,47,70,70,6703687.0,0.0,29316516.0,9,2013
8458085.0,0.0,24246751.0,24494064.0,247313.0,201309,CA,0203194090,47,47,70,70,8458085.0,0.0,24246751.0,9,2013
383929.0,0.0,631453.0,636086.0,4633.0,201309,CA,0203229000,47,47,70,70,383929.0,0.0,631453.0,9,2013
1403.0,0.0,8658.0,8785.0,127.0,201309,CA,0203292000,47,47,70,70,1403.0,0.0,8658.0,9,2013
3010578.0,0.0,7777757.0,7931886.0,154129.0,201309,CA,0203294000,47,47,70,70,3010578.0,0.0,7777757.0,9,2013
476921.0,0.0,2015037.0,2025090.0,10053.0,201310,CA,0203121010,47,47,70,70,476921.0,0.0,2015037.0,10,2013
29932.0,0.0,88015.0,93029.0,5014.0,201310,CA,0203121020,47,47,70,70,29932.0,0.0,88015.0,10,2013
3205581.0,0.0,7775070.0,7897734.0,122664.0,201310,CA,0203129010,47,47,70,70,3205581.0,0.0,7775070.0,10,2013
1889936.0,0.0,4943466.0,5027459.0,83993.0,201310,CA,0203129020,47,47,70,70,1889936.0,0.0,4943466.0,10,2013
477801.0,0.0,1636731.0,1659522.0,22791.0,201310,CA,0203192010,47,47,70,70,477801.0,0.0,1636731.0,10,2013
339862.0,0.0,676215.0,683115.0,6900.0,201310,CA,0203192090,47,47,70,70,339862.0,0.0,676215.0,10,2013
6755306.0,0.0,29966895.0,30196592.0,229697.0,201310,CA,0203194010,47,47,70,70,6755306.0,0.0,29966895.0,10,2013
8519538.0,0.0,24605788.0,24899640.0,293852.0,201310,CA,0203194090,47,47,70,70,8519538.0,0.0,24605788.0,10,2013
307201.0,0.0,495800.0,502067.0,6267.0,201310,CA,0203229000,47,47,70,70,307201.0,0.0,495800.0,10,2013
51986.0,0.0,162185.0,164460.0,2275.0,201310,CA,0203292000,47,47,70,70,51986.0,0.0,162185.0,10,2013
2647042.0,0.0,7381135.0,7520796.0,139661.0,201310,CA,0203294000,47,47,70,70,2647042.0,0.0,7381135.0,10,2013
214.0,0.0,4781.0,4830.0,49.0,201311,CA,0203110000,47,47,70,70,214.0,0.0,4781.0,11,2013
509591.0,0.0,2300300.0,2307225.0,6925.0,201311,CA,0203121010,47,47,70,70,509591.0,0.0,2300300.0,11,2013
3829.0,0.0,13441.0,13784.0,343.0,201311,CA,0203121020,47,47,70,70,3829.0,0.0,13441.0,11,2013
3951793.0,0.0,9234507.0,9370184.0,135677.0,201311,CA,0203129010,47,47,70,70,3951793.0,0.0,9234507.0,11,2013
2225617.0,0.0,5438474.0,5525971.0,87497.0,201311,CA,0203129020,47,47,70,70,2225617.0,0.0,5438474.0,11,2013
368071.0,0.0,1296599.0,1315699.0,19100.0,201311,CA,0203192010,47,47,70,70,368071.0,0.0,1296599.0,11,2013
323259.0,0.0,749334.0,754009.0,4675.0,201311,CA,0203192090,47,47,70,70,323259.0,0.0,749334.0,11,2013
7865600.0,0.0,30358255.0,30588137.0,229882.0,201311,CA,0203194010,47,47,70,70,7865600.0,0.0,30358255.0,11,2013
8340717.0,0.0,24038113.0,24297079.0,258966.0,201311,CA,0203194090,47,47,70,70,8340717.0,0.0,24038113.0,11,2013
268403.0,0.0,534089.0,540841.0,6752.0,201311,CA,0203229000,47,47,70,70,268403.0,0.0,534089.0,11,2013
3670922.0,0.0,10397990.0,10493519.0,95529.0,201311,CA,0203294000,47,47,70,70,3670922.0,0.0,10397990.0,11,2013
18521.0,0.0,39060.0,40635.0,1575.0,201312,CA,0203110000,47,47,70,70,18521.0,0.0,39060.0,12,2013
442089.0,0.0,1963388.0,1969789.0,6401.0,201312,CA,0203121010,47,47,70,70,442089.0,0.0,1963388.0,12,2013
4069.0,0.0,14716.0,14771.0,55.0,201312,CA,0203121020,47,47,70,70,4069.0,0.0,14716.0,12,2013
2890024.0,0.0,6779453.0,6860204.0,80751.0,201312,CA,0203129010,47,47,70,70,2890024.0,0.0,6779453.0,12,2013
1808790.0,0.0,4428043.0,4482419.0,54376.0,201312,CA,0203129020,47,47,70,70,1808790.0,0.0,4428043.0,12,2013
357164.0,0.0,1169025.0,1187212.0,18187.0,201312,CA,0203192010,47,47,70,70,357164.0,0.0,1169025.0,12,2013
302037.0,0.0,805888.0,812215.0,6327.0,201312,CA,0203192090,47,47,70,70,302037.0,0.0,805888.0,12,2013
7186471.0,0.0,26577308.0,26763041.0,185733.0,201312,CA,0203194010,47,47,70,70,7186471.0,0.0,26577308.0,12,2013
7903948.0,0.0,22527092.0,22697114.0,170022.0,201312,CA,0203194090,47,47,70,70,7903948.0,0.0,22527092.0,12,2013
275128.0,0.0,534627.0,542314.0,7687.0,201312,CA,0203229000,47,47,70,70,275128.0,0.0,534627.0,12,2013
117452.0,0.0,288812.0,290489.0,1677.0,201312,CA,0203292000,47,47,70,70,117452.0,0.0,288812.0,12,2013
3205914.0,0.0,9091098.0,9183159.0,92061.0,201312,CA,0203294000,47,47,70,70,3205914.0,0.0,9091098.0,12,2013
479635.0,0.0,1867354.0,1875304.0,7950.0,201401,CA,0203121010,47,47,70,70,479635.0,0.0,1867354.0,1,2014
2703.0,0.0,9668.0,9807.0,139.0,201401,CA,0203121020,47,47,70,70,2703.0,0.0,9668.0,1,2014
1794054.0,0.0,4003781.0,4082868.0,79087.0,201401,CA,0203129010,47,47,70,70,1794054.0,0.0,4003781.0,1,2014
1616966.0,0.0,4086962.0,4166875.0,79913.0,201401,CA,0203129020,47,47,70,70,1616966.0,0.0,4086962.0,1,2014
405315.0,0.0,1433667.0,1454787.0,21120.0,201401,CA,0203192010,47,47,70,70,405315.0,0.0,1433667.0,1,2014
289402.0,0.0,590743.0,596867.0,6124.0,201401,CA,0203192090,47,47,70,70,289402.0,0.0,590743.0,1,2014
6445130.0,0.0,22341716.0,22530166.0,188450.0,201401,CA,0203194010,47,47,70,70,6445130.0,0.0,22341716.0,1,2014
7679971.0,0.0,22247669.0,22467102.0,219433.0,201401,CA,0203194090,47,47,70,70,7679971.0,0.0,22247669.0,1,2014
350094.0,0.0,650360.0,654363.0,4003.0,201401,CA,0203229000,47,47,70,70,350094.0,0.0,650360.0,1,2014
10568.0,0.0,23865.0,24210.0,345.0,201401,CA,0203292000,47,47,70,70,10568.0,0.0,23865.0,1,2014
3036214.0,0.0,8829596.0,8950434.0,120838.0,201401,CA,0203294000,47,47,70,70,3036214.0,0.0,8829596.0,1,2014
446880.0,0.0,1870425.0,1877725.0,7300.0,201402,CA,0203121010,47,47,70,70,446880.0,0.0,1870425.0,2,2014
27370.0,0.0,95455.0,100069.0,4614.0,201402,CA,0203121020,47,47,70,70,27370.0,0.0,95455.0,2,2014
1905978.0,0.0,4507372.0,4576433.0,69061.0,201402,CA,0203129010,47,47,70,70,1905978.0,0.0,4507372.0,2,2014
1156127.0,0.0,3267506.0,3342398.0,74892.0,201402,CA,0203129020,47,47,70,70,1156127.0,0.0,3267506.0,2,2014
266513.0,0.0,1037504.0,1056172.0,18668.0,201402,CA,0203192010,47,47,70,70,266513.0,0.0,1037504.0,2,2014
218483.0,0.0,452894.0,457042.0,4148.0,201402,CA,0203192090,47,47,70,70,218483.0,0.0,452894.0,2,2014
5889627.0,0.0,22810542.0,22979060.0,168518.0,201402,CA,0203194010,47,47,70,70,5889627.0,0.0,22810542.0,2,2014
7239425.0,0.0,22221860.0,22429414.0,207554.0,201402,CA,0203194090,47,47,70,70,7239425.0,0.0,22221860.0,2,2014
175029.0,0.0,323534.0,327527.0,3993.0,201402,CA,0203229000,47,47,70,70,175029.0,0.0,323534.0,2,2014
17735.0,0.0,58113.0,59745.0,1632.0,201402,CA,0203292000,47,47,70,70,17735.0,0.0,58113.0,2,2014
3326373.0,0.0,9781038.0,9937339.0,156301.0,201402,CA,0203294000,47,47,70,70,3326373.0,0.0,9781038.0,2,2014
621633.0,0.0,2572176.0,2583039.0,10863.0,201403,CA,0203121010,47,47,70,70,621633.0,0.0,2572176.0,3,2014
9032.0,0.0,35205.0,35508.0,303.0,201403,CA,0203121020,47,47,70,70,9032.0,0.0,35205.0,3,2014
2713721.0,0.0,7083550.0,7176989.0,93439.0,201403,CA,0203129010,47,47,70,70,2713721.0,0.0,7083550.0,3,2014
1549794.0,0.0,5091192.0,5176946.0,85754.0,201403,CA,0203129020,47,47,70,70,1549794.0,0.0,5091192.0,3,2014
248323.0,0.0,966278.0,986360.0,20082.0,201403,CA,0203192010,47,47,70,70,248323.0,0.0,966278.0,3,2014
252443.0,0.0,618548.0,623848.0,5300.0,201403,CA,0203192090,47,47,70,70,252443.0,0.0,618548.0,3,2014
7654462.0,0.0,37120659.0,37352810.0,232151.0,201403,CA,0203194010,47,47,70,70,7654462.0,0.0,37120659.0,3,2014
8870282.0,0.0,30104420.0,30364366.0,259946.0,201403,CA,0203194090,47,47,70,70,8870282.0,0.0,30104420.0,3,2014
185856.0,0.0,405937.0,408003.0,2066.0,201403,CA,0203229000,47,47,70,70,185856.0,0.0,405937.0,3,2014
3233254.0,0.0,11136407.0,11260436.0,124029.0,201403,CA,0203294000,47,47,70,70,3233254.0,0.0,11136407.0,3,2014
648124.0,0.0,3041747.0,3054052.0,12305.0,201404,CA,0203121010,47,47,70,70,648124.0,0.0,3041747.0,4,2014
2146926.0,0.0,6414049.0,6512017.0,97968.0,201404,CA,0203129010,47,47,70,70,2146926.0,0.0,6414049.0,4,2014
1837180.0,0.0,6707722.0,6807233.0,99511.0,201404,CA,0203129020,47,47,70,70,1837180.0,0.0,6707722.0,4,2014
246124.0,0.0,955426.0,971070.0,15644.0,201404,CA,0203192010,47,47,70,70,246124.0,0.0,955426.0,4,2014
299392.0,0.0,1161015.0,1166565.0,5550.0,201404,CA,0203192090,47,47,70,70,299392.0,0.0,1161015.0,4,2014
7380632.0,0.0,39571338.0,39895736.0,324398.0,201404,CA,0203194010,47,47,70,70,7380632.0,0.0,39571338.0,4,2014
8148986.0,0.0,31105823.0,31393162.0,287339.0,201404,CA,0203194090,47,47,70,70,8148986.0,0.0,31105823.0,4,2014
24846.0,0.0,61236.0,65731.0,4495.0,201404,CA,0203221000,47,47,70,70,24846.0,0.0,61236.0,4,2014
253083.0,0.0,695076.0,707653.0,12577.0,201404,CA,0203229000,47,47,70,70,253083.0,0.0,695076.0,4,2014
18496.0,0.0,97863.0,98113.0,250.0,201404,CA,0203292000,47,47,70,70,18496.0,0.0,97863.0,4,2014
3236829.0,0.0,11614089.0,11776830.0,162741.0,201404,CA,0203294000,47,47,70,70,3236829.0,0.0,11614089.0,4,2014
615230.0,0.0,2855826.0,2864578.0,8752.0,201405,CA,0203121010,47,47,70,70,615230.0,0.0,2855826.0,5,2014
24779.0,0.0,94504.0,99084.0,4580.0,201405,CA,0203121020,47,47,70,70,24779.0,0.0,94504.0,5,2014
1894527.0,0.0,5298052.0,5380731.0,82679.0,201405,CA,0203129010,47,47,70,70,1894527.0,0.0,5298052.0,5,2014
2130163.0,0.0,7689937.0,7787854.0,97917.0,201405,CA,0203129020,47,47,70,70,2130163.0,0.0,7689937.0,5,2014
371126.0,0.0,1381626.0,1397396.0,15770.0,201405,CA,0203192010,47,47,70,70,371126.0,0.0,1381626.0,5,2014
205181.0,0.0,604305.0,607780.0,3475.0,201405,CA,0203192090,47,47,70,70,205181.0,0.0,604305.0,5,2014
7004866.0,0.0,31046614.0,31387499.0,340885.0,201405,CA,0203194010,47,47,70,70,7004866.0,0.0,31046614.0,5,2014
7930162.0,0.0,28371664.0,28644004.0,272340.0,201405,CA,0203194090,47,47,70,70,7930162.0,0.0,28371664.0,5,2014
183812.0,0.0,461128.0,462054.0,926.0,201405,CA,0203229000,47,47,70,70,183812.0,0.0,461128.0,5,2014
2981298.0,0.0,11275448.0,11431542.0,156094.0,201405,CA,0203294000,47,47,70,70,2981298.0,0.0,11275448.0,5,2014
579007.0,0.0,3060495.0,3069636.0,9141.0,201406,CA,0203121010,47,47,70,70,579007.0,0.0,3060495.0,6,2014
5115.0,0.0,22838.0,22927.0,89.0,201406,CA,0203121020,47,47,70,70,5115.0,0.0,22838.0,6,2014
2183969.0,0.0,6616276.0,6727666.0,111390.0,201406,CA,0203129010,47,47,70,70,2183969.0,0.0,6616276.0,6,2014
1996199.0,0.0,7284799.0,7383315.0,98516.0,201406,CA,0203129020,47,47,70,70,1996199.0,0.0,7284799.0,6,2014
363825.0,0.0,1337720.0,1352061.0,14341.0,201406,CA,0203192010,47,47,70,70,363825.0,0.0,1337720.0,6,2014
254158.0,0.0,824010.0,828121.0,4111.0,201406,CA,0203192090,47,47,70,70,254158.0,0.0,824010.0,6,2014
6646887.0,0.0,30273305.0,30593008.0,319703.0,201406,CA,0203194010,47,47,70,70,6646887.0,0.0,30273305.0,6,2014
7885173.0,0.0,29476382.0,29752680.0,276298.0,201406,CA,0203194090,47,47,70,70,7885173.0,0.0,29476382.0,6,2014
92.0,0.0,2203.0,2220.0,17.0,201406,CA,0203221000,47,47,70,70,92.0,0.0,2203.0,6,2014
113312.0,0.0,336478.0,354360.0,17882.0,201406,CA,0203229000,47,47,70,70,113312.0,0.0,336478.0,6,2014
16000.0,0.0,28660.0,28860.0,200.0,201406,CA,0203292000,47,47,70,70,16000.0,0.0,28660.0,6,2014
2891746.0,0.0,10188022.0,10410439.0,222417.0,201406,CA,0203294000,47,47,70,70,2891746.0,0.0,10188022.0,6,2014
533734.0,0.0,3415488.0,3423483.0,7995.0,201407,CA,0203121010,47,47,70,70,533734.0,0.0,3415488.0,7,2014
10379.0,0.0,48233.0,48445.0,212.0,201407,CA,0203121020,47,47,70,70,10379.0,0.0,48233.0,7,2014
3177538.0,0.0,10235134.0,10374473.0,139339.0,201407,CA,0203129010,47,47,70,70,3177538.0,0.0,10235134.0,7,2014
1987493.0,0.0,7727837.0,7836451.0,108614.0,201407,CA,0203129020,47,47,70,70,1987493.0,0.0,7727837.0,7,2014
347455.0,0.0,1379588.0,1396203.0,16615.0,201407,CA,0203192010,47,47,70,70,347455.0,0.0,1379588.0,7,2014
103074.0,0.0,412352.0,416037.0,3685.0,201407,CA,0203192090,47,47,70,70,103074.0,0.0,412352.0,7,2014
7341833.0,0.0,34884455.0,35238431.0,353976.0,201407,CA,0203194010,47,47,70,70,7341833.0,0.0,34884455.0,7,2014
7630698.0,0.0,30363974.0,30663489.0,299515.0,201407,CA,0203194090,47,47,70,70,7630698.0,0.0,30363974.0,7,2014
5.0,0.0,2537.0,2556.0,19.0,201407,CA,0203221000,47,47,70,70,5.0,0.0,2537.0,7,2014
272860.0,0.0,786051.0,803127.0,17076.0,201407,CA,0203229000,47,47,70,70,272860.0,0.0,786051.0,7,2014
2515.0,0.0,16633.0,16933.0,300.0,201407,CA,0203292000,47,47,70,70,2515.0,0.0,16633.0,7,2014
3019634.0,0.0,10511488.0,10672279.0,160791.0,201407,CA,0203294000,47,47,70,70,3019634.0,0.0,10511488.0,7,2014
470478.0,0.0,2913718.0,2924239.0,10521.0,201408,CA,0203121010,47,47,70,70,470478.0,0.0,2913718.0,8,2014
8706.0,0.0,38828.0,39075.0,247.0,201408,CA,0203121020,47,47,70,70,8706.0,0.0,38828.0,8,2014
2984789.0,0.0,9153675.0,9288538.0,134863.0,201408,CA,0203129010,47,47,70,70,2984789.0,0.0,9153675.0,8,2014
2088248.0,0.0,7497578.0,7594385.0,96807.0,201408,CA,0203129020,47,47,70,70,2088248.0,0.0,7497578.0,8,2014
367923.0,0.0,1338983.0,1354514.0,15531.0,201408,CA,0203192010,47,47,70,70,367923.0,0.0,1338983.0,8,2014
85816.0,0.0,305082.0,306922.0,1840.0,201408,CA,0203192090,47,47,70,70,85816.0,0.0,305082.0,8,2014
6495875.0,0.0,26408267.0,26731174.0,322907.0,201408,CA,0203194010,47,47,70,70,6495875.0,0.0,26408267.0,8,2014
8118758.0,0.0,30064730.0,30374749.0,310019.0,201408,CA,0203194090,47,47,70,70,8118758.0,0.0,30064730.0,8,2014
181.0,0.0,4353.0,4378.0,25.0,201408,CA,0203221000,47,47,70,70,181.0,0.0,4353.0,8,2014
242382.0,0.0,654849.0,669481.0,14632.0,201408,CA,0203229000,47,47,70,70,242382.0,0.0,654849.0,8,2014
10594.0,0.0,53012.0,53262.0,250.0,201408,CA,0203292000,47,47,70,70,10594.0,0.0,53012.0,8,2014
3497729.0,0.0,11086940.0,11296452.0,209512.0,201408,CA,0203294000,47,47,70,70,3497729.0,0.0,11086940.0,8,2014
489383.0,0.0,2527343.0,2532384.0,5041.0,201409,CA,0203121010,47,47,70,70,489383.0,0.0,2527343.0,9,2014
13584.0,0.0,45629.0,45854.0,225.0,201409,CA,0203121020,47,47,70,70,13584.0,0.0,45629.0,9,2014
6916652.0,0.0,16837887.0,17029785.0,191898.0,201409,CA,0203129010,47,47,70,70,6916652.0,0.0,16837887.0,9,2014
2567394.0,0.0,8092111.0,8186759.0,94648.0,201409,CA,0203129020,47,47,70,70,2567394.0,0.0,8092111.0,9,2014
401913.0,0.0,1268662.0,1283460.0,14798.0,201409,CA,0203192010,47,47,70,70,401913.0,0.0,1268662.0,9,2014
140685.0,0.0,454564.0,456387.0,1823.0,201409,CA,0203192090,47,47,70,70,140685.0,0.0,454564.0,9,2014
6459881.0,0.0,22423115.0,22734272.0,311157.0,201409,CA,0203194010,47,47,70,70,6459881.0,0.0,22423115.0,9,2014
9227989.0,0.0,31450766.0,31799705.0,348939.0,201409,CA,0203194090,47,47,70,70,9227989.0,0.0,31450766.0,9,2014
205.0,0.0,4911.0,5022.0,111.0,201409,CA,0203221000,47,47,70,70,205.0,0.0,4911.0,9,2014
441270.0,0.0,1010414.0,1038491.0,28777.0,201409,CA,0203229000,47,47,70,70,459500.0,0.0,1068232.0,9,2014
3836.0,0.0,25617.0,25825.0,208.0,201409,CA,0203292000,47,47,70,70,3836.0,0.0,25617.0,9,2014
3824357.0,0.0,11276918.0,11517373.0,240455.0,201409,CA,0203294000,47,47,70,70,3824357.0,0.0,11276918.0,9,2014
525234.0,0.0,3195932.0,3206719.0,10787.0,201410,CA,0203121010,47,47,70,70,525234.0,0.0,3195932.0,10,2014
10974.0,0.0,32783.0,32994.0,211.0,201410,CA,0203121020,47,47,70,70,10974.0,0.0,32783.0,10,2014
9819572.0,0.0,29685873.0,29926706.0,240833.0,201410,CA,0203129010,47,47,70,70,9819572.0,0.0,29685873.0,10,2014
3096314.0,0.0,9523757.0,9639189.0,115432.0,201410,CA,0203129020,47,47,70,70,3096314.0,0.0,9523757.0,10,2014
387946.0,0.0,1264230.0,1280302.0,16072.0,201410,CA,0203192010,47,47,70,70,387946.0,0.0,1264230.0,10,2014
124615.0,0.0,408191.0,409857.0,1666.0,201410,CA,0203192090,47,47,70,70,124615.0,0.0,408191.0,10,2014
7474957.0,0.0,27003954.0,27350426.0,346472.0,201410,CA,0203194010,47,47,70,70,7474957.0,0.0,27003954.0,10,2014
11098966.0,0.0,38598519.0,39034391.0,435872.0,201410,CA,0203194090,47,47,70,70,11098966.0,0.0,38598519.0,10,2014
171.0,0.0,4103.0,4132.0,29.0,201410,CA,0203221000,47,47,70,70,171.0,0.0,4103.0,10,2014
406778.0,0.0,959584.0,980933.0,21349.0,201410,CA,0203229000,47,47,70,70,406778.0,0.0,959584.0,10,2014
409.0,0.0,2970.0,3004.0,34.0,201410,CA,0203292000,47,47,70,70,409.0,0.0,2970.0,10,2014
5056912.0,0.0,15249140.0,15526202.0,277062.0,201410,CA,0203294000,47,47,70,70,5056912.0,0.0,15249140.0,10,2014
531563.0,0.0,2418988.0,2430583.0,11595.0,201411,CA,0203121010,47,47,70,70,531563.0,0.0,2418988.0,11,2014
30682.0,0.0,88198.0,88797.0,599.0,201411,CA,0203121020,47,47,70,70,30682.0,0.0,88198.0,11,2014
5948649.0,0.0,14070355.0,14246885.0,176530.0,201411,CA,0203129010,47,47,70,70,5948649.0,0.0,14070355.0,11,2014
2640962.0,0.0,7295502.0,7392331.0,96829.0,201411,CA,0203129020,47,47,70,70,2640962.0,0.0,7295502.0,11,2014
328833.0,0.0,1066147.0,1084156.0,18009.0,201411,CA,0203192010,47,47,70,70,328833.0,0.0,1066147.0,11,2014
37340.0,0.0,122079.0,122525.0,446.0,201411,CA,0203192090,47,47,70,70,37340.0,0.0,122079.0,11,2014
6549883.0,0.0,21441422.0,21753184.0,311762.0,201411,CA,0203194010,47,47,70,70,6549883.0,0.0,21441422.0,11,2014
9472096.0,0.0,29705596.0,30071106.0,365510.0,201411,CA,0203194090,47,47,70,70,9472096.0,0.0,29705596.0,11,2014
697330.0,0.0,1611315.0,1657518.0,46203.0,201411,CA,0203229000,47,47,70,70,697330.0,0.0,1611315.0,11,2014
10409.0,0.0,65794.0,65951.0,157.0,201411,CA,0203292000,47,47,70,70,10409.0,0.0,65794.0,11,2014
3548801.0,0.0,10813328.0,10994585.0,181257.0,201411,CA,0203294000,47,47,70,70,3548801.0,0.0,10813328.0,11,2014
516112.0,0.0,2283821.0,2294255.0,10434.0,201412,CA,0203121010,47,47,70,70,516112.0,0.0,2283821.0,12,2014
9148.0,0.0,32212.0,32370.0,158.0,201412,CA,0203121020,47,47,70,70,9148.0,0.0,32212.0,12,2014
6265655.0,0.0,14067565.0,14282847.0,215282.0,201412,CA,0203129010,47,47,70,70,6265655.0,0.0,14067565.0,12,2014
3185390.0,0.0,8323437.0,8436015.0,112578.0,201412,CA,0203129020,47,47,70,70,3185390.0,0.0,8323437.0,12,2014
317666.0,0.0,1143131.0,1160095.0,16964.0,201412,CA,0203192010,47,47,70,70,317666.0,0.0,1143131.0,12,2014
162412.0,0.0,432494.0,434841.0,2347.0,201412,CA,0203192090,47,47,70,70,162412.0,0.0,432494.0,12,2014
7176933.0,0.0,23268040.0,23580426.0,312386.0,201412,CA,0203194010,47,47,70,70,7176933.0,0.0,23268040.0,12,2014
10610716.0,0.0,32861656.0,33273275.0,411619.0,201412,CA,0203194090,47,47,70,70,10610716.0,0.0,32861656.0,12,2014
784439.0,0.0,1905229.0,1962525.0,57296.0,201412,CA,0203229000,47,47,70,70,784439.0,0.0,1905229.0,12,2014
18482.0,0.0,44399.0,44532.0,133.0,201412,CA,0203292000,47,47,70,70,18482.0,0.0,44399.0,12,2014
4950165.0,0.0,14468570.0,14768777.0,300207.0,201412,CA,0203294000,47,47,70,70,4950165.0,0.0,14468570.0,12,2014
535932.0,0.0,1950977.0,1962286.0,11309.0,201501,CA,0203121010,47,47,70,70,535932.0,0.0,1950977.0,1,2015
8324.0,0.0,28357.0,28535.0,178.0,201501,CA,0203121020,47,47,70,70,8324.0,0.0,28357.0,1,2015
6274623.0,0.0,11305559.0,11478705.0,173146.0,201501,CA,0203129010,47,47,70,70,6274623.0,0.0,11305559.0,1,2015
2812488.0,0.0,7278237.0,7377911.0,99674.0,201501,CA,0203129020,47,47,70,70,2812488.0,0.0,7278237.0,1,2015
362694.0,0.0,1272406.0,1284376.0,11970.0,201501,CA,0203192010,47,47,70,70,362694.0,0.0,1272406.0,1,2015
38680.0,0.0,119375.0,119424.0,49.0,201501,CA,0203192090,47,47,70,70,38680.0,0.0,119375.0,1,2015
6547071.0,0.0,21757792.0,22045355.0,287563.0,201501,CA,0203194010,47,47,70,70,6547071.0,0.0,21757792.0,1,2015
9326222.0,0.0,28150411.0,28493679.0,343268.0,201501,CA,0203194090,47,47,70,70,9326222.0,0.0,28150411.0,1,2015
18370.0,0.0,11863.0,12253.0,390.0,201501,CA,0203210000,47,47,70,70,18370.0,0.0,11863.0,1,2015
5055.0,0.0,15680.0,15884.0,204.0,201501,CA,0203221000,47,47,70,70,5055.0,0.0,15680.0,1,2015
486896.0,0.0,973289.0,992725.0,19436.0,201501,CA,0203229000,47,47,70,70,486896.0,0.0,973289.0,1,2015
43092.0,0.0,84244.0,86494.0,2250.0,201501,CA,0203292000,47,47,70,70,43092.0,0.0,84244.0,1,2015
4141632.0,0.0,11284383.0,11526096.0,241713.0,201501,CA,0203294000,47,47,70,70,4141632.0,0.0,11284383.0,1,2015
255.0,0.0,5700.0,5885.0,185.0,201502,CA,0203110000,47,47,70,70,255.0,0.0,5700.0,2,2015
507843.0,0.0,1754771.0,1764014.0,9243.0,201502,CA,0203121010,47,47,70,70,507843.0,0.0,1754771.0,2,2015
3255.0,0.0,9023.0,9096.0,73.0,201502,CA,0203121020,47,47,70,70,3255.0,0.0,9023.0,2,2015
4824867.0,0.0,9170442.0,9337244.0,166802.0,201502,CA,0203129010,47,47,70,70,4824867.0,0.0,9170442.0,2,2015
2338203.0,0.0,4992892.0,5078897.0,86005.0,201502,CA,0203129020,47,47,70,70,2338203.0,0.0,4992892.0,2,2015
307337.0,0.0,1100609.0,1118216.0,17607.0,201502,CA,0203192010,47,47,70,70,307337.0,0.0,1100609.0,2,2015
38574.0,0.0,187763.0,188586.0,823.0,201502,CA,0203192090,47,47,70,70,38574.0,0.0,187763.0,2,2015
6008642.0,0.0,19057055.0,19329047.0,271992.0,201502,CA,0203194010,47,47,70,70,6008642.0,0.0,19057055.0,2,2015
8973414.0,0.0,25587374.0,25939478.0,352104.0,201502,CA,0203194090,47,47,70,70,8973414.0,0.0,25587374.0,2,2015
287679.0,0.0,571685.0,609767.0,38082.0,201502,CA,0203229000,47,47,70,70,287679.0,0.0,571685.0,2,2015
2014.0,0.0,2339.0,2341.0,2.0,201502,CA,0203292000,47,47,70,70,2014.0,0.0,2339.0,2,2015
3996796.0,0.0,11345882.0,11707349.0,361467.0,201502,CA,0203294000,47,47,70,70,3996796.0,0.0,11345882.0,2,2015
582852.0,0.0,1917214.0,1923043.0,5829.0,201503,CA,0203121010,47,47,70,70,582852.0,0.0,1917214.0,3,2015
2381.0,0.0,6754.0,6803.0,49.0,201503,CA,0203121020,47,47,70,70,2381.0,0.0,6754.0,3,2015
4707559.0,0.0,8054459.0,8182269.0,127810.0,201503,CA,0203129010,47,47,70,70,4707559.0,0.0,8054459.0,3,2015
2313994.0,0.0,5064775.0,5157216.0,92441.0,201503,CA,0203129020,47,47,70,70,2313994.0,0.0,5064775.0,3,2015
347518.0,0.0,1260186.0,1276858.0,16672.0,201503,CA,0203192010,47,47,70,70,347518.0,0.0,1260186.0,3,2015
826.0,0.0,3513.0,3536.0,23.0,201503,CA,0203192090,47,47,70,70,826.0,0.0,3513.0,3,2015
6821640.0,0.0,18055951.0,18289033.0,233082.0,201503,CA,0203194010,47,47,70,70,6821640.0,0.0,18055951.0,3,2015
10802006.0,0.0,29164281.0,29567282.0,403001.0,201503,CA,0203194090,47,47,70,70,10802006.0,0.0,29164281.0,3,2015
335844.0,0.0,728904.0,747887.0,18983.0,201503,CA,0203229000,47,47,70,70,335844.0,0.0,728904.0,3,2015
6590.0,0.0,36737.0,36884.0,147.0,201503,CA,0203292000,47,47,70,70,6590.0,0.0,36737.0,3,2015
5134447.0,0.0,13179560.0,13573789.0,394229.0,201503,CA,0203294000,47,47,70,70,5134447.0,0.0,13179560.0,3,2015
536602.0,0.0,1513711.0,1517548.0,3837.0,201504,CA,0203121010,47,47,70,70,536602.0,0.0,1513711.0,4,2015
3133969.0,0.0,5468426.0,5571185.0,102759.0,201504,CA,0203129010,47,47,70,70,3133969.0,0.0,5468426.0,4,2015
1680462.0,0.0,3855256.0,3945172.0,89916.0,201504,CA,0203129020,47,47,70,70,1680462.0,0.0,3855256.0,4,2015
102203.0,0.0,439741.0,451187.0,11446.0,201504,CA,0203192010,47,47,70,70,102203.0,0.0,439741.0,4,2015
49064.0,0.0,103642.0,105407.0,1765.0,201504,CA,0203192090,47,47,70,70,49064.0,0.0,103642.0,4,2015
6083259.0,0.0,15869262.0,16058429.0,189167.0,201504,CA,0203194010,47,47,70,70,6083259.0,0.0,15869262.0,4,2015
10437566.0,0.0,27888387.0,28294846.0,406459.0,201504,CA,0203194090,47,47,70,70,10437566.0,0.0,27888387.0,4,2015
18855.0,0.0,26378.0,26768.0,390.0,201504,CA,0203210000,47,47,70,70,18855.0,0.0,26378.0,4,2015
273306.0,0.0,571149.0,596772.0,25623.0,201504,CA,0203229000,47,47,70,70,273306.0,0.0,571149.0,4,2015
5189.0,0.0,27039.0,27150.0,111.0,201504,CA,0203292000,47,47,70,70,5189.0,0.0,27039.0,4,2015
4457190.0,0.0,10740198.0,11159502.0,419304.0,201504,CA,0203294000,47,47,70,70,4457190.0,0.0,10740198.0,4,2015
556128.0,0.0,1920599.0,1924931.0,4332.0,201505,CA,0203121010,47,47,70,70,556128.0,0.0,1920599.0,5,2015
4084930.0,0.0,7513947.0,7615572.0,101625.0,201505,CA,0203129010,47,47,70,70,4084930.0,0.0,7513947.0,5,2015
1596049.0,0.0,4211622.0,4289133.0,77511.0,201505,CA,0203129020,47,47,70,70,1596049.0,0.0,4211622.0,5,2015
106114.0,0.0,589485.0,601764.0,12279.0,201505,CA,0203192010,47,47,70,70,106114.0,0.0,589485.0,5,2015
21830.0,0.0,56550.0,58550.0,2000.0,201505,CA,0203192090,47,47,70,70,21830.0,0.0,56550.0,5,2015
5704294.0,0.0,15558465.0,15735898.0,177433.0,201505,CA,0203194010,47,47,70,70,5704294.0,0.0,15558465.0,5,2015
9887969.0,0.0,28730107.0,29067974.0,337867.0,201505,CA,0203194090,47,47,70,70,9887969.0,0.0,28730107.0,5,2015
17979.0,0.0,56938.0,57298.0,360.0,201505,CA,0203210000,47,47,70,70,17979.0,0.0,56938.0,5,2015
5233.0,0.0,27398.0,27598.0,200.0,201505,CA,0203221000,47,47,70,70,5233.0,0.0,27398.0,5,2015
290399.0,0.0,630573.0,642963.0,12390.0,201505,CA,0203229000,47,47,70,70,290399.0,0.0,630573.0,5,2015
6911.0,0.0,26779.0,26991.0,212.0,201505,CA,0203292000,47,47,70,70,6911.0,0.0,26779.0,5,2015
3701223.0,0.0,9927992.0,10184124.0,256132.0,201505,CA,0203294000,47,47,70,70,3701223.0,0.0,9927992.0,5,2015
605619.0,0.0,1994995.0,1998989.0,3994.0,201506,CA,0203121010,47,47,70,70,605619.0,0.0,1994995.0,6,2015
4430753.0,0.0,8426123.0,8572747.0,146624.0,201506,CA,0203129010,47,47,70,70,4430753.0,0.0,8426123.0,6,2015
2478487.0,0.0,6806285.0,6938863.0,132578.0,201506,CA,0203129020,47,47,70,70,2478487.0,0.0,6806285.0,6,2015
110781.0,0.0,492011.0,509384.0,17373.0,201506,CA,0203192010,47,47,70,70,110781.0,0.0,492011.0,6,2015
83892.0,0.0,161816.0,164798.0,2982.0,201506,CA,0203192090,47,47,70,70,83892.0,0.0,161816.0,6,2015
6694579.0,0.0,22078866.0,22342338.0,263472.0,201506,CA,0203194010,47,47,70,70,6694579.0,0.0,22078866.0,6,2015
12464442.0,0.0,39171722.0,39614966.0,443244.0,201506,CA,0203194090,47,47,70,70,12464442.0,0.0,39171722.0,6,2015
163.0,0.0,3905.0,3930.0,25.0,201506,CA,0203221000,47,47,70,70,163.0,0.0,3905.0,6,2015
432208.0,0.0,863870.0,914957.0,51087.0,201506,CA,0203229000,47,47,70,70,432208.0,0.0,863870.0,6,2015
587.0,0.0,6559.0,6618.0,59.0,201506,CA,0203292000,47,47,70,70,587.0,0.0,6559.0,6,2015
3730674.0,0.0,10425586.0,10658575.0,232989.0,201506,CA,0203294000,47,47,70,70,3730674.0,0.0,10425586.0,6,2015
540949.0,0.0,1583503.0,1586601.0,3098.0,201507,CA,0203121010,47,47,70,70,540949.0,0.0,1583503.0,7,2015
4145138.0,0.0,7047721.0,7172819.0,125098.0,201507,CA,0203129010,47,47,70,70,4145138.0,0.0,7047721.0,7,2015
2175480.0,0.0,4803030.0,4894015.0,90985.0,201507,CA,0203129020,47,47,70,70,2175480.0,0.0,4803030.0,7,2015
86178.0,0.0,337516.0,349496.0,11980.0,201507,CA,0203192010,47,47,70,70,86178.0,0.0,337516.0,7,2015
76665.0,0.0,219329.0,222149.0,2820.0,201507,CA,0203192090,47,47,70,70,76665.0,0.0,219329.0,7,2015
6133040.0,0.0,24546177.0,24749387.0,203210.0,201507,CA,0203194010,47,47,70,70,6133040.0,0.0,24546177.0,7,2015
10635780.0,0.0,29713937.0,30072837.0,358900.0,201507,CA,0203194090,47,47,70,70,10635780.0,0.0,29713937.0,7,2015
293365.0,0.0,691367.0,739762.0,48395.0,201507,CA,0203229000,47,47,70,70,293365.0,0.0,691367.0,7,2015
3639189.0,0.0,8625264.0,9017716.0,392452.0,201507,CA,0203294000,47,47,70,70,3639189.0,0.0,8625264.0,7,2015
577039.0,0.0,2203123.0,2206143.0,3020.0,201508,CA,0203121010,47,47,70,70,577039.0,0.0,2203123.0,8,2015
5169310.0,0.0,10113906.0,10261826.0,147920.0,201508,CA,0203129010,47,47,70,70,5169310.0,0.0,10113906.0,8,2015
2235420.0,0.0,4885832.0,4982620.0,96788.0,201508,CA,0203129020,47,47,70,70,2235420.0,0.0,4885832.0,8,2015
85486.0,0.0,405527.0,418729.0,13202.0,201508,CA,0203192010,47,47,70,70,85486.0,0.0,405527.0,8,2015
28576.0,0.0,111828.0,113737.0,1909.0,201508,CA,0203192090,47,47,70,70,28576.0,0.0,111828.0,8,2015
5881356.0,0.0,27666368.0,27865813.0,199445.0,201508,CA,0203194010,47,47,70,70,5881356.0,0.0,27666368.0,8,2015
10955214.0,0.0,30624271.0,31001340.0,377069.0,201508,CA,0203194090,47,47,70,70,10955214.0,0.0,30624271.0,8,2015
222408.0,0.0,476993.0,496615.0,19622.0,201508,CA,0203229000,47,47,70,70,222408.0,0.0,476993.0,8,2015
2877.0,0.0,20556.0,20708.0,152.0,201508,CA,0203292000,47,47,70,70,2877.0,0.0,20556.0,8,2015
3720549.0,0.0,9291416.0,9687608.0,398192.0,201508,CA,0203294000,47,47,70,70,3757569.0,0.0,9335487.0,8,2015
507627.0,0.0,2050781.0,2053856.0,3075.0,201509,CA,0203121010,47,47,70,70,507627.0,0.0,2050781.0,9,2015
5472515.0,0.0,10385697.0,10530966.0,145269.0,201509,CA,0203129010,47,47,70,70,5472515.0,0.0,10385697.0,9,2015
2035414.0,0.0,4557169.0,4650236.0,93067.0,201509,CA,0203129020,47,47,70,70,2035414.0,0.0,4557169.0,9,2015
72420.0,0.0,335574.0,345429.0,9855.0,201509,CA,0203192010,47,47,70,70,72420.0,0.0,335574.0,9,2015
41650.0,0.0,108638.0,110291.0,1653.0,201509,CA,0203192090,47,47,70,70,41650.0,0.0,108638.0,9,2015
6466240.0,0.0,29322733.0,29519022.0,196289.0,201509,CA,0203194010,47,47,70,70,6466240.0,0.0,29322733.0,9,2015
11246610.0,0.0,31119856.0,31486295.0,366439.0,201509,CA,0203194090,47,47,70,70,11246610.0,0.0,31119856.0,9,2015
22370.0,0.0,47533.0,51783.0,4250.0,201509,CA,0203221000,47,47,70,70,22370.0,0.0,47533.0,9,2015
217760.0,0.0,406068.0,438479.0,32411.0,201509,CA,0203229000,47,47,70,70,217760.0,0.0,406068.0,9,2015
2787823.0,0.0,7109295.0,7309953.0,200658.0,201509,CA,0203294000,47,47,70,70,2787823.0,0.0,7109295.0,9,2015
557109.0,0.0,2071744.0,2074815.0,3071.0,201510,CA,0203121010,47,47,70,70,557109.0,0.0,2071744.0,10,2015
24056.0,0.0,51549.0,55686.0,4137.0,201510,CA,0203121020,47,47,70,70,24056.0,0.0,51549.0,10,2015
5970394.0,0.0,11554071.0,11719052.0,164981.0,201510,CA,0203129010,47,47,70,70,5970394.0,0.0,11554071.0,10,2015
2050671.0,0.0,4624641.0,4724339.0,99698.0,201510,CA,0203129020,47,47,70,70,2050671.0,0.0,4624641.0,10,2015
78558.0,0.0,369791.0,382055.0,12264.0,201510,CA,0203192010,47,47,70,70,78558.0,0.0,369791.0,10,2015
49105.0,0.0,112854.0,115459.0,2605.0,201510,CA,0203192090,47,47,70,70,49105.0,0.0,112854.0,10,2015
6578475.0,0.0,29380290.0,29588779.0,208489.0,201510,CA,0203194010,47,47,70,70,6578475.0,0.0,29380290.0,10,2015
11448061.0,0.0,31793077.0,32166998.0,373921.0,201510,CA,0203194090,47,47,70,70,11448061.0,0.0,31793077.0,10,2015
75.0,0.0,2537.0,2556.0,19.0,201510,CA,0203221000,47,47,70,70,75.0,0.0,2537.0,10,2015
96969.0,0.0,180536.0,182738.0,2202.0,201510,CA,0203229000,47,47,70,70,96969.0,0.0,180536.0,10,2015
2092.0,0.0,10892.0,11110.0,218.0,201510,CA,0203292000,47,47,70,70,2092.0,0.0,10892.0,10,2015
4375231.0,0.0,10180856.0,10525081.0,344225.0,201510,CA,0203294000,47,47,70,70,4375231.0,0.0,10180856.0,10,2015
52256.0,0.0,301101.0,301462.0,361.0,201511,CA,0203110000,47,47,70,70,52256.0,0.0,301101.0,11,2015
507004.0,0.0,1747774.0,1750382.0,2608.0,201511,CA,0203121010,47,47,70,70,507004.0,0.0,1747774.0,11,2015
29507.0,0.0,62445.0,66593.0,4148.0,201511,CA,0203121020,47,47,70,70,29507.0,0.0,62445.0,11,2015
5805369.0,0.0,10096395.0,10248788.0,152393.0,201511,CA,0203129010,47,47,70,70,5805369.0,0.0,10096395.0,11,2015
2221455.0,0.0,4515098.0,4614713.0,99615.0,201511,CA,0203129020,47,47,70,70,2221455.0,0.0,4515098.0,11,2015
140104.0,0.0,553447.0,563880.0,10433.0,201511,CA,0203192010,47,47,70,70,140104.0,0.0,553447.0,11,2015
46154.0,0.0,99879.0,101521.0,1642.0,201511,CA,0203192090,47,47,70,70,46154.0,0.0,99879.0,11,2015
6626897.0,0.0,25231262.0,25436525.0,205263.0,201511,CA,0203194010,47,47,70,70,6626897.0,0.0,25231262.0,11,2015
11359019.0,0.0,30086960.0,30448453.0,361493.0,201511,CA,0203194090,47,47,70,70,11359019.0,0.0,30086960.0,11,2015
480.0,0.0,3766.0,4001.0,235.0,201511,CA,0203221000,47,47,70,70,480.0,0.0,3766.0,11,2015
328395.0,0.0,538055.0,563856.0,25801.0,201511,CA,0203229000,47,47,70,70,328395.0,0.0,538055.0,11,2015
3979046.0,0.0,10342463.0,10653819.0,311356.0,201511,CA,0203294000,47,47,70,70,3979046.0,0.0,10342463.0,11,2015
177976.0,0.0,1032625.0,1034025.0,1400.0,201512,CA,0203110000,47,47,70,70,177976.0,0.0,1032625.0,12,2015
406809.0,0.0,1614469.0,1616774.0,2305.0,201512,CA,0203121010,47,47,70,70,406809.0,0.0,1614469.0,12,2015
103.0,0.0,2462.0,2485.0,23.0,201512,CA,0203121020,47,47,70,70,103.0,0.0,2462.0,12,2015
5767483.0,0.0,10000030.0,10137640.0,137610.0,201512,CA,0203129010,47,47,70,70,5767483.0,0.0,10000030.0,12,2015
2166667.0,0.0,4394310.0,4493902.0,99592.0,201512,CA,0203129020,47,47,70,70,2166667.0,0.0,4394310.0,12,2015
128443.0,0.0,449930.0,456142.0,6212.0,201512,CA,0203192010,47,47,70,70,128443.0,0.0,449930.0,12,2015
80996.0,0.0,144897.0,146155.0,1258.0,201512,CA,0203192090,47,47,70,70,80996.0,0.0,144897.0,12,2015
6760605.0,0.0,22574780.0,22761599.0,186819.0,201512,CA,0203194010,47,47,70,70,6760605.0,0.0,22574780.0,12,2015
10973826.0,0.0,28261736.0,28653618.0,391882.0,201512,CA,0203194090,47,47,70,70,10973826.0,0.0,28261736.0,12,2015
716590.0,0.0,1289806.0,1412908.0,123102.0,201512,CA,0203229000,47,47,70,70,716590.0,0.0,1289806.0,12,2015
3090.0,0.0,20437.0,20587.0,150.0,201512,CA,0203292000,47,47,70,70,3090.0,0.0,20437.0,12,2015
3829652.0,0.0,9407290.0,9718820.0,311530.0,201512,CA,0203294000,47,47,70,70,3829652.0,0.0,9407290.0,12,2015
191258.0,0.0,1102171.0,1104618.0,2447.0,201601,CA,0203110000,47,47,70,70,191258.0,0.0,1102171.0,1,2016
474333.0,0.0,1569837.0,1572495.0,2658.0,201601,CA,0203121010,47,47,70,70,474333.0,0.0,1569837.0,1,2016
5745279.0,0.0,9845157.0,10001193.0,156036.0,201601,CA,0203129010,47,47,70,70,5745279.0,0.0,9845157.0,1,2016
2074668.0,0.0,4576548.0,4678112.0,101564.0,201601,CA,0203129020,47,47,70,70,2074668.0,0.0,4576548.0,1,2016
49831.0,0.0,224819.0,232414.0,7595.0,201601,CA,0203192010,47,47,70,70,49831.0,0.0,224819.0,1,2016
119283.0,0.0,317987.0,325299.0,7312.0,201601,CA,0203192090,47,47,70,70,119283.0,0.0,317987.0,1,2016
7389364.0,0.0,25854752.0,26078359.0,223607.0,201601,CA,0203194010,47,47,70,70,7389364.0,0.0,25854752.0,1,2016
10851505.0,0.0,28245942.0,28569536.0,323594.0,201601,CA,0203194090,47,47,70,70,10851505.0,0.0,28245942.0,1,2016
209592.0,0.0,325404.0,340726.0,15322.0,201601,CA,0203229000,47,47,70,70,209592.0,0.0,325404.0,1,2016
25043.0,0.0,105001.0,105351.0,350.0,201601,CA,0203292000,47,47,70,70,25043.0,0.0,105001.0,1,2016
3799365.0,0.0,9781440.0,10050357.0,268917.0,201601,CA,0203294000,47,47,70,70,3799365.0,0.0,9781440.0,1,2016
259984.0,0.0,1497145.0,1499238.0,2093.0,201602,CA,0203110000,47,47,70,70,259984.0,0.0,1497145.0,2,2016
449576.0,0.0,1569647.0,1572337.0,2690.0,201602,CA,0203121010,47,47,70,70,449576.0,0.0,1569647.0,2,2016
49264.0,0.0,125338.0,133743.0,8405.0,201602,CA,0203121020,47,47,70,70,49264.0,0.0,125338.0,2,2016
5010803.0,0.0,9430700.0,9583218.0,152518.0,201602,CA,0203129010,47,47,70,70,5010803.0,0.0,9430700.0,2,2016
1713914.0,0.0,3714258.0,3804822.0,90564.0,201602,CA,0203129020,47,47,70,70,1713914.0,0.0,3714258.0,2,2016
97455.0,0.0,379704.0,389719.0,10015.0,201602,CA,0203192010,47,47,70,70,97455.0,0.0,379704.0,2,2016
48138.0,0.0,156206.0,157184.0,978.0,201602,CA,0203192090,47,47,70,70,48138.0,0.0,156206.0,2,2016
6381549.0,0.0,24822281.0,25023123.0,200842.0,201602,CA,0203194010,47,47,70,70,6381549.0,0.0,24822281.0,2,2016
10080582.0,0.0,27934584.0,28258654.0,324070.0,201602,CA,0203194090,47,47,70,70,10080582.0,0.0,27934584.0,2,2016
324273.0,0.0,527118.0,572194.0,45076.0,201602,CA,0203229000,47,47,70,70,324273.0,0.0,527118.0,2,2016
39172.0,0.0,127666.0,127923.0,257.0,201602,CA,0203292000,47,47,70,70,39172.0,0.0,127666.0,2,2016
4166776.0,0.0,9400879.0,9736246.0,335367.0,201602,CA,0203294000,47,47,70,70,4166776.0,0.0,9400879.0,2,2016
288240.0,0.0,1661921.0,1664610.0,2689.0,201603,CA,0203110000,47,47,70,70,288240.0,0.0,1661921.0,3,2016
425223.0,0.0,1396290.0,1398723.0,2433.0,201603,CA,0203121010,47,47,70,70,425223.0,0.0,1396290.0,3,2016
3058653.0,0.0,6924550.0,7032383.0,107833.0,201603,CA,0203129010,47,47,70,70,3058653.0,0.0,6924550.0,3,2016
1945695.0,0.0,4277540.0,4382871.0,105331.0,201603,CA,0203129020,47,47,70,70,1945695.0,0.0,4277540.0,3,2016
44461.0,0.0,220967.0,227542.0,6575.0,201603,CA,0203192010,47,47,70,70,44461.0,0.0,220967.0,3,2016
38630.0,0.0,197282.0,198890.0,1608.0,201603,CA,0203192090,47,47,70,70,38630.0,0.0,197282.0,3,2016
6990280.0,0.0,27478108.0,27679391.0,201283.0,201603,CA,0203194010,47,47,70,70,6990280.0,0.0,27478108.0,3,2016
10393506.0,0.0,28944719.0,29271632.0,326913.0,201603,CA,0203194090,47,47,70,70,10393506.0,0.0,28944719.0,3,2016
199717.0,0.0,440216.0,461182.0,20966.0,201603,CA,0203229000,47,47,70,70,199717.0,0.0,440216.0,3,2016
18380.0,0.0,89051.0,89151.0,100.0,201603,CA,0203292000,47,47,70,70,18380.0,0.0,89051.0,3,2016
4480174.0,0.0,11477870.0,11933183.0,455313.0,201603,CA,0203294000,47,47,70,70,4480174.0,0.0,11477870.0,3,2016
259283.0,0.0,1491123.0,1493511.0,2388.0,201604,CA,0203110000,47,47,70,70,259283.0,0.0,1491123.0,4,2016
401370.0,0.0,1306422.0,1308818.0,2396.0,201604,CA,0203121010,47,47,70,70,401370.0,0.0,1306422.0,4,2016
2198372.0,0.0,5408752.0,5501119.0,92367.0,201604,CA,0203129010,47,47,70,70,2198372.0,0.0,5408752.0,4,2016
2041161.0,0.0,4870716.0,4957944.0,87228.0,201604,CA,0203129020,47,47,70,70,2041161.0,0.0,4870716.0,4,2016
57736.0,0.0,258056.0,263880.0,5824.0,201604,CA,0203192010,47,47,70,70,57736.0,0.0,258056.0,4,2016
23870.0,0.0,109531.0,109974.0,443.0,201604,CA,0203192090,47,47,70,70,23870.0,0.0,109531.0,4,2016
5363768.0,0.0,21104742.0,21278031.0,173289.0,201604,CA,0203194010,47,47,70,70,5363768.0,0.0,21104742.0,4,2016
8607388.0,0.0,24933982.0,25210238.0,276256.0,201604,CA,0203194090,47,47,70,70,8607388.0,0.0,24933982.0,4,2016
449238.0,0.0,998573.0,1058196.0,59623.0,201604,CA,0203229000,47,47,70,70,449238.0,0.0,998573.0,4,2016
36368.0,0.0,154318.0,154618.0,300.0,201604,CA,0203292000,47,47,70,70,36368.0,0.0,154318.0,4,2016
3123084.0,0.0,7863407.0,8100373.0,236966.0,201604,CA,0203294000,47,47,70,70,3123084.0,0.0,7863407.0,4,2016
342371.0,0.0,1970141.0,1973105.0,2964.0,201605,CA,0203110000,47,47,70,70,342371.0,0.0,1970141.0,5,2016
381362.0,0.0,1361788.0,1364001.0,2213.0,201605,CA,0203121010,47,47,70,70,381362.0,0.0,1361788.0,5,2016
3627852.0,0.0,8406310.0,8527242.0,120932.0,201605,CA,0203129010,47,47,70,70,3627852.0,0.0,8406310.0,5,2016
2050926.0,0.0,5420375.0,5510309.0,89934.0,201605,CA,0203129020,47,47,70,70,2050926.0,0.0,5420375.0,5,2016
57642.0,0.0,283933.0,291518.0,7585.0,201605,CA,0203192010,47,47,70,70,57642.0,0.0,283933.0,5,2016
168537.0,0.0,190299.0,194231.0,3932.0,201605,CA,0203192090,47,47,70,70,168537.0,0.0,190299.0,5,2016
5859894.0,0.0,20394161.0,20591950.0,197789.0,201605,CA,0203194010,47,47,70,70,5859894.0,0.0,20394161.0,5,2016
10033369.0,0.0,30241268.0,30559829.0,318561.0,201605,CA,0203194090,47,47,70,70,10033369.0,0.0,30241268.0,5,2016
100.0,0.0,2404.0,2420.0,16.0,201605,CA,0203221000,47,47,70,70,100.0,0.0,2404.0,5,2016
278061.0,0.0,458860.0,469484.0,10624.0,201605,CA,0203229000,47,47,70,70,278061.0,0.0,458860.0,5,2016
36758.0,0.0,194940.0,195140.0,200.0,201605,CA,0203292000,47,47,70,70,36758.0,0.0,194940.0,5,2016
3019120.0,0.0,8606175.0,8783775.0,177600.0,201605,CA,0203294000,47,47,70,70,3019120.0,0.0,8606175.0,5,2016
342457.0,0.0,1971606.0,1974006.0,2400.0,201606,CA,0203110000,47,47,70,70,342457.0,0.0,1971606.0,6,2016
338297.0,0.0,1252546.0,1261908.0,9362.0,201606,CA,0203121010,47,47,70,70,338297.0,0.0,1252546.0,6,2016
2654851.0,0.0,6762862.0,6892493.0,129631.0,201606,CA,0203129010,47,47,70,70,2654851.0,0.0,6762862.0,6,2016
1853097.0,0.0,4995953.0,5090526.0,94573.0,201606,CA,0203129020,47,47,70,70,1853097.0,0.0,4995953.0,6,2016
69869.0,0.0,325999.0,334216.0,8217.0,201606,CA,0203192010,47,47,70,70,69869.0,0.0,325999.0,6,2016
85747.0,0.0,115435.0,118885.0,3450.0,201606,CA,0203192090,47,47,70,70,85747.0,0.0,115435.0,6,2016
4974857.0,0.0,17708583.0,17884417.0,175834.0,201606,CA,0203194010,47,47,70,70,4974857.0,0.0,17708583.0,6,2016
9013427.0,0.0,27835709.0,28150298.0,314589.0,201606,CA,0203194090,47,47,70,70,9013427.0,0.0,27835709.0,6,2016
105.0,0.0,2526.0,2564.0,38.0,201606,CA,0203221000,47,47,70,70,105.0,0.0,2526.0,6,2016
429006.0,0.0,1154005.0,1172943.0,18938.0,201606,CA,0203229000,47,47,70,70,429006.0,0.0,1154005.0,6,2016
14815.0,0.0,58466.0,58766.0,300.0,201606,CA,0203292000,47,47,70,70,14815.0,0.0,58466.0,6,2016
2317551.0,0.0,6176950.0,6248098.0,71148.0,201606,CA,0203294000,47,47,70,70,2317551.0,0.0,6176950.0,6,2016
437890.0,0.0,2494058.0,2496551.0,2493.0,201607,CA,0203110000,47,47,70,70,437890.0,0.0,2494058.0,7,2016
280558.0,0.0,1182672.0,1184315.0,1643.0,201607,CA,0203121010,47,47,70,70,280558.0,0.0,1182672.0,7,2016
49217.0,0.0,114679.0,123017.0,8338.0,201607,CA,0203121020,47,47,70,70,49217.0,0.0,114679.0,7,2016
4300054.0,0.0,10265204.0,10412749.0,147545.0,201607,CA,0203129010,47,47,70,70,4300054.0,0.0,10265204.0,7,2016
2167637.0,0.0,5748846.0,5839034.0,90188.0,201607,CA,0203129020,47,47,70,70,2167637.0,0.0,5748846.0,7,2016
122681.0,0.0,545662.0,553560.0,7898.0,201607,CA,0203192010,47,47,70,70,122681.0,0.0,545662.0,7,2016
57372.0,0.0,193205.0,193966.0,761.0,201607,CA,0203192090,47,47,70,70,57372.0,0.0,193205.0,7,2016
5141450.0,0.0,19621533.0,19810656.0,189123.0,201607,CA,0203194010,47,47,70,70,5141450.0,0.0,19621533.0,7,2016
8909341.0,0.0,26235806.0,26560487.0,324681.0,201607,CA,0203194090,47,47,70,70,8909341.0,0.0,26235806.0,7,2016
42485.0,0.0,84478.0,86547.0,2069.0,201607,CA,0203221000,47,47,70,70,42485.0,0.0,84478.0,7,2016
215103.0,0.0,461034.0,483521.0,22487.0,201607,CA,0203229000,47,47,70,70,215103.0,0.0,461034.0,7,2016
38998.0,0.0,201910.0,203979.0,2069.0,201607,CA,0203292000,47,47,70,70,38998.0,0.0,201910.0,7,2016
2923549.0,0.0,7566797.0,7753341.0,186544.0,201607,CA,0203294000,47,47,70,70,2923549.0,0.0,7566797.0,7,2016
397004.0,0.0,2280833.0,2283515.0,2682.0,201608,CA,0203110000,47,47,70,70,397004.0,0.0,2280833.0,8,2016
368237.0,0.0,1262978.0,1265079.0,2101.0,201608,CA,0203121010,47,47,70,70,368237.0,0.0,1262978.0,8,2016
4384320.0,0.0,9111819.0,9259929.0,148110.0,201608,CA,0203129010,47,47,70,70,4384320.0,0.0,9111819.0,8,2016
2279901.0,0.0,5525949.0,5629596.0,103747.0,201608,CA,0203129020,47,47,70,70,2298831.0,0.0,5566431.0,8,2016
61493.0,0.0,278311.0,286561.0,8250.0,201608,CA,0203192010,47,47,70,70,61493.0,0.0,278311.0,8,2016
151148.0,0.0,282026.0,284340.0,2314.0,201608,CA,0203192090,47,47,70,70,151148.0,0.0,282026.0,8,2016
5061557.0,0.0,15747621.0,15924746.0,177125.0,201608,CA,0203194010,47,47,70,70,5061557.0,0.0,15747621.0,8,2016
9778515.0,0.0,26629895.0,26948629.0,318734.0,201608,CA,0203194090,47,47,70,70,9778515.0,0.0,26629895.0,8,2016
136074.0,0.0,254448.0,276443.0,21995.0,201608,CA,0203229000,47,47,70,70,136074.0,0.0,254448.0,8,2016
61286.0,0.0,215580.0,216030.0,450.0,201608,CA,0203292000,47,47,70,70,61286.0,0.0,215580.0,8,2016
3194444.0,0.0,7725000.0,7848208.0,123208.0,201608,CA,0203294000,47,47,70,70,3194444.0,0.0,7725000.0,8,2016
434930.0,0.0,2500034.0,2503204.0,3170.0,201609,CA,0203110000,47,47,70,70,434930.0,0.0,2500034.0,9,2016
346280.0,0.0,1457317.0,1459480.0,2163.0,201609,CA,0203121010,47,47,70,70,346280.0,0.0,1457317.0,9,2016
4300545.0,0.0,9602139.0,9742981.0,142442.0,201609,CA,0203129010,47,47,70,70,4594685.0,0.0,10126358.0,9,2016
2319794.0,0.0,5967293.0,6081096.0,113904.0,201609,CA,0203129020,47,47,70,70,2358508.0,0.0,6047035.0,9,2016
130871.0,0.0,449682.0,456167.0,6485.0,201609,CA,0203192010,47,47,70,70,130871.0,0.0,449682.0,9,2016
130571.0,0.0,241191.0,243489.0,2298.0,201609,CA,0203192090,47,47,70,70,130571.0,0.0,241191.0,9,2016
5118133.0,0.0,15779002.0,15961624.0,182722.0,201609,CA,0203194010,47,47,70,70,5136643.0,0.0,15799814.0,9,2016
9839070.0,0.0,27904587.0,28226352.0,321765.0,201609,CA,0203194090,47,47,70,70,9839070.0,0.0,27904587.0,9,2016
154584.0,0.0,301610.0,311981.0,10371.0,201609,CA,0203229000,47,47,70,70,154584.0,0.0,301610.0,9,2016
61497.0,0.0,205778.0,210978.0,5200.0,201609,CA,0203292000,47,47,70,70,61497.0,0.0,205778.0,9,2016
3482576.0,0.0,8044629.0,8197126.0,152697.0,201609,CA,0203294000,47,47,70,70,3520135.0,0.0,8143967.0,9,2016
458801.0,0.0,2640421.0,2643758.0,3337.0,201610,CA,0203110000,47,47,70,70,458801.0,0.0,2640421.0,10,2016
492293.0,0.0,1566102.0,1569387.0,3285.0,201610,CA,0203121010,47,47,70,70,492293.0,0.0,1566102.0,10,2016
2824123.0,0.0,7341214.0,7594016.0,254402.0,201610,CA,0203129010,47,47,70,70,3118005.0,0.0,7780007.0,10,2016
2237494.0,0.0,4884396.0,4998288.0,113892.0,201610,CA,0203129020,47,47,70,70,2237494.0,0.0,4884396.0,10,2016
45336.0,0.0,202493.0,209854.0,7361.0,201610,CA,0203192010,47,47,70,70,45336.0,0.0,202493.0,10,2016
182048.0,0.0,549995.0,554479.0,4484.0,201610,CA,0203192090,47,47,70,70,182048.0,0.0,549995.0,10,2016
6484536.0,0.0,21920935.0,22101822.0,180987.0,201610,CA,0203194010,47,47,70,70,6503019.0,0.0,21941716.0,10,2016
10953226.0,0.0,28684469.0,28969885.0,285416.0,201610,CA,0203194090,47,47,70,70,10953226.0,0.0,28684469.0,10,2016
21979.0,0.0,38570.0,43128.0,4558.0,201610,CA,0203221000,47,47,70,70,21979.0,0.0,38570.0,10,2016
108101.0,0.0,183366.0,198085.0,14719.0,201610,CA,0203229000,47,47,70,70,108101.0,0.0,183366.0,10,2016
38539.0,0.0,200915.0,202271.0,1356.0,201610,CA,0203292000,47,47,70,70,38539.0,0.0,200915.0,10,2016
3420994.0,0.0,8030287.0,8158865.0,128678.0,201610,CA,0203294000,47,47,70,70,3439483.0,0.0,8075125.0,10,2016
423220.0,0.0,2435424.0,2437839.0,2415.0,201611,CA,0203110000,47,47,70,70,423220.0,0.0,2435424.0,11,2016
469956.0,0.0,1707085.0,1711601.0,4516.0,201611,CA,0203121010,47,47,70,70,469956.0,0.0,1707085.0,11,2016
5032388.0,0.0,10257981.0,10445156.0,188875.0,201611,CA,0203129010,47,47,70,70,5345389.0,0.0,10758762.0,11,2016
2370975.0,0.0,5113297.0,5228667.0,115470.0,201611,CA,0203129020,47,47,70,70,2389938.0,0.0,5146742.0,11,2016
37673.0,0.0,188329.0,193939.0,5610.0,201611,CA,0203192010,47,47,70,70,37673.0,0.0,188329.0,11,2016
150361.0,0.0,385994.0,388179.0,2185.0,201611,CA,0203192090,47,47,70,70,150361.0,0.0,385994.0,11,2016
6270888.0,0.0,20630324.0,20811526.0,181302.0,201611,CA,0203194010,47,47,70,70,6289316.0,0.0,20649012.0,11,2016
11130591.0,0.0,28301494.0,28587557.0,286063.0,201611,CA,0203194090,47,47,70,70,11130591.0,0.0,28301494.0,11,2016
248.0,0.0,5760.0,5835.0,75.0,201611,CA,0203210000,47,47,70,70,248.0,0.0,5760.0,11,2016
2929.0,0.0,15335.0,17204.0,1869.0,201611,CA,0203221000,47,47,70,70,2929.0,0.0,15335.0,11,2016
357054.0,0.0,592129.0,637987.0,45858.0,201611,CA,0203229000,47,47,70,70,357054.0,0.0,592129.0,11,2016
41693.0,0.0,149571.0,154244.0,4673.0,201611,CA,0203292000,47,47,70,70,41693.0,0.0,149571.0,11,2016
3796118.0,0.0,8759509.0,9000874.0,241665.0,201611,CA,0203294000,47,47,70,70,3851638.0,0.0,8850491.0,11,2016
439855.0,0.0,2529640.0,2532390.0,2750.0,201612,CA,0203110000,47,47,70,70,439855.0,0.0,2529640.0,12,2016
444050.0,0.0,1834472.0,1837735.0,3263.0,201612,CA,0203121010,47,47,70,70,444050.0,0.0,1834472.0,12,2016
3540.0,0.0,15798.0,15850.0,52.0,201612,CA,0203121020,47,47,70,70,3540.0,0.0,15798.0,12,2016
5402409.0,0.0,10993615.0,11155250.0,162935.0,201612,CA,0203129010,47,47,70,70,5640925.0,0.0,11424809.0,12,2016
2145481.0,0.0,4854188.0,4963742.0,109754.0,201612,CA,0203129020,47,47,70,70,2182376.0,0.0,4920887.0,12,2016
47926.0,0.0,244159.0,251545.0,7386.0,201612,CA,0203192010,47,47,70,70,47926.0,0.0,244159.0,12,2016
123484.0,0.0,346069.0,348406.0,2337.0,201612,CA,0203192090,47,47,70,70,123484.0,0.0,346069.0,12,2016
5829061.0,0.0,18186147.0,18360307.0,174260.0,201612,CA,0203194010,47,47,70,70,5847461.0,0.0,18204807.0,12,2016
9802393.0,0.0,25631622.0,25869931.0,238309.0,201612,CA,0203194090,47,47,70,70,9802393.0,0.0,25631622.0,12,2016
1255.0,0.0,8469.0,8675.0,206.0,201612,CA,0203221000,47,47,70,70,1255.0,0.0,8469.0,12,2016
458253.0,0.0,770619.0,849582.0,78963.0,201612,CA,0203229000,47,47,70,70,458253.0,0.0,770619.0,12,2016
35444.0,0.0,173525.0,173925.0,400.0,201612,CA,0203292000,47,47,70,70,35444.0,0.0,173525.0,12,2016
4095910.0,0.0,9795310.0,9997742.0,202432.0,201612,CA,0203294000,47,47,70,70,4095910.0,0.0,9795310.0,12,2016
479978.0,0.0,2768168.0,2771334.0,3166.0,201701,CA,0203110000,47,47,70,70,479978.0,0.0,2768168.0,1,2017
469746.0,0.0,1502160.0,1505044.0,2884.0,201701,CA,0203121010,47,47,70,70,469746.0,0.0,1502160.0,1,2017
2709812.0,0.0,6663217.0,6815264.0,153047.0,201701,CA,0203129010,47,47,70,70,2893065.0,0.0,6935469.0,1,2017
1863031.0,0.0,4310713.0,4400029.0,89616.0,201701,CA,0203129020,47,47,70,70,1916387.0,0.0,4500947.0,1,2017
28381.0,0.0,146134.0,152387.0,6253.0,201701,CA,0203192010,47,47,70,70,28381.0,0.0,146134.0,1,2017
412987.0,0.0,1363433.0,1372864.0,9431.0,201701,CA,0203192090,47,47,70,70,412987.0,0.0,1363433.0,1,2017
4689848.0,0.0,16903102.0,17082661.0,179659.0,201701,CA,0203194010,47,47,70,70,4708331.0,0.0,16923068.0,1,2017
10797710.0,0.0,28883636.0,29174563.0,290927.0,201701,CA,0203194090,47,47,70,70,10797710.0,0.0,28883636.0,1,2017
6048.0,0.0,9969.0,10029.0,60.0,201701,CA,0203221000,47,47,70,70,6048.0,0.0,9969.0,1,2017
152891.0,0.0,268416.0,273685.0,5269.0,201701,CA,0203229000,47,47,70,70,152891.0,0.0,268416.0,1,2017
17711.0,0.0,105792.0,106092.0,300.0,201701,CA,0203292000,47,47,70,70,17711.0,0.0,105792.0,1,2017
3308349.0,0.0,8390245.0,8494124.0,103879.0,201701,CA,0203294000,47,47,70,70,3308349.0,0.0,8390245.0,1,2017
475635.0,0.0,2740558.0,2743812.0,3254.0,201702,CA,0203110000,47,47,70,70,475635.0,0.0,2740558.0,2,2017
471894.0,0.0,1529654.0,1532533.0,2879.0,201702,CA,0203121010,47,47,70,70,471894.0,0.0,1529654.0,2,2017
2124062.0,0.0,5481875.0,5614813.0,133738.0,201702,CA,0203129010,47,47,70,70,2270897.0,0.0,5701834.0,2,2017
1902885.0,0.0,4460217.0,4537169.0,77152.0,201702,CA,0203129020,47,47,70,70,1940308.0,0.0,4535621.0,2,2017
33959.0,0.0,164375.0,170223.0,5848.0,201702,CA,0203192010,47,47,70,70,33959.0,0.0,164375.0,2,2017
285897.0,0.0,1244936.0,1250816.0,5880.0,201702,CA,0203192090,47,47,70,70,285897.0,0.0,1244936.0,2,2017
5304311.0,0.0,24057520.0,24248060.0,190540.0,201702,CA,0203194010,47,47,70,70,5304311.0,0.0,24057520.0,2,2017
10308511.0,0.0,30037903.0,30304385.0,266482.0,201702,CA,0203194090,47,47,70,70,10308511.0,0.0,30037903.0,2,2017
272.0,0.0,6547.0,6663.0,116.0,201702,CA,0203221000,47,47,70,70,272.0,0.0,6547.0,2,2017
844.0,0.0,2741.0,2746.0,5.0,201702,CA,0203229000,47,47,70,70,844.0,0.0,2741.0,2,2017
18510.0,0.0,40806.0,41006.0,200.0,201702,CA,0203292000,47,47,70,70,18510.0,0.0,40806.0,2,2017
3132494.0,0.0,7349092.0,7437632.0,88540.0,201702,CA,0203294000,47,47,70,70,3132494.0,0.0,7349092.0,2,2017
448172.0,0.0,2574304.0,2578755.0,4451.0,201703,CA,0203110000,47,47,70,70,448172.0,0.0,2574304.0,3,2017
488174.0,0.0,1553648.0,1556490.0,2842.0,201703,CA,0203121010,47,47,70,70,488174.0,0.0,1553648.0,3,2017
2336222.0,0.0,5784292.0,5910750.0,127358.0,201703,CA,0203129010,47,47,70,70,2501288.0,0.0,6035377.0,3,2017
1707329.0,0.0,4391378.0,4471913.0,80535.0,201703,CA,0203129020,47,47,70,70,1707329.0,0.0,4391378.0,3,2017
46827.0,0.0,184907.0,191551.0,6644.0,201703,CA,0203192010,47,47,70,70,46827.0,0.0,184907.0,3,2017
205605.0,0.0,832814.0,838355.0,5541.0,201703,CA,0203192090,47,47,70,70,205605.0,0.0,832814.0,3,2017
5977211.0,0.0,23691109.0,23901393.0,210284.0,201703,CA,0203194010,47,47,70,70,5977211.0,0.0,23691109.0,3,2017
10671154.0,0.0,31442162.0,31723925.0,281763.0,201703,CA,0203194090,47,47,70,70,10671154.0,0.0,31442162.0,3,2017
240.0,0.0,5756.0,5795.0,39.0,201703,CA,0203221000,47,47,70,70,240.0,0.0,5756.0,3,2017
76186.0,0.0,135839.0,146127.0,10288.0,201703,CA,0203229000,47,47,70,70,76186.0,0.0,135839.0,3,2017
3599716.0,0.0,8454668.0,8628785.0,174217.0,201703,CA,0203294000,47,47,70,70,3618171.0,0.0,8474604.0,3,2017
381884.0,0.0,2191812.0,2195789.0,3977.0,201704,CA,0203110000,47,47,70,70,381884.0,0.0,2191812.0,4,2017
343789.0,0.0,1073421.0,1075436.0,2015.0,201704,CA,0203121010,47,47,70,70,343789.0,0.0,1073421.0,4,2017
2277199.0,0.0,5764777.0,5872958.0,108981.0,201704,CA,0203129010,47,47,70,70,2418041.0,0.0,5980888.0,4,2017
1713440.0,0.0,4370944.0,4453207.0,82363.0,201704,CA,0203129020,47,47,70,70,1736749.0,0.0,4410768.0,4,2017
40086.0,0.0,205585.0,213769.0,8184.0,201704,CA,0203192010,47,47,70,70,40086.0,0.0,205585.0,4,2017
192021.0,0.0,658222.0,663140.0,4918.0,201704,CA,0203192090,47,47,70,70,192021.0,0.0,658222.0,4,2017
5585263.0,0.0,20656013.0,20855853.0,200040.0,201704,CA,0203194010,47,47,70,70,5616165.0,0.0,20698421.0,4,2017
8724574.0,0.0,24740351.0,24992954.0,252603.0,201704,CA,0203194090,47,47,70,70,8724574.0,0.0,24740351.0,4,2017
142325.0,0.0,274654.0,287037.0,12383.0,201704,CA,0203229000,47,47,70,70,142325.0,0.0,274654.0,4,2017
18365.0,0.0,85027.0,85127.0,100.0,201704,CA,0203292000,47,47,70,70,18365.0,0.0,85027.0,4,2017
2794482.0,0.0,7235588.0,7377172.0,141584.0,201704,CA,0203294000,47,47,70,70,2794482.0,0.0,7235588.0,4,2017
397595.0,0.0,2282912.0,2287489.0,4577.0,201705,CA,0203110000,47,47,70,70,397595.0,0.0,2282912.0,5,2017
320805.0,0.0,1057051.0,1058832.0,1781.0,201705,CA,0203121010,47,47,70,70,320805.0,0.0,1057051.0,5,2017
3617153.0,0.0,8276614.0,8403920.0,128406.0,201705,CA,0203129010,47,47,70,70,3815462.0,0.0,8615435.0,5,2017
1253044.0,0.0,3500527.0,3584503.0,84076.0,201705,CA,0203129020,47,47,70,70,1280523.0,0.0,3547477.0,5,2017
52731.0,0.0,220362.0,229132.0,8770.0,201705,CA,0203192010,47,47,70,70,52731.0,0.0,220362.0,5,2017
287984.0,0.0,1026568.0,1034568.0,8000.0,201705,CA,0203192090,47,47,70,70,287984.0,0.0,1026568.0,5,2017
4974157.0,0.0,18146856.0,18331967.0,185111.0,201705,CA,0203194010,47,47,70,70,4974157.0,0.0,18146856.0,5,2017
8615176.0,0.0,25005353.0,25268115.0,262762.0,201705,CA,0203194090,47,47,70,70,8615176.0,0.0,25005353.0,5,2017
106.0,0.0,2554.0,2581.0,27.0,201705,CA,0203221000,47,47,70,70,106.0,0.0,2554.0,5,2017
346596.0,0.0,2005620.0,2013421.0,7801.0,201705,CA,0203229000,47,47,70,70,346596.0,0.0,2005620.0,5,2017
19186.0,0.0,94240.0,94540.0,300.0,201705,CA,0203292000,47,47,70,70,19186.0,0.0,94240.0,5,2017
3041063.0,0.0,7662844.0,7787415.0,124571.0,201705,CA,0203294000,47,47,70,70,3041063.0,0.0,7662844.0,5,2017
464621.0,0.0,2676897.0,2681690.0,4793.0,201706,CA,0203110000,47,47,70,70,464621.0,0.0,2676897.0,6,2017
513242.0,0.0,1644330.0,1647164.0,2934.0,201706,CA,0203121010,47,47,70,70,519354.0,0.0,1676330.0,6,2017
4152000.0,0.0,8499395.0,8625039.0,126944.0,201706,CA,0203129010,47,47,70,70,4385064.0,0.0,8897603.0,6,2017
1215798.0,0.0,3707606.0,3794769.0,87263.0,201706,CA,0203129020,47,47,70,70,1243734.0,0.0,3755337.0,6,2017
32381.0,0.0,183013.0,189549.0,6536.0,201706,CA,0203192010,47,47,70,70,32381.0,0.0,183013.0,6,2017
333017.0,0.0,1358755.0,1366680.0,7925.0,201706,CA,0203192090,47,47,70,70,333017.0,0.0,1358755.0,6,2017
4188272.0,0.0,19395328.0,19553805.0,158477.0,201706,CA,0203194010,47,47,70,70,4188272.0,0.0,19395328.0,6,2017
9363123.0,0.0,29166720.0,29444811.0,278091.0,201706,CA,0203194090,47,47,70,70,9363123.0,0.0,29166720.0,6,2017
443.0,0.0,2543.0,2642.0,99.0,201706,CA,0203221000,47,47,70,70,443.0,0.0,2543.0,6,2017
215254.0,0.0,526923.0,539093.0,12170.0,201706,CA,0203229000,47,47,70,70,215254.0,0.0,526923.0,6,2017
4491.0,0.0,12080.0,12380.0,300.0,201706,CA,0203292000,47,47,70,70,4491.0,0.0,12080.0,6,2017
3936549.0,0.0,8989088.0,9260249.0,271161.0,201706,CA,0203294000,47,47,70,70,3936549.0,0.0,8989088.0,6,2017
27905.0,0.0,159448.0,159810.0,362.0,201707,CA,0203110000,47,47,70,70,27905.0,0.0,159448.0,7,2017
454167.0,0.0,1805263.0,1808026.0,2763.0,201707,CA,0203121010,47,47,70,70,454167.0,0.0,1805263.0,7,2017
4185828.0,0.0,9428685.0,9557355.0,129770.0,201707,CA,0203129010,47,47,70,70,4315750.0,0.0,9818448.0,7,2017
1310139.0,0.0,3893856.0,3979114.0,85358.0,201707,CA,0203129020,47,47,70,70,1338131.0,0.0,3941681.0,7,2017
42903.0,0.0,115452.0,118254.0,2802.0,201707,CA,0203192010,47,47,70,70,42903.0,0.0,115452.0,7,2017
563270.0,0.0,1944340.0,1954918.0,10578.0,201707,CA,0203192090,47,47,70,70,563270.0,0.0,1944340.0,7,2017
4584384.0,0.0,24794973.0,24974873.0,179900.0,201707,CA,0203194010,47,47,70,70,4584384.0,0.0,24794973.0,7,2017
9213988.0,0.0,29174499.0,29458404.0,283905.0,201707,CA,0203194090,47,47,70,70,9213988.0,0.0,29174499.0,7,2017
714.0,0.0,6286.0,6377.0,91.0,201707,CA,0203210000,47,47,70,70,714.0,0.0,6286.0,7,2017
2353.0,0.0,13884.0,14023.0,139.0,201707,CA,0203221000,47,47,70,70,2353.0,0.0,13884.0,7,2017
428605.0,0.0,1663229.0,1689406.0,26177.0,201707,CA,0203229000,47,47,70,70,428605.0,0.0,1663229.0,7,2017
3119171.0,0.0,7582982.0,7751148.0,168166.0,201707,CA,0203294000,47,47,70,70,3119171.0,0.0,7582982.0,7,2017
489148.0,0.0,1709770.0,1713245.0,3475.0,201708,CA,0203121010,47,47,70,70,489148.0,0.0,1709770.0,8,2017
6252815.0,0.0,12848739.0,13035599.0,187560.0,201708,CA,0203129010,47,47,70,70,6324961.0,0.0,13065177.0,8,2017
1356985.0,0.0,3662143.0,3754918.0,92875.0,201708,CA,0203129020,47,47,70,70,1382439.0,0.0,3705632.0,8,2017
10775.0,0.0,55810.0,56432.0,622.0,201708,CA,0203192010,47,47,70,70,10775.0,0.0,55810.0,8,2017
512284.0,0.0,1789298.0,1800877.0,11579.0,201708,CA,0203192090,47,47,70,70,512284.0,0.0,1789298.0,8,2017
4378670.0,0.0,23226871.0,23415063.0,188192.0,201708,CA,0203194010,47,47,70,70,4378670.0,0.0,23226871.0,8,2017
9139604.0,0.0,27297661.0,27583105.0,285544.0,201708,CA,0203194090,47,47,70,70,9145404.0,0.0,27311871.0,8,2017
440896.0,0.0,1064730.0,1081460.0,16730.0,201708,CA,0203229000,47,47,70,70,440896.0,0.0,1064730.0,8,2017
3012605.0,0.0,7466034.0,7615145.0,149211.0,201708,CA,0203294000,47,47,70,70,3024695.0,0.0,7507866.0,8,2017
488764.0,0.0,1908818.0,1912088.0,3270.0,201709,CA,0203121010,47,47,70,70,488764.0,0.0,1908818.0,9,2017
5084749.0,0.0,10617390.0,10774262.0,157372.0,201709,CA,0203129010,47,47,70,70,5138425.0,0.0,10778416.0,9,2017
1338865.0,0.0,3666341.0,3760358.0,94117.0,201709,CA,0203129020,47,47,70,70,1364390.0,0.0,3709951.0,9,2017
14516.0,0.0,65329.0,67704.0,2375.0,201709,CA,0203192010,47,47,70,70,14516.0,0.0,65329.0,9,2017
253898.0,0.0,944475.0,947702.0,3227.0,201709,CA,0203192090,47,47,70,70,253898.0,0.0,944475.0,9,2017
4873103.0,0.0,17545786.0,17719784.0,174198.0,201709,CA,0203194010,47,47,70,70,4899337.0,0.0,17590608.0,9,2017
8906138.0,0.0,24197161.0,24499944.0,302783.0,201709,CA,0203194090,47,47,70,70,8906138.0,0.0,24197161.0,9,2017
18627.0,0.0,55555.0,55617.0,62.0,201709,CA,0203221000,47,47,70,70,18627.0,0.0,55555.0,9,2017
222931.0,0.0,781544.0,796077.0,14533.0,201709,CA,0203229000,47,47,70,70,222931.0,0.0,781544.0,9,2017
2968642.0,0.0,6756764.0,6913249.0,156585.0,201709,CA,0203294000,47,47,70,70,2976285.0,0.0,6783210.0,9,2017
487407.0,0.0,1629618.0,1633321.0,3703.0,201710,CA,0203121010,47,47,70,70,487407.0,0.0,1629618.0,10,2017
4669926.0,0.0,9564330.0,9726941.0,163911.0,201710,CA,0203129010,47,47,70,70,4795995.0,0.0,9942542.0,10,2017
1622882.0,0.0,3751911.0,3833754.0,81943.0,201710,CA,0203129020,47,47,70,70,1645205.0,0.0,3790051.0,10,2017
17128.0,0.0,52210.0,52656.0,446.0,201710,CA,0203192010,47,47,70,70,17128.0,0.0,52210.0,10,2017
289796.0,0.0,878542.0,884000.0,5458.0,201710,CA,0203192090,47,47,70,70,289796.0,0.0,878542.0,10,2017
4336614.0,0.0,13793002.0,13959556.0,166654.0,201710,CA,0203194010,47,47,70,70,4349273.0,0.0,13814630.0,10,2017
9811768.0,0.0,24696552.0,24971471.0,274919.0,201710,CA,0203194090,47,47,70,70,9811768.0,0.0,24696552.0,10,2017
216.0,0.0,5184.0,5210.0,26.0,201710,CA,0203221000,47,47,70,70,216.0,0.0,5184.0,10,2017
226733.0,0.0,693861.0,702607.0,8746.0,201710,CA,0203229000,47,47,70,70,226733.0,0.0,693861.0,10,2017
3227045.0,0.0,7853479.0,7988312.0,135033.0,201710,CA,0203294000,47,47,70,70,3241389.0,0.0,7903108.0,10,2017
269793.0,0.0,1105562.0,1107596.0,2034.0,201711,CA,0203121010,47,47,70,70,269793.0,0.0,1105562.0,11,2017
24059.0,0.0,37137.0,41903.0,4766.0,201711,CA,0203121020,47,47,70,70,24059.0,0.0,37137.0,11,2017
5741006.0,0.0,11388873.0,11550530.0,163257.0,201711,CA,0203129010,47,47,70,70,5894966.0,0.0,11853838.0,11,2017
1295764.0,0.0,3352378.0,3431720.0,79642.0,201711,CA,0203129020,47,47,70,70,1362050.0,0.0,3465631.0,11,2017
5057.0,0.0,15632.0,15812.0,180.0,201711,CA,0203192010,47,47,70,70,5057.0,0.0,15632.0,11,2017
341886.0,0.0,1107316.0,1114977.0,7661.0,201711,CA,0203192090,47,47,70,70,341886.0,0.0,1107316.0,11,2017
3640684.0,0.0,14838458.0,14995668.0,157310.0,201711,CA,0203194010,47,47,70,70,3645090.0,0.0,14857402.0,11,2017
10206761.0,0.0,27695970.0,27963699.0,267729.0,201711,CA,0203194090,47,47,70,70,10206761.0,0.0,27695970.0,11,2017
80092.0,0.0,200553.0,200829.0,276.0,201711,CA,0203221000,47,47,70,70,80092.0,0.0,200553.0,11,2017
298567.0,0.0,819994.0,835114.0,15120.0,201711,CA,0203229000,47,47,70,70,298567.0,0.0,819994.0,11,2017
9367.0,0.0,72466.0,72716.0,250.0,201711,CA,0203292000,47,47,70,70,9367.0,0.0,72466.0,11,2017
3684142.0,0.0,8601404.0,8884931.0,283627.0,201711,CA,0203294000,47,47,70,70,3690130.0,0.0,8622124.0,11,2017
250324.0,0.0,842655.0,844328.0,1673.0,201712,CA,0203121010,47,47,70,70,250324.0,0.0,842655.0,12,2017
24576.0,0.0,90164.0,93664.0,3500.0,201712,CA,0203121020,47,47,70,70,24576.0,0.0,90164.0,12,2017
4334776.0,0.0,8220308.0,8342898.0,124590.0,201712,CA,0203129010,47,47,70,70,4634714.0,0.0,8801588.0,12,2017
1190889.0,0.0,3226866.0,3302414.0,75548.0,201712,CA,0203129020,47,47,70,70,1190889.0,0.0,3226866.0,12,2017
2974.0,0.0,9511.0,9604.0,93.0,201712,CA,0203192010,47,47,70,70,2974.0,0.0,9511.0,12,2017
326719.0,0.0,876831.0,883343.0,6512.0,201712,CA,0203192090,47,47,70,70,326719.0,0.0,876831.0,12,2017
4094232.0,0.0,17157891.0,17303050.0,145259.0,201712,CA,0203194010,47,47,70,70,4099254.0,0.0,17179487.0,12,2017
8797152.0,0.0,24248044.0,24480864.0,232920.0,201712,CA,0203194090,47,47,70,70,8815636.0,0.0,24282274.0,12,2017
40500.0,0.0,97118.0,97368.0,250.0,201712,CA,0203221000,47,47,70,70,40500.0,0.0,97118.0,12,2017
1014383.0,0.0,2296591.0,2393510.0,96919.0,201712,CA,0203229000,47,47,70,70,1014383.0,0.0,2296591.0,12,2017
16060.0,0.0,74353.0,74553.0,200.0,201712,CA,0203292000,47,47,70,70,16060.0,0.0,74353.0,12,2017
3625208.0,0.0,7938133.0,8247836.0,309703.0,201712,CA,0203294000,47,47,70,70,3625208.0,0.0,7938133.0,12,2017
245275.0,0.0,781678.0,783261.0,1583.0,201801,CA,0203121010,47,47,70,70,245275.0,0.0,781678.0,1,2018
3853534.0,0.0,7426355.0,7552994.0,127239.0,201801,CA,0203129010,47,47,70,70,3964065.0,0.0,7604999.0,1,2018
1036534.0,0.0,2998339.0,3076831.0,78692.0,201801,CA,0203129020,47,47,70,70,1074538.0,0.0,3086312.0,1,2018
4815.0,0.0,13223.0,13270.0,47.0,201801,CA,0203192010,47,47,70,70,4815.0,0.0,13223.0,1,2018
325615.0,0.0,1006258.0,1014013.0,7755.0,201801,CA,0203192090,47,47,70,70,325615.0,0.0,1006258.0,1,2018
4411785.0,0.0,18365253.0,18540380.0,175327.0,201801,CA,0203194010,47,47,70,70,4425754.0,0.0,18425322.0,1,2018
9064670.0,0.0,25277868.0,25523218.0,245450.0,201801,CA,0203194090,47,47,70,70,9083162.0,0.0,25325565.0,1,2018
78373.0,0.0,199090.0,203430.0,4340.0,201801,CA,0203221000,47,47,70,70,78373.0,0.0,199090.0,1,2018
719042.0,0.0,1833479.0,1885087.0,51608.0,201801,CA,0203229000,47,47,70,70,719042.0,0.0,1833479.0,1,2018
18486.0,0.0,50331.0,50637.0,306.0,201801,CA,0203292000,47,47,70,70,18486.0,0.0,50331.0,1,2018
4019034.0,0.0,9368812.0,9569825.0,201313.0,201801,CA,0203294000,47,47,70,70,4074494.0,0.0,9463213.0,1,2018
213798.0,0.0,720610.0,722688.0,2078.0,201802,CA,0203121010,47,47,70,70,213798.0,0.0,720610.0,2,2018
18400.0,0.0,46650.0,46850.0,200.0,201802,CA,0203121020,47,47,70,70,18400.0,0.0,46650.0,2,2018
3044655.0,0.0,6490494.0,6619778.0,130884.0,201802,CA,0203129010,47,47,70,70,3334520.0,0.0,6939199.0,2,2018
1110389.0,0.0,3105614.0,3189951.0,84437.0,201802,CA,0203129020,47,47,70,70,1129436.0,0.0,3148025.0,2,2018
2929.0,0.0,10718.0,11148.0,430.0,201802,CA,0203192010,47,47,70,70,2929.0,0.0,10718.0,2,2018
243819.0,0.0,896708.0,902262.0,5554.0,201802,CA,0203192090,47,47,70,70,243819.0,0.0,896708.0,2,2018
4675934.0,0.0,20151939.0,20329973.0,178134.0,201802,CA,0203194010,47,47,70,70,4680956.0,0.0,20173535.0,2,2018
8413175.0,0.0,23650186.0,23890865.0,240779.0,201802,CA,0203194090,47,47,70,70,8431573.0,0.0,23687501.0,2,2018
329.0,0.0,7883.0,7944.0,61.0,201802,CA,0203221000,47,47,70,70,329.0,0.0,7883.0,2,2018
532074.0,0.0,1204414.0,1235061.0,30647.0,201802,CA,0203229000,47,47,70,70,532074.0,0.0,1204414.0,2,2018
97103.0,0.0,270529.0,272804.0,2275.0,201802,CA,0203292000,47,47,70,70,97103.0,0.0,270529.0,2,2018
3697401.0,0.0,8852542.0,9033006.0,180664.0,201802,CA,0203294000,47,47,70,70,3734339.0,0.0,8903046.0,2,2018
214036.0,0.0,727291.0,729223.0,2032.0,201803,CA,0203121010,47,47,70,70,221213.0,0.0,751693.0,3,2018
3461283.0,0.0,6893766.0,7015601.0,123535.0,201803,CA,0203129010,47,47,70,70,3770803.0,0.0,7348761.0,3,2018
1227434.0,0.0,3415864.0,3506751.0,90987.0,201803,CA,0203129020,47,47,70,70,1246256.0,0.0,3457358.0,3,2018
39315.0,0.0,101289.0,101695.0,406.0,201803,CA,0203192010,47,47,70,70,39315.0,0.0,101289.0,3,2018
424431.0,0.0,1111757.0,1120124.0,8367.0,201803,CA,0203192090,47,47,70,70,424431.0,0.0,1111757.0,3,2018
4115099.0,0.0,15832157.0,15999614.0,167557.0,201803,CA,0203194010,47,47,70,70,4124590.0,0.0,15872968.0,3,2018
10041447.0,0.0,27150964.0,27425954.0,274990.0,201803,CA,0203194090,47,47,70,70,10041447.0,0.0,27150964.0,3,2018
329.0,0.0,7722.0,7779.0,57.0,201803,CA,0203221000,47,47,70,70,329.0,0.0,7722.0,3,2018
1023131.0,0.0,2088454.0,2149019.0,60665.0,201803,CA,0203229000,47,47,70,70,1041635.0,0.0,2130826.0,3,2018
106837.0,0.0,288266.0,288854.0,588.0,201803,CA,0203292000,47,47,70,70,106837.0,0.0,288266.0,3,2018
3516374.0,0.0,8245839.0,8421173.0,175534.0,201803,CA,0203294000,47,47,70,70,3553041.0,0.0,8288681.0,3,2018
108290.0,0.0,358108.0,359176.0,1168.0,201804,CA,0203121010,47,47,70,70,115426.0,0.0,382370.0,4,2018
2334939.0,0.0,5340929.0,5473147.0,133618.0,201804,CA,0203129010,47,47,70,70,2590235.0,0.0,5711465.0,4,2018
1247201.0,0.0,3541554.0,3632641.0,91187.0,201804,CA,0203129020,47,47,70,70,1266258.0,0.0,3583568.0,4,2018
44666.0,0.0,120285.0,120517.0,232.0,201804,CA,0203192010,47,47,70,70,44666.0,0.0,120285.0,4,2018
225438.0,0.0,661078.0,669012.0,7934.0,201804,CA,0203192090,47,47,70,70,225438.0,0.0,661078.0,4,2018
3558299.0,0.0,12818322.0,12982291.0,164069.0,201804,CA,0203194010,47,47,70,70,3563139.0,0.0,12839136.0,4,2018
8815174.0,0.0,23953170.0,24211196.0,258126.0,201804,CA,0203194090,47,47,70,70,8833220.0,0.0,23989771.0,4,2018
456459.0,0.0,945415.0,973801.0,28386.0,201804,CA,0203229000,47,47,70,70,456459.0,0.0,945415.0,4,2018
55036.0,0.0,140787.0,141212.0,425.0,201804,CA,0203292000,47,47,70,70,55036.0,0.0,140787.0,4,2018
3293859.0,0.0,7894864.0,8099889.0,205025.0,201804,CA,0203294000,47,47,70,70,3293859.0,0.0,7894864.0,4,2018
129568.0,0.0,387341.0,388429.0,1088.0,201805,CA,0203121010,47,47,70,70,129568.0,0.0,387341.0,5,2018
3027630.0,0.0,5990214.0,6139257.0,150943.0,201805,CA,0203129010,47,47,70,70,3374333.0,0.0,6476137.0,5,2018
1258405.0,0.0,3926187.0,4026289.0,100202.0,201805,CA,0203129020,47,47,70,70,1276954.0,0.0,3966671.0,5,2018
67986.0,0.0,189158.0,189709.0,551.0,201805,CA,0203192010,47,47,70,70,67986.0,0.0,189158.0,5,2018
283217.0,0.0,719343.0,729210.0,9867.0,201805,CA,0203192090,47,47,70,70,283217.0,0.0,719343.0,5,2018
3505331.0,0.0,12483745.0,12648449.0,164804.0,201805,CA,0203194010,47,47,70,70,3510171.0,0.0,12504559.0,5,2018
9173022.0,0.0,26523790.0,26836604.0,312914.0,201805,CA,0203194090,47,47,70,70,9191253.0,0.0,26561169.0,5,2018
18104.0,0.0,27443.0,27643.0,200.0,201805,CA,0203221000,47,47,70,70,18104.0,0.0,27443.0,5,2018
121292.0,0.0,245632.0,255017.0,9385.0,201805,CA,0203229000,47,47,70,70,121292.0,0.0,245632.0,5,2018
4981.0,0.0,12153.0,12366.0,213.0,201805,CA,0203292000,47,47,70,70,4981.0,0.0,12153.0,5,2018
3546580.0,0.0,7581919.0,7856237.0,274518.0,201805,CA,0203294000,47,47,70,70,3582950.0,0.0,7640029.0,5,2018
110817.0,0.0,393658.0,394748.0,1090.0,201806,CA,0203121010,47,47,70,70,110817.0,0.0,393658.0,6,2018
2726408.0,0.0,6141256.0,6260441.0,121585.0,201806,CA,0203129010,47,47,70,70,3166108.0,0.0,6869511.0,6,2018
1152454.0,0.0,3470614.0,3550353.0,80039.0,201806,CA,0203129020,47,47,70,70,1208117.0,0.0,3619906.0,6,2018
78934.0,0.0,224693.0,225913.0,1220.0,201806,CA,0203192010,47,47,70,70,78934.0,0.0,224693.0,6,2018
384309.0,0.0,1214922.0,1225272.0,10350.0,201806,CA,0203192090,47,47,70,70,384309.0,0.0,1214922.0,6,2018
3378193.0,0.0,14332415.0,14463859.0,131544.0,201806,CA,0203194010,47,47,70,70,3383048.0,0.0,14353291.0,6,2018
7747589.0,0.0,22658051.0,22865623.0,207772.0,201806,CA,0203194090,47,47,70,70,7784131.0,0.0,22754569.0,6,2018
330810.0,0.0,661428.0,688328.0,26900.0,201806,CA,0203229000,47,47,70,70,330810.0,0.0,661428.0,6,2018
54761.0,0.0,220465.0,221015.0,550.0,201806,CA,0203292000,47,47,70,70,54761.0,0.0,220465.0,6,2018
2495140.0,0.0,5997061.0,6147881.0,151020.0,201806,CA,0203294000,47,47,70,70,2532320.0,0.0,6066272.0,6,2018
100583.0,0.0,318522.0,319522.0,1100.0,201807,CA,0203121010,47,47,70,70,109613.0,0.0,349225.0,7,2018
2541585.0,0.0,5918945.0,6068604.0,152659.0,201807,CA,0203129010,47,47,70,70,3093804.0,0.0,6816383.0,7,2018
1420864.0,0.0,4130794.0,4240423.0,109829.0,201807,CA,0203129020,47,47,70,70,1457913.0,0.0,4212010.0,7,2018
64255.0,0.0,185525.0,185914.0,389.0,201807,CA,0203192010,47,47,70,70,64255.0,0.0,185525.0,7,2018
301495.0,0.0,1026476.0,1033184.0,6708.0,201807,CA,0203192090,47,47,70,70,301495.0,0.0,1026476.0,7,2018
3509052.0,0.0,17299632.0,17471493.0,171861.0,201807,CA,0203194010,47,47,70,70,3509052.0,0.0,17299632.0,7,2018
7661124.0,0.0,23459474.0,23716283.0,257009.0,201807,CA,0203194090,47,47,70,70,7697674.0,0.0,23543024.0,7,2018
18132.0,0.0,49995.0,50017.0,22.0,201807,CA,0203221000,47,47,70,70,18132.0,0.0,49995.0,7,2018
357317.0,0.0,718886.0,749538.0,30652.0,201807,CA,0203229000,47,47,70,70,357317.0,0.0,718886.0,7,2018
112542.0,0.0,270458.0,271183.0,725.0,201807,CA,0203292000,47,47,70,70,112542.0,0.0,270458.0,7,2018
2867206.0,0.0,6607468.0,6773048.0,165880.0,201807,CA,0203294000,47,47,70,70,2921812.0,0.0,6686314.0,7,2018
150553.0,0.0,533730.0,535206.0,1476.0,201808,CA,0203121010,47,47,70,70,150553.0,0.0,533730.0,8,2018
0.0,0.0,0.0,0.0,100.0,201808,CA,0203121020,47,47,70,70,18388.0,0.0,48241.0,8,2018
2694343.0,0.0,6159267.0,6316953.0,161986.0,201808,CA,0203129010,47,47,70,70,3483376.0,0.0,7515769.0,8,2018
1101081.0,0.0,3267151.0,3374186.0,107035.0,201808,CA,0203129020,47,47,70,70,1101081.0,0.0,3267151.0,8,2018
91816.0,0.0,266708.0,268407.0,1699.0,201808,CA,0203192010,47,47,70,70,91816.0,0.0,266708.0,8,2018
200547.0,0.0,601459.0,610341.0,8882.0,201808,CA,0203192090,47,47,70,70,200547.0,0.0,601459.0,8,2018
3248515.0,0.0,12424851.0,12599220.0,174469.0,201808,CA,0203194010,47,47,70,70,3252956.0,0.0,12443946.0,8,2018
8382656.0,0.0,23643447.0,23939660.0,296313.0,201808,CA,0203194090,47,47,70,70,8401138.0,0.0,23690305.0,8,2018
149733.0,0.0,291674.0,309460.0,17786.0,201808,CA,0203229000,47,47,70,70,149733.0,0.0,291674.0,8,2018
73822.0,0.0,202124.0,202733.0,609.0,201808,CA,0203292000,47,47,70,70,73822.0,0.0,202124.0,8,2018
2351028.0,0.0,5205559.0,5319626.0,114367.0,201808,CA,0203294000,47,47,70,70,2406223.0,0.0,5319247.0,8,2018
114666.0,0.0,390222.0,391316.0,1094.0,201809,CA,0203121010,47,47,70,70,114666.0,0.0,390222.0,9,2018
2184358.0,0.0,5259275.0,5407379.0,151314.0,201809,CA,0203129010,47,47,70,70,2789458.0,0.0,6241300.0,9,2018
1189290.0,0.0,3800991.0,3908535.0,107644.0,201809,CA,0203129020,47,47,70,70,1207725.0,0.0,3849354.0,9,2018
37725.0,0.0,96657.0,97309.0,652.0,201809,CA,0203192010,47,47,70,70,37725.0,0.0,96657.0,9,2018
319132.0,0.0,862910.0,873974.0,11064.0,201809,CA,0203192090,47,47,70,70,319132.0,0.0,862910.0,9,2018
3592314.0,0.0,13008338.0,13186709.0,178371.0,201809,CA,0203194010,47,47,70,70,3592314.0,0.0,13008338.0,9,2018
8236129.0,0.0,24243348.0,24526108.0,283070.0,201809,CA,0203194090,47,47,70,70,8309870.0,0.0,24378987.0,9,2018
35286.0,0.0,70582.0,70584.0,2.0,201809,CA,0203221000,47,47,70,70,35286.0,0.0,70582.0,9,2018
151778.0,0.0,300883.0,312128.0,11345.0,201809,CA,0203229000,47,47,70,70,169466.0,0.0,349236.0,9,2018
113353.0,0.0,203684.0,204187.0,503.0,201809,CA,0203292000,47,47,70,70,113353.0,0.0,203684.0,9,2018
2601624.0,0.0,5959824.0,6061004.0,101580.0,201809,CA,0203294000,47,47,70,70,2674382.0,0.0,6057611.0,9,2018
0.0,0.0,0.0,0.0,100.0,201810,CA,0203110000,47,47,70,70,18368.0,0.0,30573.0,10,2018
177693.0,0.0,580132.0,581837.0,1705.0,201810,CA,0203121010,47,47,70,70,177693.0,0.0,580132.0,10,2018
5190.0,0.0,10870.0,10949.0,79.0,201810,CA,0203121020,47,47,70,70,5190.0,0.0,10870.0,10,2018
2432464.0,0.0,5942608.0,6113011.0,174003.0,201810,CA,0203129010,47,47,70,70,3093036.0,0.0,7043216.0,10,2018
1104696.0,0.0,3216175.0,3306629.0,90554.0,201810,CA,0203129020,47,47,70,70,1123135.0,0.0,3265769.0,10,2018
73923.0,0.0,195366.0,196035.0,669.0,201810,CA,0203192010,47,47,70,70,73923.0,0.0,195366.0,10,2018
230957.0,0.0,739525.0,745980.0,6455.0,201810,CA,0203192090,47,47,70,70,230957.0,0.0,739525.0,10,2018
3725956.0,0.0,16201960.0,16395488.0,193628.0,201810,CA,0203194010,47,47,70,70,3730331.0,0.0,16220773.0,10,2018
8547410.0,0.0,25786410.0,26085844.0,299534.0,201810,CA,0203194090,47,47,70,70,8565918.0,0.0,25834556.0,10,2018
151145.0,0.0,294466.0,312725.0,18259.0,201810,CA,0203229000,47,47,70,70,151145.0,0.0,294466.0,10,2018
121546.0,0.0,266933.0,267800.0,867.0,201810,CA,0203292000,47,47,70,70,121546.0,0.0,266933.0,10,2018
3967392.0,0.0,8700024.0,9005366.0,305742.0,201810,CA,0203294000,47,47,70,70,4041542.0,0.0,8869248.0,10,2018
145834.0,0.0,481272.0,482627.0,1355.0,201811,CA,0203121010,47,47,70,70,145834.0,0.0,481272.0,11,2018
2008777.0,0.0,4942568.0,5100513.0,162045.0,201811,CA,0203129010,47,47,70,70,2762357.0,0.0,6133067.0,11,2018
1280584.0,0.0,3704991.0,3803744.0,98853.0,201811,CA,0203129020,47,47,70,70,1298785.0,0.0,3753143.0,11,2018
18488.0,0.0,65037.0,65237.0,300.0,201811,CA,0203192010,47,47,70,70,35469.0,0.0,101351.0,11,2018
150745.0,0.0,523078.0,528278.0,5200.0,201811,CA,0203192090,47,47,70,70,150745.0,0.0,523078.0,11,2018
3856369.0,0.0,16118687.0,16301933.0,183646.0,201811,CA,0203194010,47,47,70,70,3873889.0,0.0,16194022.0,11,2018
8190779.0,0.0,23479288.0,23732551.0,253363.0,201811,CA,0203194090,47,47,70,70,8208983.0,0.0,23516613.0,11,2018
36277.0,0.0,80565.0,80567.0,2.0,201811,CA,0203221000,47,47,70,70,36277.0,0.0,80565.0,11,2018
50811.0,0.0,106679.0,112605.0,5926.0,201811,CA,0203229000,47,47,70,70,50811.0,0.0,106679.0,11,2018
110414.0,0.0,240521.0,240989.0,468.0,201811,CA,0203292000,47,47,70,70,110414.0,0.0,240521.0,11,2018
2849844.0,0.0,6672785.0,6844124.0,171939.0,201811,CA,0203294000,47,47,70,70,2960274.0,0.0,6919573.0,11,2018
109923.0,0.0,382593.0,383641.0,1048.0,201812,CA,0203121010,47,47,70,70,109923.0,0.0,382593.0,12,2018
1724934.0,0.0,4116702.0,4226733.0,113631.0,201812,CA,0203129010,47,47,70,70,2381901.0,0.0,5184956.0,12,2018
1066939.0,0.0,2988354.0,3062268.0,73914.0,201812,CA,0203129020,47,47,70,70,1066939.0,0.0,2988354.0,12,2018
4711.0,0.0,20201.0,20717.0,516.0,201812,CA,0203192010,47,47,70,70,4711.0,0.0,20201.0,12,2018
149599.0,0.0,556417.0,561654.0,5237.0,201812,CA,0203192090,47,47,70,70,149599.0,0.0,556417.0,12,2018
3798648.0,0.0,15529429.0,15702705.0,173276.0,201812,CA,0203194010,47,47,70,70,3798648.0,0.0,15529429.0,12,2018
7998229.0,0.0,22784871.0,23027788.0,243117.0,201812,CA,0203194090,47,47,70,70,8034867.0,0.0,22839512.0,12,2018
322122.0,0.0,537862.0,581218.0,43356.0,201812,CA,0203229000,47,47,70,70,322122.0,0.0,537862.0,12,2018
206811.0,0.0,433434.0,434514.0,1080.0,201812,CA,0203292000,47,47,70,70,206811.0,0.0,433434.0,12,2018
2293705.0,0.0,5191323.0,5351733.0,160810.0,201812,CA,0203294000,47,47,70,70,2367291.0,0.0,5354936.0,12,2018
111000.0,0.0,339704.0,340789.0,1085.0,201901,CA,0203121010,47,47,70,70,111000.0,0.0,339704.0,1,2019
18168.0,0.0,34445.0,34645.0,200.0,201901,CA,0203121020,47,47,70,70,18168.0,0.0,34445.0,1,2019
1449018.0,0.0,3773746.0,3881010.0,110064.0,201901,CA,0203129010,47,47,70,70,1961488.0,0.0,4539767.0,1,2019
1015473.0,0.0,2766104.0,2848203.0,82099.0,201901,CA,0203129020,47,47,70,70,1015473.0,0.0,2766104.0,1,2019
38474.0,0.0,109350.0,109657.0,307.0,201901,CA,0203192010,47,47,70,70,38474.0,0.0,109350.0,1,2019
135720.0,0.0,534199.0,538342.0,4143.0,201901,CA,0203192090,47,47,70,70,135720.0,0.0,534199.0,1,2019
3591474.0,0.0,15086547.0,15259857.0,173510.0,201901,CA,0203194010,47,47,70,70,3600880.0,0.0,15124173.0,1,2019
8168100.0,0.0,23219548.0,23455174.0,236026.0,201901,CA,0203194090,47,47,70,70,8242340.0,0.0,23367725.0,1,2019
478505.0,0.0,957513.0,1002171.0,44658.0,201901,CA,0203229000,47,47,70,70,478505.0,0.0,957513.0,1,2019
153116.0,0.0,415801.0,417489.0,1688.0,201901,CA,0203292000,47,47,70,70,153116.0,0.0,415801.0,1,2019
3048626.0,0.0,6709875.0,6968968.0,259493.0,201901,CA,0203294000,47,47,70,70,3121641.0,0.0,6837809.0,1,2019
124066.0,0.0,373850.0,375212.0,1362.0,201902,CA,0203121010,47,47,70,70,124066.0,0.0,373850.0,2,2019
18653.0,0.0,33310.0,33510.0,200.0,201902,CA,0203121020,47,47,70,70,18653.0,0.0,33310.0,2,2019
1205124.0,0.0,3045360.0,3151796.0,108336.0,201902,CA,0203129010,47,47,70,70,1552853.0,0.0,3554629.0,2,2019
881025.0,0.0,2250207.0,2329074.0,78867.0,201902,CA,0203129020,47,47,70,70,881025.0,0.0,2250207.0,2,2019
130797.0,0.0,391557.0,392707.0,1150.0,201902,CA,0203192010,47,47,70,70,130797.0,0.0,391557.0,2,2019
88810.0,0.0,297583.0,301029.0,3446.0,201902,CA,0203192090,47,47,70,70,88810.0,0.0,297583.0,2,2019
3312381.0,0.0,12690506.0,12860217.0,169811.0,201902,CA,0203194010,47,47,70,70,3317098.0,0.0,12709375.0,2,2019
7904010.0,0.0,21322992.0,21580440.0,257848.0,201902,CA,0203194090,47,47,70,70,7977068.0,0.0,21453872.0,2,2019
480535.0,0.0,881496.0,917635.0,36139.0,201902,CA,0203229000,47,47,70,70,480535.0,0.0,881496.0,2,2019
146057.0,0.0,304199.0,304798.0,599.0,201902,CA,0203292000,47,47,70,70,146057.0,0.0,304199.0,2,2019
2779654.0,0.0,6769501.0,6926039.0,156938.0,201902,CA,0203294000,47,47,70,70,2852649.0,0.0,6861446.0,2,2019
133433.0,0.0,436283.0,437689.0,1406.0,201903,CA,0203121010,47,47,70,70,133433.0,0.0,436283.0,3,2019
1339238.0,0.0,3578045.0,3697844.0,121499.0,201903,CA,0203129010,47,47,70,70,1651314.0,0.0,4186462.0,3,2019
900945.0,0.0,2330894.0,2425822.0,95028.0,201903,CA,0203129020,47,47,70,70,919101.0,0.0,2367318.0,3,2019
162878.0,0.0,484665.0,486584.0,1919.0,201903,CA,0203192010,47,47,70,70,162878.0,0.0,484665.0,3,2019
204094.0,0.0,795563.0,804560.0,8997.0,201903,CA,0203192090,47,47,70,70,204094.0,0.0,795563.0,3,2019
3369426.0,0.0,13485994.0,13668831.0,182937.0,201903,CA,0203194010,47,47,70,70,3374087.0,0.0,13504637.0,3,2019
7891320.0,0.0,22161731.0,22428350.0,266719.0,201903,CA,0203194090,47,47,70,70,7909194.0,0.0,22197589.0,3,2019
134182.0,0.0,211448.0,229133.0,17785.0,201903,CA,0203229000,47,47,70,70,152368.0,0.0,250739.0,3,2019
154914.0,0.0,398939.0,400062.0,1123.0,201903,CA,0203292000,47,47,70,70,154914.0,0.0,398939.0,3,2019
3937266.0,0.0,8355093.0,8696071.0,341478.0,201903,CA,0203294000,47,47,70,70,4028864.0,0.0,8510301.0,3,2019
123861.0,0.0,455236.0,456443.0,1207.0,201904,CA,0203121010,47,47,70,70,123861.0,0.0,455236.0,4,2019
1216940.0,0.0,3451208.0,3571695.0,122287.0,201904,CA,0203129010,47,47,70,70,1546084.0,0.0,4090327.0,4,2019
674610.0,0.0,2015042.0,2093462.0,78420.0,201904,CA,0203129020,47,47,70,70,674610.0,0.0,2015042.0,4,2019
121283.0,0.0,444918.0,446418.0,1600.0,201904,CA,0203192010,47,47,70,70,138302.0,0.0,480186.0,4,2019
193120.0,0.0,861031.0,867070.0,6039.0,201904,CA,0203192090,47,47,70,70,193120.0,0.0,861031.0,4,2019
2818032.0,0.0,13077068.0,13248632.0,171664.0,201904,CA,0203194010,47,47,70,70,2822735.0,0.0,13095881.0,4,2019
7178370.0,0.0,23070305.0,23306342.0,236037.0,201904,CA,0203194090,47,47,70,70,7178370.0,0.0,23070305.0,4,2019
119051.0,0.0,227197.0,234828.0,7631.0,201904,CA,0203229000,47,47,70,70,119051.0,0.0,227197.0,4,2019
59314.0,0.0,220571.0,221063.0,492.0,201904,CA,0203292000,47,47,70,70,59314.0,0.0,220571.0,4,2019
2557626.0,0.0,6244680.0,6429238.0,184858.0,201904,CA,0203294000,47,47,70,70,2612327.0,0.0,6365075.0,4,2019
124026.0,0.0,501197.0,502421.0,1424.0,201905,CA,0203121010,47,47,70,70,143585.0,0.0,567699.0,5,2019
1575267.0,0.0,4659837.0,4786011.0,129674.0,201905,CA,0203129010,47,47,70,70,2217140.0,0.0,5972242.0,5,2019
932586.0,0.0,2825378.0,2918261.0,92883.0,201905,CA,0203129020,47,47,70,70,932586.0,0.0,2825378.0,5,2019
132864.0,0.0,522808.0,525045.0,2237.0,201905,CA,0203192010,47,47,70,70,132864.0,0.0,522808.0,5,2019
148360.0,0.0,538551.0,544363.0,5812.0,201905,CA,0203192090,47,47,70,70,148360.0,0.0,538551.0,5,2019
2903807.0,0.0,12486827.0,12637256.0,150429.0,201905,CA,0203194010,47,47,70,70,2903807.0,0.0,12486827.0,5,2019
8015611.0,0.0,25548177.0,25829059.0,281282.0,201905,CA,0203194090,47,47,70,70,8088087.0,0.0,25697928.0,5,2019
183833.0,0.0,486321.0,505950.0,19629.0,201905,CA,0203229000,47,47,70,70,183833.0,0.0,486321.0,5,2019
55118.0,0.0,228851.0,229301.0,450.0,201905,CA,0203292000,47,47,70,70,55118.0,0.0,228851.0,5,2019
2061549.0,0.0,5670786.0,5787890.0,117404.0,201905,CA,0203294000,47,47,70,70,2116156.0,0.0,5769651.0,5,2019
159176.0,0.0,682115.0,683565.0,1450.0,201906,CA,0203121010,47,47,70,70,159176.0,0.0,682115.0,6,2019
2047971.0,0.0,5571571.0,5707120.0,138359.0,201906,CA,0203129010,47,47,70,70,2580938.0,0.0,6600828.0,6,2019
1156666.0,0.0,3343765.0,3437533.0,93768.0,201906,CA,0203129020,47,47,70,70,1156666.0,0.0,3343765.0,6,2019
110478.0,0.0,345935.0,347083.0,1148.0,201906,CA,0203192010,47,47,70,70,110478.0,0.0,345935.0,6,2019
179727.0,0.0,616818.0,623856.0,7038.0,201906,CA,0203192090,47,47,70,70,179727.0,0.0,616818.0,6,2019
3032387.0,0.0,11718994.0,11883379.0,164585.0,201906,CA,0203194010,47,47,70,70,3069583.0,0.0,11780265.0,6,2019
7476633.0,0.0,22313495.0,22564319.0,250924.0,201906,CA,0203194090,47,47,70,70,7495283.0,0.0,22352555.0,6,2019
227207.0,0.0,576525.0,594708.0,18183.0,201906,CA,0203229000,47,47,70,70,227207.0,0.0,576525.0,6,2019
36735.0,0.0,144155.0,144455.0,300.0,201906,CA,0203292000,47,47,70,70,36735.0,0.0,144155.0,6,2019
2431393.0,0.0,6225349.0,6416024.0,190875.0,201906,CA,0203294000,47,47,70,70,2468035.0,0.0,6285934.0,6,2019
150468.0,0.0,549841.0,551303.0,1462.0,201907,CA,0203121010,47,47,70,70,150468.0,0.0,549841.0,7,2019
3079759.0,0.0,6664657.0,6838653.0,178796.0,201907,CA,0203129010,47,47,70,70,3961132.0,0.0,8177130.0,7,2019
1214993.0,0.0,3276995.0,3364171.0,87176.0,201907,CA,0203129020,47,47,70,70,1214993.0,0.0,3276995.0,7,2019
74981.0,0.0,167849.0,168449.0,600.0,201907,CA,0203192010,47,47,70,70,74981.0,0.0,167849.0,7,2019
167102.0,0.0,579337.0,583466.0,4129.0,201907,CA,0203192090,47,47,70,70,167102.0,0.0,579337.0,7,2019
2764424.0,0.0,10550266.0,10698181.0,148115.0,201907,CA,0203194010,47,47,70,70,2774031.0,0.0,10588691.0,7,2019
7962744.0,0.0,22107293.0,22403719.0,296826.0,201907,CA,0203194090,47,47,70,70,8004958.0,0.0,22196856.0,7,2019
175912.0,0.0,399486.0,418102.0,18616.0,201907,CA,0203229000,47,47,70,70,175912.0,0.0,399486.0,7,2019
56415.0,0.0,194983.0,195457.0,474.0,201907,CA,0203292000,47,47,70,70,56415.0,0.0,194983.0,7,2019
2559585.0,0.0,6387006.0,6505058.0,118452.0,201907,CA,0203294000,47,47,70,70,2633708.0,0.0,6512114.0,7,2019
92991.0,0.0,407557.0,408434.0,877.0,201908,CA,0203121010,47,47,70,70,92991.0,0.0,407557.0,8,2019
3457692.0,0.0,8764537.0,8964574.0,203437.0,201908,CA,0203129010,47,47,70,70,4079542.0,0.0,9929340.0,8,2019
1302873.0,0.0,3599492.0,3690846.0,91354.0,201908,CA,0203129020,47,47,70,70,1302873.0,0.0,3599492.0,8,2019
173391.0,0.0,440713.0,442213.0,1500.0,201908,CA,0203192010,47,47,70,70,173391.0,0.0,440713.0,8,2019
206473.0,0.0,972941.0,982035.0,9094.0,201908,CA,0203192090,47,47,70,70,206473.0,0.0,972941.0,8,2019
2975060.0,0.0,14404192.0,14581390.0,177398.0,201908,CA,0203194010,47,47,70,70,2998268.0,0.0,14459877.0,8,2019
8028469.0,0.0,23816033.0,24133776.0,317743.0,201908,CA,0203194090,47,47,70,70,8028469.0,0.0,23816033.0,8,2019
2690.0,0.0,2774.0,2829.0,55.0,201908,CA,0203221000,47,47,70,70,2690.0,0.0,2774.0,8,2019
288338.0,0.0,618770.0,648737.0,29967.0,201908,CA,0203229000,47,47,70,70,288338.0,0.0,618770.0,8,2019
85340.0,0.0,300688.0,301589.0,901.0,201908,CA,0203292000,47,47,70,70,85340.0,0.0,300688.0,8,2019
2129886.0,0.0,4883947.0,5036566.0,153219.0,201908,CA,0203294000,47,47,70,70,2239331.0,0.0,4984319.0,8,2019
121929.0,0.0,422298.0,423514.0,1216.0,201909,CA,0203121010,47,47,70,70,121929.0,0.0,422298.0,9,2019
3238865.0,0.0,6916241.0,7092802.0,178861.0,201909,CA,0203129010,47,47,70,70,3660281.0,0.0,7579841.0,9,2019
1235756.0,0.0,3336248.0,3420826.0,84678.0,201909,CA,0203129020,47,47,70,70,1254252.0,0.0,3376209.0,9,2019
89784.0,0.0,219840.0,220590.0,750.0,201909,CA,0203192010,47,47,70,70,89784.0,0.0,219840.0,9,2019
165765.0,0.0,544556.0,553846.0,9290.0,201909,CA,0203192090,47,47,70,70,165765.0,0.0,544556.0,9,2019
2826786.0,0.0,10884234.0,11044649.0,160515.0,201909,CA,0203194010,47,47,70,70,2831604.0,0.0,10903504.0,9,2019
7879622.0,0.0,21721553.0,21991599.0,270146.0,201909,CA,0203194090,47,47,70,70,7897517.0,0.0,21755086.0,9,2019
17988.0,0.0,35691.0,35891.0,200.0,201909,CA,0203221000,47,47,70,70,17988.0,0.0,35691.0,9,2019
576673.0,0.0,1185458.0,1216272.0,30814.0,201909,CA,0203229000,47,47,70,70,576673.0,0.0,1185458.0,9,2019
104156.0,0.0,376609.0,377448.0,839.0,201909,CA,0203292000,47,47,70,70,104156.0,0.0,376609.0,9,2019
2973633.0,0.0,6374029.0,6538076.0,164847.0,201909,CA,0203294000,47,47,70,70,3117903.0,0.0,6498510.0,9,2019
200741.0,0.0,791236.0,793227.0,1991.0,201910,CA,0203121010,47,47,70,70,200741.0,0.0,791236.0,10,2019
2656881.0,0.0,6710500.0,6885090.0,178690.0,201910,CA,0203129010,47,47,70,70,3409137.0,0.0,7982937.0,10,2019
1399883.0,0.0,3510687.0,3587823.0,77136.0,201910,CA,0203129020,47,47,70,70,1399883.0,0.0,3510687.0,10,2019
88174.0,0.0,291297.0,292824.0,1527.0,201910,CA,0203192010,47,47,70,70,88174.0,0.0,291297.0,10,2019
220245.0,0.0,875652.0,884087.0,8435.0,201910,CA,0203192090,47,47,70,70,220245.0,0.0,875652.0,10,2019
2691124.0,0.0,11731854.0,11895349.0,163995.0,201910,CA,0203194010,47,47,70,70,2755285.0,0.0,11873393.0,10,2019
8441286.0,0.0,22482933.0,22771821.0,289288.0,201910,CA,0203194090,47,47,70,70,8486564.0,0.0,22577726.0,10,2019
762156.0,0.0,1663452.0,1708228.0,44776.0,201910,CA,0203229000,47,47,70,70,762156.0,0.0,1663452.0,10,2019
128744.0,0.0,463315.0,464460.0,1145.0,201910,CA,0203292000,47,47,70,70,128744.0,0.0,463315.0,10,2019
3278462.0,0.0,7588885.0,7803579.0,215894.0,201910,CA,0203294000,47,47,70,70,3458527.0,0.0,7828995.0,10,2019
258315.0,0.0,995702.0,997539.0,1837.0,201911,CA,0203121010,47,47,70,70,258315.0,0.0,995702.0,11,2019
2527749.0,0.0,7949345.0,8109108.0,164763.0,201911,CA,0203129010,47,47,70,70,3448099.0,0.0,9915292.0,11,2019
877845.0,0.0,2517946.0,2601257.0,83611.0,201911,CA,0203129020,47,47,70,70,932061.0,0.0,2650980.0,11,2019
122204.0,0.0,445315.0,446569.0,1254.0,201911,CA,0203192010,47,47,70,70,122204.0,0.0,445315.0,11,2019
198594.0,0.0,671652.0,681396.0,9744.0,201911,CA,0203192090,47,47,70,70,198594.0,0.0,671652.0,11,2019
2929877.0,0.0,12356558.0,12567097.0,210939.0,201911,CA,0203194010,47,47,70,70,2988502.0,0.0,12467139.0,11,2019
7640984.0,0.0,22149794.0,22410420.0,261126.0,201911,CA,0203194090,47,47,70,70,7717326.0,0.0,22303957.0,11,2019
18074.0,0.0,30682.0,30882.0,200.0,201911,CA,0203221000,47,47,70,70,18074.0,0.0,30682.0,11,2019
1174090.0,0.0,2322047.0,2407604.0,85557.0,201911,CA,0203229000,47,47,70,70,1174090.0,0.0,2322047.0,11,2019
147237.0,0.0,549909.0,551430.0,1521.0,201911,CA,0203292000,47,47,70,70,147237.0,0.0,549909.0,11,2019
3380508.0,0.0,7490175.0,7769451.0,280476.0,201911,CA,0203294000,47,47,70,70,3599662.0,0.0,7775818.0,11,2019
244971.0,0.0,907132.0,908657.0,1525.0,201912,CA,0203121010,47,47,70,70,244971.0,0.0,907132.0,12,2019
2513026.0,0.0,7236801.0,7368796.0,135595.0,201912,CA,0203129010,47,47,70,70,3173070.0,0.0,8565400.0,12,2019
754187.0,0.0,2299244.0,2376399.0,77155.0,201912,CA,0203129020,47,47,70,70,754187.0,0.0,2299244.0,12,2019
130189.0,0.0,526133.0,527758.0,1625.0,201912,CA,0203192010,47,47,70,70,130189.0,0.0,526133.0,12,2019
144307.0,0.0,479280.0,485073.0,5893.0,201912,CA,0203192090,47,47,70,70,162462.0,0.0,498091.0,12,2019
3130093.0,0.0,12080975.0,12253314.0,172439.0,201912,CA,0203194010,47,47,70,70,3135146.0,0.0,12101188.0,12,2019
7375599.0,0.0,22001538.0,22236471.0,235433.0,201912,CA,0203194090,47,47,70,70,7465471.0,0.0,22172467.0,12,2019
726517.0,0.0,1798062.0,1843957.0,45895.0,201912,CA,0203229000,47,47,70,70,726517.0,0.0,1798062.0,12,2019
127351.0,0.0,484997.0,486308.0,1311.0,201912,CA,0203292000,47,47,70,70,127351.0,0.0,484997.0,12,2019
2171514.0,0.0,5555720.0,5695713.0,140393.0,201912,CA,0203294000,47,47,70,70,2244325.0,0.0,5651963.0,12,2019
204121.0,0.0,849018.0,850898.0,1880.0,202001,CA,0203121010,47,47,70,70,204121.0,0.0,849018.0,1,2020
2198312.0,0.0,6201843.0,6332685.0,133642.0,202001,CA,0203129010,47,47,70,70,2711742.0,0.0,7137437.0,1,2020
941727.0,0.0,3082225.0,3162810.0,80585.0,202001,CA,0203129020,47,47,70,70,941727.0,0.0,3082225.0,1,2020
160191.0,0.0,678196.0,681277.0,3081.0,202001,CA,0203192010,47,47,70,70,160191.0,0.0,678196.0,1,2020
195761.0,0.0,648882.0,656218.0,7336.0,202001,CA,0203192090,47,47,70,70,195761.0,0.0,648882.0,1,2020
3463166.0,0.0,13032500.0,13209971.0,177571.0,202001,CA,0203194010,47,47,70,70,3468470.0,0.0,13053716.0,1,2020
7551044.0,0.0,22610425.0,22873646.0,263621.0,202001,CA,0203194090,47,47,70,70,7624333.0,0.0,22731656.0,1,2020
729921.0,0.0,2014269.0,2052122.0,37853.0,202001,CA,0203229000,47,47,70,70,729921.0,0.0,2014269.0,1,2020
18482.0,0.0,80750.0,80936.0,186.0,202001,CA,0203292000,47,47,70,70,18482.0,0.0,80750.0,1,2020
1944733.0,0.0,5275524.0,5360680.0,85756.0,202001,CA,0203294000,47,47,70,70,2054789.0,0.0,5375475.0,1,2020
191358.0,0.0,735418.0,737216.0,1798.0,202002,CA,0203121010,47,47,70,70,191358.0,0.0,735418.0,2,2020
1645962.0,0.0,4528808.0,4617336.0,91028.0,202002,CA,0203129010,47,47,70,70,2088727.0,0.0,5215402.0,2,2020
993476.0,0.0,2982103.0,3059128.0,77125.0,202002,CA,0203129020,47,47,70,70,1009081.0,0.0,3009110.0,2,2020
127867.0,0.0,530757.0,533941.0,3184.0,202002,CA,0203192010,47,47,70,70,127867.0,0.0,530757.0,2,2020
222815.0,0.0,621084.0,627044.0,5960.0,202002,CA,0203192090,47,47,70,70,222815.0,0.0,621084.0,2,2020
3493506.0,0.0,11969635.0,12129827.0,160492.0,202002,CA,0203194010,47,47,70,70,3535441.0,0.0,12075494.0,2,2020
7732998.0,0.0,20937581.0,21187832.0,250251.0,202002,CA,0203194090,47,47,70,70,7732998.0,0.0,20937581.0,2,2020
686163.0,0.0,1456263.0,1514780.0,58517.0,202002,CA,0203229000,47,47,70,70,686163.0,0.0,1456263.0,2,2020
52022.0,0.0,88740.0,95670.0,6930.0,202002,CA,0203292000,47,47,70,70,52022.0,0.0,88740.0,2,2020
1932320.0,0.0,5432864.0,5514273.0,81809.0,202002,CA,0203294000,47,47,70,70,2005375.0,0.0,5502009.0,2,2020
201563.0,0.0,741403.0,743294.0,1891.0,202003,CA,0203121010,47,47,70,70,201563.0,0.0,741403.0,3,2020
1589917.0,0.0,4817765.0,4920912.0,103847.0,202003,CA,0203129010,47,47,70,70,1717603.0,0.0,5012764.0,3,2020
1073992.0,0.0,3525174.0,3612768.0,87594.0,202003,CA,0203129020,47,47,70,70,1073992.0,0.0,3525174.0,3,2020
82796.0,0.0,358512.0,361066.0,2554.0,202003,CA,0203192010,47,47,70,70,82796.0,0.0,358512.0,3,2020
93458.0,0.0,299186.0,301699.0,2513.0,202003,CA,0203192090,47,47,70,70,93458.0,0.0,299186.0,3,2020
3061034.0,0.0,10808649.0,10973113.0,165064.0,202003,CA,0203194010,47,47,70,70,3142170.0,0.0,10949045.0,3,2020
8062187.0,0.0,22236152.0,22504062.0,268110.0,202003,CA,0203194090,47,47,70,70,8098149.0,0.0,22320187.0,3,2020
507472.0,0.0,1046474.0,1086088.0,39614.0,202003,CA,0203229000,47,47,70,70,507472.0,0.0,1046474.0,3,2020
18601.0,0.0,79536.0,79736.0,200.0,202003,CA,0203292000,47,47,70,70,18601.0,0.0,79536.0,3,2020
2019137.0,0.0,5997570.0,6128905.0,131735.0,202003,CA,0203294000,47,47,70,70,2091816.0,0.0,6094627.0,3,2020
173158.0,0.0,468535.0,470244.0,1709.0,202004,CA,0203121010,47,47,70,70,173158.0,0.0,468535.0,4,2020
1550836.0,0.0,3852522.0,3930149.0,77927.0,202004,CA,0203129010,47,47,70,70,1605732.0,0.0,3906124.0,4,2020
952804.0,0.0,2984796.0,3054789.0,70193.0,202004,CA,0203129020,47,47,70,70,972549.0,0.0,3036134.0,4,2020
65868.0,0.0,303716.0,305160.0,1444.0,202004,CA,0203192010,47,47,70,70,65868.0,0.0,303716.0,4,2020
79163.0,0.0,203614.0,205090.0,1476.0,202004,CA,0203192090,47,47,70,70,79163.0,0.0,203614.0,4,2020
1803847.0,0.0,5890069.0,6003344.0,113275.0,202004,CA,0203194010,47,47,70,70,1803847.0,0.0,5890069.0,4,2020
5502892.0,0.0,15270581.0,15499904.0,229823.0,202004,CA,0203194090,47,47,70,70,5592321.0,0.0,15384052.0,4,2020
647276.0,0.0,1723341.0,1761748.0,38407.0,202004,CA,0203229000,47,47,70,70,647276.0,0.0,1723341.0,4,2020
6501.0,0.0,14034.0,14109.0,75.0,202004,CA,0203292000,47,47,70,70,6501.0,0.0,14034.0,4,2020
2180662.0,0.0,6023115.0,6181468.0,158753.0,202004,CA,0203294000,47,47,70,70,2253968.0,0.0,6080619.0,4,2020
476700.0,0.0,1407451.0,1410742.0,3291.0,202005,CA,0203121010,47,47,70,70,476700.0,0.0,1407451.0,5,2020
3104784.0,0.0,6392004.0,6507990.0,117286.0,202005,CA,0203129010,47,47,70,70,3342698.0,0.0,6693389.0,5,2020
2157782.0,0.0,7738733.0,7827362.0,88829.0,202005,CA,0203129020,47,47,70,70,2171750.0,0.0,7775048.0,5,2020
135636.0,0.0,635643.0,638528.0,2885.0,202005,CA,0203192010,47,47,70,70,135636.0,0.0,635643.0,5,2020
402455.0,0.0,1274818.0,1283177.0,8359.0,202005,CA,0203192090,47,47,70,70,402455.0,0.0,1274818.0,5,2020
2650483.0,0.0,10690058.0,10818085.0,128027.0,202005,CA,0203194010,47,47,70,70,2650483.0,0.0,10690058.0,5,2020
11860025.0,0.0,38703015.0,39032486.0,330071.0,202005,CA,0203194090,47,47,70,70,11969575.0,0.0,38899975.0,5,2020
405831.0,0.0,1085446.0,1132011.0,46565.0,202005,CA,0203229000,47,47,70,70,405831.0,0.0,1085446.0,5,2020
51534.0,0.0,103428.0,106808.0,3380.0,202005,CA,0203292000,47,47,70,70,51534.0,0.0,103428.0,5,2020
2961606.0,0.0,8591657.0,8734864.0,143807.0,202005,CA,0203294000,47,47,70,70,3071066.0,0.0,8757713.0,5,2020
36415.0,0.0,148821.0,149221.0,400.0,202006,CA,0203110000,47,47,70,70,36415.0,0.0,148821.0,6,2020
511218.0,0.0,1492315.0,1495361.0,3046.0,202006,CA,0203121010,47,47,70,70,511218.0,0.0,1492315.0,6,2020
1579172.0,0.0,4731306.0,4834236.0,103230.0,202006,CA,0203129010,47,47,70,70,1634095.0,0.0,4785182.0,6,2020
1418802.0,0.0,4072007.0,4141168.0,69661.0,202006,CA,0203129020,47,47,70,70,1473298.0,0.0,4179295.0,6,2020
94876.0,0.0,420106.0,422735.0,2629.0,202006,CA,0203192010,47,47,70,70,94876.0,0.0,420106.0,6,2020
483379.0,0.0,1505940.0,1514413.0,8473.0,202006,CA,0203192090,47,47,70,70,483379.0,0.0,1505940.0,6,2020
2289542.0,0.0,8343881.0,8452667.0,108886.0,202006,CA,0203194010,47,47,70,70,2294824.0,0.0,8365007.0,6,2020
8739117.0,0.0,25010983.0,25275687.0,265304.0,202006,CA,0203194090,47,47,70,70,8848286.0,0.0,25167282.0,6,2020
54360.0,0.0,328138.0,329140.0,1002.0,202006,CA,0203221000,47,47,70,70,54360.0,0.0,328138.0,6,2020
595508.0,0.0,1555750.0,1608704.0,52954.0,202006,CA,0203229000,47,47,70,70,595508.0,0.0,1555750.0,6,2020
2021941.0,0.0,5797819.0,5883729.0,87010.0,202006,CA,0203294000,47,47,70,70,2222267.0,0.0,6021340.0,6,2020
387425.0,0.0,1139650.0,1142314.0,2664.0,202007,CA,0203121010,47,47,70,70,387425.0,0.0,1139650.0,7,2020
23500.0,0.0,57712.0,63205.0,5493.0,202007,CA,0203121020,47,47,70,70,23500.0,0.0,57712.0,7,2020
1522028.0,0.0,4372546.0,4469554.0,98008.0,202007,CA,0203129010,47,47,70,70,1705390.0,0.0,4571221.0,7,2020
1311898.0,0.0,3415704.0,3475832.0,60328.0,202007,CA,0203129020,47,47,70,70,1326088.0,0.0,3452599.0,7,2020
74442.0,0.0,341472.0,343406.0,1934.0,202007,CA,0203192010,47,47,70,70,74442.0,0.0,341472.0,7,2020
443446.0,0.0,1447288.0,1454043.0,6755.0,202007,CA,0203192090,47,47,70,70,443446.0,0.0,1447288.0,7,2020
2195852.0,0.0,8164727.0,8274120.0,110093.0,202007,CA,0203194010,47,47,70,70,2282050.0,0.0,8311659.0,7,2020
6551432.0,0.0,19167942.0,19404127.0,236385.0,202007,CA,0203194090,47,47,70,70,6587802.0,0.0,19223671.0,7,2020
18491.0,0.0,50959.0,50960.0,1.0,202007,CA,0203221000,47,47,70,70,18491.0,0.0,50959.0,7,2020
886961.0,0.0,2188996.0,2248521.0,59525.0,202007,CA,0203229000,47,47,70,70,886961.0,0.0,2188996.0,7,2020
10189.0,0.0,65379.0,65589.0,210.0,202007,CA,0203292000,47,47,70,70,10189.0,0.0,65379.0,7,2020
1772435.0,0.0,4894855.0,5061117.0,167262.0,202007,CA,0203294000,47,47,70,70,1945822.0,0.0,5105963.0,7,2020
269660.0,0.0,801389.0,803161.0,1772.0,202008,CA,0203121010,47,47,70,70,269660.0,0.0,801389.0,8,2020
1491651.0,0.0,3893019.0,3975026.0,82307.0,202008,CA,0203129010,47,47,70,70,1546767.0,0.0,3960257.0,8,2020
1160219.0,0.0,2817627.0,2872659.0,55732.0,202008,CA,0203129020,47,47,70,70,1215087.0,0.0,2960283.0,8,2020
127840.0,0.0,399242.0,402907.0,3665.0,202008,CA,0203192010,47,47,70,70,127840.0,0.0,399242.0,8,2020
949042.0,0.0,2507155.0,2530696.0,23541.0,202008,CA,0203192090,47,47,70,70,949042.0,0.0,2507155.0,8,2020
2234692.0,0.0,9062632.0,9167450.0,105018.0,202008,CA,0203194010,47,47,70,70,2271706.0,0.0,9110776.0,8,2020
7497124.0,0.0,21603900.0,21850871.0,247771.0,202008,CA,0203194090,47,47,70,70,7619734.0,0.0,21804409.0,8,2020
480689.0,0.0,1218059.0,1286163.0,68104.0,202008,CA,0203229000,47,47,70,70,480689.0,0.0,1218059.0,8,2020
111105.0,0.0,286411.0,301055.0,14644.0,202008,CA,0203292000,47,47,70,70,111105.0,0.0,286411.0,8,2020
1440748.0,0.0,4444561.0,4517858.0,73497.0,202008,CA,0203294000,47,47,70,70,1477465.0,0.0,4491957.0,8,2020
173110.0,0.0,525074.0,526432.0,1358.0,202009,CA,0203121010,47,47,70,70,173110.0,0.0,525074.0,9,2020
1625452.0,0.0,4585506.0,4667816.0,83410.0,202009,CA,0203129010,47,47,70,70,1826982.0,0.0,4927768.0,9,2020
1168029.0,0.0,3119471.0,3172863.0,53492.0,202009,CA,0203129020,47,47,70,70,1185444.0,0.0,3147882.0,9,2020
105665.0,0.0,296770.0,298843.0,2073.0,202009,CA,0203192010,47,47,70,70,105665.0,0.0,296770.0,9,2020
422105.0,0.0,1675925.0,1686092.0,10167.0,202009,CA,0203192090,47,47,70,70,422105.0,0.0,1675925.0,9,2020
2590265.0,0.0,10576160.0,10693146.0,116986.0,202009,CA,0203194010,47,47,70,70,2590265.0,0.0,10576160.0,9,2020
7252156.0,0.0,22253259.0,22505934.0,252875.0,202009,CA,0203194090,47,47,70,70,7288440.0,0.0,22296218.0,9,2020
281469.0,0.0,806739.0,816071.0,9332.0,202009,CA,0203229000,47,47,70,70,281469.0,0.0,806739.0,9,2020
1001.0,0.0,2562.0,2570.0,8.0,202009,CA,0203292000,47,47,70,70,1001.0,0.0,2562.0,9,2020
1309701.0,0.0,4137672.0,4174993.0,38021.0,202009,CA,0203294000,47,47,70,70,1458791.0,0.0,4297530.0,9,2020
167060.0,0.0,583180.0,584777.0,1597.0,202010,CA,0203121010,47,47,70,70,167060.0,0.0,583180.0,10,2020
2504066.0,0.0,6491325.0,6583234.0,94709.0,202010,CA,0203129010,47,47,70,70,3017024.0,0.0,7352447.0,10,2020
1630183.0,0.0,4558691.0,4624040.0,65349.0,202010,CA,0203129020,47,47,70,70,1630183.0,0.0,4558691.0,10,2020
171590.0,0.0,605775.0,608833.0,3058.0,202010,CA,0203192010,47,47,70,70,171590.0,0.0,605775.0,10,2020
660423.0,0.0,2138993.0,2152750.0,13757.0,202010,CA,0203192090,47,47,70,70,660423.0,0.0,2138993.0,10,2020
2834827.0,0.0,12855350.0,12966336.0,111086.0,202010,CA,0203194010,47,47,70,70,2839058.0,0.0,12872273.0,10,2020
8596838.0,0.0,28022986.0,28317935.0,295549.0,202010,CA,0203194090,47,47,70,70,8701871.0,0.0,28216824.0,10,2020
681403.0,0.0,1716724.0,1750601.0,33977.0,202010,CA,0203229000,47,47,70,70,700262.0,0.0,1749985.0,10,2020
66458.0,0.0,268154.0,269718.0,1564.0,202010,CA,0203292000,47,47,70,70,66458.0,0.0,268154.0,10,2020
1833913.0,0.0,5374078.0,5466582.0,92704.0,202010,CA,0203294000,47,47,70,70,1870224.0,0.0,5422520.0,10,2020
128048.0,0.0,525611.0,527063.0,1452.0,202011,CA,0203121010,47,47,70,70,128048.0,0.0,525611.0,11,2020
3016722.0,0.0,7457200.0,7566197.0,112297.0,202011,CA,0203129010,47,47,70,70,3619297.0,0.0,8509189.0,11,2020
1520166.0,0.0,3809356.0,3868782.0,60026.0,202011,CA,0203129020,47,47,70,70,1627035.0,0.0,3985126.0,11,2020
172456.0,0.0,546823.0,551972.0,5149.0,202011,CA,0203192010,47,47,70,70,172456.0,0.0,546823.0,11,2020
594948.0,0.0,1827734.0,1835559.0,7825.0,202011,CA,0203192090,47,47,70,70,594948.0,0.0,1827734.0,11,2020
2855744.0,0.0,11067063.0,11174409.0,107446.0,202011,CA,0203194010,47,47,70,70,2859976.0,0.0,11083992.0,11,2020
9015305.0,0.0,27235118.0,27492927.0,258709.0,202011,CA,0203194090,47,47,70,70,9179834.0,0.0,27500015.0,11,2020
0.0,0.0,0.0,0.0,200.0,202011,CA,0203221000,47,47,70,70,2540.0,0.0,50794.0,11,2020
585563.0,0.0,1231335.0,1290862.0,59627.0,202011,CA,0203229000,47,47,70,70,603563.0,0.0,1256732.0,11,2020
2022304.0,0.0,5559543.0,5715292.0,155949.0,202011,CA,0203294000,47,47,70,70,2059309.0,0.0,5612570.0,11,2020
172883.0,0.0,684758.0,686502.0,1844.0,202012,CA,0203121010,47,47,70,70,182239.0,0.0,716570.0,12,2020
0.0,0.0,0.0,0.0,100.0,202012,CA,0203121020,47,47,70,70,18414.0,0.0,32881.0,12,2020
2258766.0,0.0,5752559.0,5820465.0,70506.0,202012,CA,0203129010,47,47,70,70,2734523.0,0.0,6532960.0,12,2020
1314637.0,0.0,3325413.0,3373043.0,48730.0,202012,CA,0203129020,47,47,70,70,1453244.0,0.0,3594352.0,12,2020
178035.0,0.0,594212.0,599794.0,5582.0,202012,CA,0203192010,47,47,70,70,178035.0,0.0,594212.0,12,2020
351866.0,0.0,1013886.0,1018757.0,4871.0,202012,CA,0203192090,47,47,70,70,351866.0,0.0,1013886.0,12,2020
2361155.0,0.0,8187267.0,8273372.0,86105.0,202012,CA,0203194010,47,47,70,70,2361155.0,0.0,8187267.0,12,2020
7463452.0,0.0,20970001.0,21158841.0,189040.0,202012,CA,0203194090,47,47,70,70,7499207.0,0.0,21020857.0,12,2020
17035.0,0.0,46569.0,46570.0,101.0,202012,CA,0203221000,47,47,70,70,18305.0,0.0,71966.0,12,2020
609788.0,0.0,1367668.0,1420638.0,53070.0,202012,CA,0203229000,47,47,70,70,628301.0,0.0,1403789.0,12,2020
96790.0,0.0,204609.0,215733.0,11124.0,202012,CA,0203292000,47,47,70,70,96790.0,0.0,204609.0,12,2020
2547169.0,0.0,6472552.0,6676981.0,204629.0,202012,CA,0203294000,47,47,70,70,2583270.0,0.0,6522292.0,12,2020
239343.0,0.0,965564.0,967650.0,2086.0,202101,CA,0203121010,47,47,70,70,239343.0,0.0,965564.0,1,2021
2303162.0,0.0,6290315.0,6375724.0,87309.0,202101,CA,0203129010,47,47,70,70,2651202.0,0.0,6795663.0,1,2021
1225301.0,0.0,3324909.0,3381088.0,56279.0,202101,CA,0203129020,47,47,70,70,1244280.0,0.0,3354616.0,1,2021
125610.0,0.0,387610.0,392497.0,4887.0,202101,CA,0203192010,47,47,70,70,125610.0,0.0,387610.0,1,2021
578633.0,0.0,1714245.0,1725265.0,11020.0,202101,CA,0203192090,47,47,70,70,578633.0,0.0,1714245.0,1,2021
2954122.0,0.0,11256294.0,11375584.0,119290.0,202101,CA,0203194010,47,47,70,70,2954122.0,0.0,11256294.0,1,2021
8449783.0,0.0,24329557.0,24564905.0,235548.0,202101,CA,0203194090,47,47,70,70,8486376.0,0.0,24388854.0,1,2021
18497.0,0.0,50566.0,50567.0,1.0,202101,CA,0203221000,47,47,70,70,18497.0,0.0,50566.0,1,2021
315385.0,0.0,891178.0,907947.0,16769.0,202101,CA,0203229000,47,47,70,70,315385.0,0.0,891178.0,1,2021
165293.0,0.0,856349.0,857807.0,1458.0,202101,CA,0203292000,47,47,70,70,165293.0,0.0,856349.0,1,2021
2222957.0,0.0,6691988.0,6855457.0,163669.0,202101,CA,0203294000,47,47,70,70,2260378.0,0.0,6735115.0,1,2021
174685.0,0.0,693628.0,695313.0,2085.0,202102,CA,0203121010,47,47,70,70,214585.0,0.0,829287.0,2,2021
0.0,0.0,0.0,0.0,100.0,202102,CA,0203121020,47,47,70,70,18079.0,0.0,32682.0,2,2021
1770925.0,0.0,5757617.0,5851611.0,95494.0,202102,CA,0203129010,47,47,70,70,2043037.0,0.0,6218660.0,2,2021
1151580.0,0.0,3085593.0,3137196.0,53003.0,202102,CA,0203129020,47,47,70,70,1331130.0,0.0,3442215.0,2,2021
20055.0,0.0,108387.0,109467.0,1080.0,202102,CA,0203192010,47,47,70,70,20055.0,0.0,108387.0,2,2021
540376.0,0.0,2122550.0,2131842.0,9292.0,202102,CA,0203192090,47,47,70,70,540376.0,0.0,2122550.0,2,2021
2828737.0,0.0,11570254.0,11679520.0,109366.0,202102,CA,0203194010,47,47,70,70,2832739.0,0.0,11586263.0,2,2021
7192016.0,0.0,23331901.0,23561676.0,230475.0,202102,CA,0203194090,47,47,70,70,7303695.0,0.0,23508152.0,2,2021
483243.0,0.0,1145492.0,1189123.0,43731.0,202102,CA,0203229000,47,47,70,70,501740.0,0.0,1170571.0,2,2021
231238.0,0.0,1176461.0,1184348.0,7887.0,202102,CA,0203292000,47,47,70,70,231238.0,0.0,1176461.0,2,2021
2423245.0,0.0,6900707.0,7104828.0,204521.0,202102,CA,0203294000,47,47,70,70,2495114.0,0.0,6982669.0,2,2021
167029.0,0.0,647945.0,649786.0,1841.0,202103,CA,0203121010,47,47,70,70,167029.0,0.0,647945.0,3,2021
2733.0,0.0,14309.0,14310.0,101.0,202103,CA,0203121020,47,47,70,70,21116.0,0.0,48813.0,3,2021
2784153.0,0.0,7691105.0,7796612.0,108107.0,202103,CA,0203129010,47,47,70,70,3259651.0,0.0,8528567.0,3,2021
1855455.0,0.0,5210971.0,5277878.0,68507.0,202103,CA,0203129020,47,47,70,70,2123209.0,0.0,5734870.0,3,2021
37906.0,0.0,184862.0,185942.0,1080.0,202103,CA,0203192010,47,47,70,70,37906.0,0.0,184862.0,3,2021
762750.0,0.0,2901644.0,2911124.0,9480.0,202103,CA,0203192090,47,47,70,70,762750.0,0.0,2901644.0,3,2021
3221248.0,0.0,14905541.0,15020812.0,115271.0,202103,CA,0203194010,47,47,70,70,3221248.0,0.0,14905541.0,3,2021
8948243.0,0.0,29737470.0,29988470.0,251300.0,202103,CA,0203194090,47,47,70,70,9002997.0,0.0,29849298.0,3,2021
912725.0,0.0,2165562.0,2227531.0,61969.0,202103,CA,0203229000,47,47,70,70,912725.0,0.0,2165562.0,3,2021
18801.0,0.0,24529.0,26104.0,1575.0,202103,CA,0203292000,47,47,70,70,18801.0,0.0,24529.0,3,2021
2923128.0,0.0,8799631.0,9014720.0,215189.0,202103,CA,0203294000,47,47,70,70,2942041.0,0.0,8815892.0,3,2021
157244.0,0.0,630200.0,631733.0,1933.0,202104,CA,0203121010,47,47,70,70,229171.0,0.0,786679.0,4,2021
37640.0,0.0,117016.0,117018.0,2.0,202104,CA,0203121020,47,47,70,70,37640.0,0.0,117016.0,4,2021
1749256.0,0.0,6342594.0,6438730.0,99436.0,202104,CA,0203129010,47,47,70,70,2350993.0,0.0,7620054.0,4,2021
2088845.0,0.0,6121616.0,6197955.0,77539.0,202104,CA,0203129020,47,47,70,70,2307759.0,0.0,6538781.0,4,2021
148847.0,0.0,1016874.0,1020088.0,3214.0,202104,CA,0203192010,47,47,70,70,148847.0,0.0,1016874.0,4,2021
748210.0,0.0,2934880.0,2946071.0,11191.0,202104,CA,0203192090,47,47,70,70,748210.0,0.0,2934880.0,4,2021
3516247.0,0.0,17289347.0,17410425.0,121078.0,202104,CA,0203194010,47,47,70,70,3516247.0,0.0,17289347.0,4,2021
8103978.0,0.0,30692102.0,30924825.0,233323.0,202104,CA,0203194090,47,47,70,70,8215150.0,0.0,30929196.0,4,2021
18186.0,0.0,50118.0,50119.0,1.0,202104,CA,0203221000,47,47,70,70,18186.0,0.0,50118.0,4,2021
763620.0,0.0,1808241.0,1850319.0,42078.0,202104,CA,0203229000,47,47,70,70,763620.0,0.0,1808241.0,4,2021
129117.0,0.0,751791.0,752957.0,1166.0,202104,CA,0203292000,47,47,70,70,129117.0,0.0,751791.0,4,2021
2480386.0,0.0,9164290.0,9275470.0,111480.0,202104,CA,0203294000,47,47,70,70,2535487.0,0.0,9247144.0,4,2021
174677.0,0.0,696801.0,698460.0,1659.0,202105,CA,0203121010,47,47,70,70,174677.0,0.0,696801.0,5,2021
1518778.0,0.0,5405944.0,5471984.0,67340.0,202105,CA,0203129010,47,47,70,70,1755724.0,0.0,5904315.0,5,2021
1916205.0,0.0,6559522.0,6622252.0,64130.0,202105,CA,0203129020,47,47,70,70,2170473.0,0.0,7066548.0,5,2021
216611.0,0.0,1452051.0,1456861.0,4810.0,202105,CA,0203192010,47,47,70,70,216611.0,0.0,1452051.0,5,2021
874952.0,0.0,3183429.0,3193477.0,10048.0,202105,CA,0203192090,47,47,70,70,874952.0,0.0,3183429.0,5,2021
2600078.0,0.0,11945243.0,12029298.0,84055.0,202105,CA,0203194010,47,47,70,70,2600078.0,0.0,11945243.0,5,2021
7285811.0,0.0,28630869.0,28805908.0,175639.0,202105,CA,0203194090,47,47,70,70,7394350.0,0.0,28838913.0,5,2021
716809.0,0.0,1979239.0,2009782.0,30543.0,202105,CA,0203229000,47,47,70,70,716809.0,0.0,1979239.0,5,2021
71182.0,0.0,314864.0,315628.0,764.0,202105,CA,0203292000,47,47,70,70,71182.0,0.0,314864.0,5,2021
2370067.0,0.0,8185773.0,8301849.0,116276.0,202105,CA,0203294000,47,47,70,70,2407272.0,0.0,8288779.0,5,2021
163699.0,0.0,645326.0,646932.0,1806.0,202106,CA,0203121010,47,47,70,70,191416.0,0.0,718767.0,6,2021
0.0,0.0,0.0,0.0,100.0,202106,CA,0203121020,47,47,70,70,18404.0,0.0,40371.0,6,2021
2010266.0,0.0,6104501.0,6192855.0,90254.0,202106,CA,0203129010,47,47,70,70,2358777.0,0.0,6818173.0,6,2021
1949249.0,0.0,8989272.0,9059612.0,72340.0,202106,CA,0203129020,47,47,70,70,2312336.0,0.0,9943187.0,6,2021
73500.0,0.0,672410.0,673851.0,1441.0,202106,CA,0203192010,47,47,70,70,73500.0,0.0,672410.0,6,2021
489652.0,0.0,1836758.0,1846081.0,9323.0,202106,CA,0203192090,47,47,70,70,489652.0,0.0,1836758.0,6,2021
2729709.0,0.0,13552299.0,13647523.0,95324.0,202106,CA,0203194010,47,47,70,70,2747906.0,0.0,13578375.0,6,2021
9841229.0,0.0,41385962.0,41663020.0,277658.0,202106,CA,0203194090,47,47,70,70,9950463.0,0.0,41636313.0,6,2021
497227.0,0.0,1292829.0,1336443.0,43614.0,202106,CA,0203229000,47,47,70,70,497227.0,0.0,1292829.0,6,2021
94444.0,0.0,522386.0,526353.0,3967.0,202106,CA,0203292000,47,47,70,70,94444.0,0.0,522386.0,6,2021
2990239.0,0.0,9714971.0,9933772.0,219201.0,202106,CA,0203294000,47,47,70,70,3064548.0,0.0,9824664.0,6,2021
168776.0,0.0,678063.0,679718.0,1655.0,202107,CA,0203121010,47,47,70,70,168776.0,0.0,678063.0,7,2021
0.0,0.0,0.0,0.0,100.0,202107,CA,0203121020,47,47,70,70,18580.0,0.0,43418.0,7,2021
1998048.0,0.0,6157239.0,6246802.0,91163.0,202107,CA,0203129010,47,47,70,70,2292075.0,0.0,6793869.0,7,2021
1817946.0,0.0,6888956.0,6962213.0,75157.0,202107,CA,0203129020,47,47,70,70,2163762.0,0.0,7681428.0,7,2021
140306.0,0.0,1460981.0,1463244.0,2263.0,202107,CA,0203192010,47,47,70,70,140306.0,0.0,1460981.0,7,2021
613392.0,0.0,2342648.0,2350459.0,7811.0,202107,CA,0203192090,47,47,70,70,613392.0,0.0,2342648.0,7,2021
2644629.0,0.0,13013185.0,13109717.0,96732.0,202107,CA,0203194010,47,47,70,70,2666903.0,0.0,13055568.0,7,2021
9625372.0,0.0,33318184.0,33590654.0,272970.0,202107,CA,0203194090,47,47,70,70,9716484.0,0.0,33518217.0,7,2021
206522.0,0.0,655706.0,678777.0,23071.0,202107,CA,0203229000,47,47,70,70,206522.0,0.0,655706.0,7,2021
73529.0,0.0,483171.0,484047.0,876.0,202107,CA,0203292000,47,47,70,70,73529.0,0.0,483171.0,7,2021
3578707.0,0.0,11260498.0,11405689.0,145391.0,202107,CA,0203294000,47,47,70,70,3615717.0,0.0,11313127.0,7,2021
243585.0,0.0,992400.0,994298.0,1898.0,202108,CA,0203121010,47,47,70,70,243585.0,0.0,992400.0,8,2021
41544.0,0.0,125780.0,129519.0,3739.0,202108,CA,0203121020,47,47,70,70,41544.0,0.0,125780.0,8,2021
2637595.0,0.0,7500330.0,7616115.0,118585.0,202108,CA,0203129010,47,47,70,70,3141421.0,0.0,8430641.0,8,2021
2216860.0,0.0,7041925.0,7141316.0,100291.0,202108,CA,0203129020,47,47,70,70,2380628.0,0.0,7365470.0,8,2021
185558.0,0.0,1658617.0,1662057.0,3440.0,202108,CA,0203192010,47,47,70,70,185558.0,0.0,1658617.0,8,2021
799317.0,0.0,3507247.0,3520324.0,13077.0,202108,CA,0203192090,47,47,70,70,799317.0,0.0,3507247.0,8,2021
2902132.0,0.0,15050972.0,15171215.0,120843.0,202108,CA,0203194010,47,47,70,70,2969004.0,0.0,15193291.0,8,2021
12110597.0,0.0,42495700.0,42792852.0,297852.0,202108,CA,0203194090,47,47,70,70,12228542.0,0.0,42718820.0,8,2021
50421.0,0.0,109642.0,115834.0,6192.0,202108,CA,0203229000,47,47,70,70,50421.0,0.0,109642.0,8,2021
58246.0,0.0,253501.0,257934.0,4533.0,202108,CA,0203292000,47,47,70,70,76546.0,0.0,280723.0,8,2021
4262728.0,0.0,12882365.0,13095753.0,214188.0,202108,CA,0203294000,47,47,70,70,4389214.0,0.0,13075766.0,8,2021
483261.0,0.0,1889081.0,1891917.0,2836.0,202109,CA,0203121010,47,47,70,70,483261.0,0.0,1889081.0,9,2021
30984.0,0.0,125690.0,125692.0,2.0,202109,CA,0203121020,47,47,70,70,30984.0,0.0,125690.0,9,2021
2544471.0,0.0,7071623.0,7178193.0,109370.0,202109,CA,0203129010,47,47,70,70,3053535.0,0.0,7847858.0,9,2021
2011435.0,0.0,6241987.0,6327314.0,87027.0,202109,CA,0203129020,47,47,70,70,2312362.0,0.0,6755221.0,9,2021
139911.0,0.0,1029359.0,1032191.0,2832.0,202109,CA,0203192010,47,47,70,70,139911.0,0.0,1029359.0,9,2021
902873.0,0.0,3551245.0,3563314.0,12069.0,202109,CA,0203192090,47,47,70,70,902873.0,0.0,3551245.0,9,2021
4298256.0,0.0,18858626.0,18982875.0,124549.0,202109,CA,0203194010,47,47,70,70,4324428.0,0.0,18915757.0,9,2021
11267321.0,0.0,34125284.0,34453822.0,329438.0,202109,CA,0203194090,47,47,70,70,11395339.0,0.0,34338359.0,9,2021
470975.0,0.0,1146740.0,1217226.0,70486.0,202109,CA,0203229000,47,47,70,70,470975.0,0.0,1146740.0,9,2021
134132.0,0.0,850243.0,854590.0,4347.0,202109,CA,0203292000,47,47,70,70,134132.0,0.0,850243.0,9,2021
3956118.0,0.0,11610951.0,11831945.0,221594.0,202109,CA,0203294000,47,47,70,70,4066169.0,0.0,11795958.0,9,2021
964573.0,0.0,3595569.0,3600752.0,5183.0,202110,CA,0203121010,47,47,70,70,964573.0,0.0,3595569.0,10,2021
32558.0,0.0,57604.0,57605.0,1.0,202110,CA,0203121020,47,47,70,70,32558.0,0.0,57604.0,10,2021
3151407.0,0.0,8270083.0,8381291.0,114808.0,202110,CA,0203129010,47,47,70,70,3810178.0,0.0,9233212.0,10,2021
2248381.0,0.0,6545503.0,6634619.0,90416.0,202110,CA,0203129020,47,47,70,70,2432748.0,0.0,6948498.0,10,2021
168819.0,0.0,1103272.0,1106327.0,3155.0,202110,CA,0203192010,47,47,70,70,174922.0,0.0,1133787.0,10,2021
1071862.0,0.0,4329000.0,4344616.0,15716.0,202110,CA,0203192090,47,47,70,70,1090062.0,0.0,4359093.0,10,2021
5134231.0,0.0,24184662.0,24312851.0,128989.0,202110,CA,0203194010,47,47,70,70,5237467.0,0.0,24392862.0,10,2021
9570714.0,0.0,28543780.0,28850926.0,308246.0,202110,CA,0203194090,47,47,70,70,9755722.0,0.0,28837450.0,10,2021
539.0,0.0,12934.0,13015.0,81.0,202110,CA,0203221000,47,47,70,70,539.0,0.0,12934.0,10,2021
731271.0,0.0,1853549.0,1920686.0,67137.0,202110,CA,0203229000,47,47,70,70,731271.0,0.0,1853549.0,10,2021
267386.0,0.0,1339725.0,1345996.0,6371.0,202110,CA,0203292000,47,47,70,70,285686.0,0.0,1366352.0,10,2021
4631139.0,0.0,13228286.0,13461350.0,233964.0,202110,CA,0203294000,47,47,70,70,4795072.0,0.0,13569690.0,10,2021
758282.0,0.0,2957889.0,2961957.0,4068.0,202111,CA,0203121010,47,47,70,70,758282.0,0.0,2957889.0,11,2021
3320438.0,0.0,8014808.0,8116803.0,104595.0,202111,CA,0203129010,47,47,70,70,3795413.0,0.0,8728841.0,11,2021
1922229.0,0.0,5139624.0,5230187.0,91663.0,202111,CA,0203129020,47,47,70,70,2113224.0,0.0,5451569.0,11,2021
176907.0,0.0,1271202.0,1274727.0,3525.0,202111,CA,0203192010,47,47,70,70,176907.0,0.0,1271202.0,11,2021
1115750.0,0.0,4192449.0,4210191.0,17842.0,202111,CA,0203192090,47,47,70,70,1133960.0,0.0,4226975.0,11,2021
6017739.0,0.0,23834453.0,23960816.0,126963.0,202111,CA,0203194010,47,47,70,70,6042683.0,0.0,23934225.0,11,2021
9345947.0,0.0,26604866.0,26895617.0,291351.0,202111,CA,0203194090,47,47,70,70,9436053.0,0.0,26759495.0,11,2021
1929018.0,0.0,3853144.0,4116784.0,263640.0,202111,CA,0203229000,47,47,70,70,1929018.0,0.0,3853144.0,11,2021
220522.0,0.0,1155397.0,1162511.0,7114.0,202111,CA,0203292000,47,47,70,70,220522.0,0.0,1155397.0,11,2021
6114373.0,0.0,14926764.0,15341053.0,415189.0,202111,CA,0203294000,47,47,70,70,6271066.0,0.0,15187392.0,11,2021
683169.0,0.0,2741606.0,2745353.0,3747.0,202112,CA,0203121010,47,47,70,70,683169.0,0.0,2741606.0,12,2021
2768345.0,0.0,7103457.0,7197932.0,98375.0,202112,CA,0203129010,47,47,70,70,3476470.0,0.0,8118916.0,12,2021
1635768.0,0.0,4896335.0,4983862.0,89227.0,202112,CA,0203129020,47,47,70,70,1875718.0,0.0,5398325.0,12,2021
182777.0,0.0,1313512.0,1317112.0,3600.0,202112,CA,0203192010,47,47,70,70,182777.0,0.0,1313512.0,12,2021
916730.0,0.0,3164857.0,3173254.0,8397.0,202112,CA,0203192090,47,47,70,70,916730.0,0.0,3164857.0,12,2021
5363445.0,0.0,19330299.0,19446917.0,116818.0,202112,CA,0203194010,47,47,70,70,5371733.0,0.0,19363451.0,12,2021
9105594.0,0.0,25376036.0,25646125.0,270689.0,202112,CA,0203194090,47,47,70,70,9216331.0,0.0,25529251.0,12,2021
1573572.0,0.0,3296790.0,3440381.0,143591.0,202112,CA,0203229000,47,47,70,70,1573572.0,0.0,3296790.0,12,2021
347279.0,0.0,1841384.0,1843429.0,2045.0,202112,CA,0203292000,47,47,70,70,347279.0,0.0,1841384.0,12,2021
4416439.0,0.0,10796800.0,11029371.0,232871.0,202112,CA,0203294000,47,47,70,70,4470990.0,0.0,10896432.0,12,2021
502131.0,0.0,1995782.0,1999066.0,3284.0,202201,CA,0203121010,47,47,70,70,502131.0,0.0,1995782.0,1,2022
0.0,0.0,0.0,0.0,100.0,202201,CA,0203121020,47,47,70,70,4756.0,0.0,24900.0,1,2022
2405357.0,0.0,6704644.0,6794951.0,93407.0,202201,CA,0203129010,47,47,70,70,2970511.0,0.0,7421880.0,1,2022
1482881.0,0.0,4505658.0,4580726.0,75868.0,202201,CA,0203129020,47,47,70,70,1566239.0,0.0,4717980.0,1,2022
280916.0,0.0,1410148.0,1415637.0,5489.0,202201,CA,0203192010,47,47,70,70,280916.0,0.0,1410148.0,1,2022
808798.0,0.0,2743226.0,2754727.0,11501.0,202201,CA,0203192090,47,47,70,70,808798.0,0.0,2743226.0,1,2022
6357337.0,0.0,25311276.0,25437593.0,126417.0,202201,CA,0203194010,47,47,70,70,6375527.0,0.0,25365013.0,1,2022
8502090.0,0.0,26214309.0,26494048.0,280239.0,202201,CA,0203194090,47,47,70,70,8592198.0,0.0,26335393.0,1,2022
402845.0,0.0,901490.0,946832.0,45342.0,202201,CA,0203229000,47,47,70,70,402845.0,0.0,901490.0,1,2022
346902.0,0.0,1595546.0,1598033.0,2487.0,202201,CA,0203292000,47,47,70,70,346902.0,0.0,1595546.0,1,2022
5152077.0,0.0,12874024.0,13166259.0,292435.0,202201,CA,0203294000,47,47,70,70,5188378.0,0.0,12919706.0,1,2022
577565.0,0.0,2302505.0,2305815.0,3310.0,202202,CA,0203121010,47,47,70,70,577565.0,0.0,2302505.0,2,2022
17512.0,0.0,58685.0,58686.0,1.0,202202,CA,0203121020,47,47,70,70,17512.0,0.0,58685.0,2,2022
2755043.0,0.0,6880396.0,6975622.0,97326.0,202202,CA,0203129010,47,47,70,70,3139875.0,0.0,7394783.0,2,2022
1204705.0,0.0,3756297.0,3831371.0,76374.0,202202,CA,0203129020,47,47,70,70,1314425.0,0.0,4041571.0,2,2022
147269.0,0.0,967504.0,970385.0,2881.0,202202,CA,0203192010,47,47,70,70,147269.0,0.0,967504.0,2,2022
1017674.0,0.0,3891846.0,3901976.0,10130.0,202202,CA,0203192090,47,47,70,70,1017674.0,0.0,3891846.0,2,2022
6262730.0,0.0,28929017.0,29060536.0,131819.0,202202,CA,0203194010,47,47,70,70,6276089.0,0.0,28982448.0,2,2022
11242364.0,0.0,34069726.0,34421166.0,352040.0,202202,CA,0203194090,47,47,70,70,11352851.0,0.0,34241912.0,2,2022
18290.0,0.0,69758.0,69833.0,75.0,202202,CA,0203210000,47,47,70,70,18290.0,0.0,69758.0,2,2022
18199.0,0.0,58980.0,58981.0,1.0,202202,CA,0203221000,47,47,70,70,18199.0,0.0,58980.0,2,2022
1028364.0,0.0,2146247.0,2205905.0,59658.0,202202,CA,0203229000,47,47,70,70,1028364.0,0.0,2146247.0,2,2022
377867.0,0.0,2469371.0,2472324.0,2953.0,202202,CA,0203292000,47,47,70,70,377867.0,0.0,2469371.0,2,2022
4207411.0,0.0,11207211.0,11479046.0,272035.0,202202,CA,0203294000,47,47,70,70,4244425.0,0.0,11246379.0,2,2022
621744.0,0.0,2440856.0,2444588.0,3732.0,202203,CA,0203121010,47,47,70,70,621744.0,0.0,2440856.0,3,2022
2863143.0,0.0,8029971.0,8141431.0,114960.0,202203,CA,0203129010,47,47,70,70,3505766.0,0.0,9048045.0,3,2022
1594039.0,0.0,5404927.0,5491473.0,87846.0,202203,CA,0203129020,47,47,70,70,1720311.0,0.0,5733241.0,3,2022
258956.0,0.0,1701230.0,1706270.0,5040.0,202203,CA,0203192010,47,47,70,70,258956.0,0.0,1701230.0,3,2022
1456490.0,0.0,5439371.0,5456902.0,17631.0,202203,CA,0203192090,47,47,70,70,1474779.0,0.0,5473643.0,3,2022
7258294.0,0.0,35488135.0,35640425.0,152690.0,202203,CA,0203194010,47,47,70,70,7277014.0,0.0,35563015.0,3,2022
13157080.0,0.0,37936641.0,38318993.0,383052.0,202203,CA,0203194090,47,47,70,70,13286666.0,0.0,38172466.0,3,2022
19114.0,0.0,73744.0,73774.0,30.0,202203,CA,0203221000,47,47,70,70,19114.0,0.0,73744.0,3,2022
437051.0,0.0,792242.0,828664.0,36522.0,202203,CA,0203229000,47,47,70,70,455254.0,0.0,830768.0,3,2022
236293.0,0.0,1379765.0,1381987.0,2222.0,202203,CA,0203292000,47,47,70,70,236293.0,0.0,1379765.0,3,2022
4366247.0,0.0,12955550.0,13154385.0,199635.0,202203,CA,0203294000,47,47,70,70,4512836.0,0.0,13141279.0,3,2022
351463.0,0.0,1350573.0,1352991.0,2418.0,202204,CA,0203121010,47,47,70,70,351463.0,0.0,1350573.0,4,2022
2524157.0,0.0,6819452.0,6901700.0,85548.0,202204,CA,0203129010,47,47,70,70,3130294.0,0.0,7927455.0,4,2022
1635165.0,0.0,5405296.0,5497910.0,93714.0,202204,CA,0203129020,47,47,70,70,1824764.0,0.0,5797337.0,4,2022
255735.0,0.0,1745750.0,1750950.0,5200.0,202204,CA,0203192010,47,47,70,70,255735.0,0.0,1745750.0,4,2022
1188150.0,0.0,4480134.0,4493030.0,12896.0,202204,CA,0203192090,47,47,70,70,1188150.0,0.0,4480134.0,4,2022
5952802.0,0.0,28699614.0,28842645.0,143131.0,202204,CA,0203194010,47,47,70,70,5957379.0,0.0,28717923.0,4,2022
10880256.0,0.0,34587782.0,34906190.0,319408.0,202204,CA,0203194090,47,47,70,70,11065165.0,0.0,34856238.0,4,2022
973.0,0.0,19469.0,19525.0,56.0,202204,CA,0203221000,47,47,70,70,973.0,0.0,19469.0,4,2022
535575.0,0.0,1084478.0,1183192.0,98714.0,202204,CA,0203229000,47,47,70,70,535575.0,0.0,1084478.0,4,2022
209104.0,0.0,994260.0,995608.0,1348.0,202204,CA,0203292000,47,47,70,70,209104.0,0.0,994260.0,4,2022
4185917.0,0.0,12887704.0,13149568.0,263264.0,202204,CA,0203294000,47,47,70,70,4442688.0,0.0,13248305.0,4,2022
331280.0,0.0,1220697.0,1222810.0,2113.0,202205,CA,0203121010,47,47,70,70,331280.0,0.0,1220697.0,5,2022
2312486.0,0.0,6846706.0,6937816.0,94810.0,202205,CA,0203129010,47,47,70,70,2991265.0,0.0,8251928.0,5,2022
1607759.0,0.0,5158240.0,5252779.0,95339.0,202205,CA,0203129020,47,47,70,70,1743885.0,0.0,5458980.0,5,2022
166498.0,0.0,1076327.0,1079567.0,3240.0,202205,CA,0203192010,47,47,70,70,166498.0,0.0,1076327.0,5,2022
1778485.0,0.0,5990547.0,6016672.0,26125.0,202205,CA,0203192090,47,47,70,70,1778485.0,0.0,5990547.0,5,2022
5841146.0,0.0,25207405.0,25348207.0,140802.0,202205,CA,0203194010,47,47,70,70,5841146.0,0.0,25207405.0,5,2022
11425122.0,0.0,36861595.0,37240227.0,379732.0,202205,CA,0203194090,47,47,70,70,11627285.0,0.0,37137149.0,5,2022
253897.0,0.0,600743.0,625554.0,24811.0,202205,CA,0203229000,47,47,70,70,253897.0,0.0,600743.0,5,2022
108892.0,0.0,449546.0,450200.0,654.0,202205,CA,0203292000,47,47,70,70,108892.0,0.0,449546.0,5,2022
4351884.0,0.0,12480924.0,12729767.0,250143.0,202205,CA,0203294000,47,47,70,70,4591301.0,0.0,12828088.0,5,2022
378754.0,0.0,1359720.0,1362250.0,2530.0,202206,CA,0203121010,47,47,70,70,378754.0,0.0,1359720.0,6,2022
2606066.0,0.0,7688132.0,7763238.0,78406.0,202206,CA,0203129010,47,47,70,70,3209515.0,0.0,9056943.0,6,2022
1817489.0,0.0,6660367.0,6773946.0,113879.0,202206,CA,0203129020,47,47,70,70,1871824.0,0.0,6821299.0,6,2022
187871.0,0.0,1113892.0,1117655.0,3763.0,202206,CA,0203192010,47,47,70,70,187871.0,0.0,1113892.0,6,2022
2088606.0,0.0,6972714.0,7006494.0,33780.0,202206,CA,0203192090,47,47,70,70,2088606.0,0.0,6972714.0,6,2022
5437250.0,0.0,23879552.0,24005266.0,125714.0,202206,CA,0203194010,47,47,70,70,5437250.0,0.0,23879552.0,6,2022
10947893.0,0.0,36631340.0,36923908.0,293368.0,202206,CA,0203194090,47,47,70,70,11096551.0,0.0,36947237.0,6,2022
334914.0,0.0,811509.0,846280.0,34771.0,202206,CA,0203229000,47,47,70,70,334914.0,0.0,811509.0,6,2022
119121.0,0.0,507887.0,509012.0,1125.0,202206,CA,0203292000,47,47,70,70,119121.0,0.0,507887.0,6,2022
3581173.0,0.0,10613967.0,10800474.0,188707.0,202206,CA,0203294000,47,47,70,70,3984795.0,0.0,11153977.0,6,2022
322554.0,0.0,1204443.0,1206907.0,2464.0,202207,CA,0203121010,47,47,70,70,322554.0,0.0,1204443.0,7,2022
17925.0,0.0,65206.0,65207.0,1.0,202207,CA,0203121020,47,47,70,70,17925.0,0.0,65206.0,7,2022
2813115.0,0.0,8602040.0,8679879.0,81539.0,202207,CA,0203129010,47,47,70,70,3491943.0,0.0,10366779.0,7,2022
1468069.0,0.0,5748620.0,5833287.0,85567.0,202207,CA,0203129020,47,47,70,70,1632076.0,0.0,6267854.0,7,2022
110880.0,0.0,659965.0,662125.0,2160.0,202207,CA,0203192010,47,47,70,70,110880.0,0.0,659965.0,7,2022
1277109.0,0.0,4944249.0,4962030.0,17781.0,202207,CA,0203192090,47,47,70,70,1277109.0,0.0,4944249.0,7,2022
4931784.0,0.0,22930516.0,23046697.0,116281.0,202207,CA,0203194010,47,47,70,70,4936577.0,0.0,22949689.0,7,2022
10532822.0,0.0,36243293.0,36518765.0,276172.0,202207,CA,0203194090,47,47,70,70,10660903.0,0.0,36582242.0,7,2022
199758.0,0.0,587703.0,601264.0,13561.0,202207,CA,0203229000,47,47,70,70,199758.0,0.0,587703.0,7,2022
41636.0,0.0,266058.0,266486.0,428.0,202207,CA,0203292000,47,47,70,70,41636.0,0.0,266058.0,7,2022
3748356.0,0.0,10034397.0,10173963.0,141166.0,202207,CA,0203294000,47,47,70,70,4042482.0,0.0,10524808.0,7,2022
347743.0,0.0,1350740.0,1353320.0,2580.0,202208,CA,0203121010,47,47,70,70,347743.0,0.0,1350740.0,8,2022
3239153.0,0.0,9944833.0,10025779.0,83546.0,202208,CA,0203129010,47,47,70,70,3717963.0,0.0,11188646.0,8,2022
1483277.0,0.0,5078703.0,5169661.0,91658.0,202208,CA,0203129020,47,47,70,70,1610005.0,0.0,5469535.0,8,2022
194837.0,0.0,1149282.0,1153207.0,3925.0,202208,CA,0203192010,47,47,70,70,194837.0,0.0,1149282.0,8,2022
1489837.0,0.0,5628747.0,5645575.0,16828.0,202208,CA,0203192090,47,47,70,70,1489837.0,0.0,5628747.0,8,2022
5509689.0,0.0,28405114.0,28513413.0,108299.0,202208,CA,0203194010,47,47,70,70,5509689.0,0.0,28405114.0,8,2022
10972891.0,0.0,36700584.0,37009618.0,309734.0,202208,CA,0203194090,47,47,70,70,11101787.0,0.0,36958346.0,8,2022
208598.0,0.0,627361.0,661261.0,33900.0,202208,CA,0203229000,47,47,70,70,208598.0,0.0,627361.0,8,2022
73542.0,0.0,240173.0,240544.0,371.0,202208,CA,0203292000,47,47,70,70,73542.0,0.0,240173.0,8,2022
3485959.0,0.0,10384178.0,10483528.0,101250.0,202208,CA,0203294000,47,47,70,70,3833142.0,0.0,10932542.0,8,2022
360549.0,0.0,1455744.0,1458369.0,2625.0,202209,CA,0203121010,47,47,70,70,360549.0,0.0,1455744.0,9,2022
2285490.0,0.0,7172802.0,7238080.0,67178.0,202209,CA,0203129010,47,47,70,70,2632618.0,0.0,8033778.0,9,2022
1660688.0,0.0,4911705.0,5010660.0,99055.0,202209,CA,0203129020,47,47,70,70,1679006.0,0.0,4951684.0,9,2022
165249.0,0.0,971868.0,975108.0,3240.0,202209,CA,0203192010,47,47,70,70,165249.0,0.0,971868.0,9,2022
1007620.0,0.0,3380446.0,3392983.0,12537.0,202209,CA,0203192090,47,47,70,70,1007620.0,0.0,3380446.0,9,2022
5989400.0,0.0,24235133.0,24356035.0,121302.0,202209,CA,0203194010,47,47,70,70,6008362.0,0.0,24310978.0,9,2022
9992117.0,0.0,30044246.0,30322152.0,278306.0,202209,CA,0203194090,47,47,70,70,10066665.0,0.0,30209754.0,9,2022
940.0,0.0,18792.0,18837.0,45.0,202209,CA,0203221000,47,47,70,70,940.0,0.0,18792.0,9,2022
262734.0,0.0,829878.0,850063.0,20185.0,202209,CA,0203229000,47,47,70,70,262734.0,0.0,829878.0,9,2022
43928.0,0.0,205264.0,205626.0,362.0,202209,CA,0203292000,47,47,70,70,43928.0,0.0,205264.0,9,2022
3429696.0,0.0,9166943.0,9295229.0,129486.0,202209,CA,0203294000,47,47,70,70,3647764.0,0.0,9476629.0,9,2022
324454.0,0.0,1322883.0,1325133.0,2250.0,202210,CA,0203121010,47,47,70,70,324454.0,0.0,1322883.0,10,2022
2544416.0,0.0,8867030.0,8957618.0,92088.0,202210,CA,0203129010,47,47,70,70,2820505.0,0.0,9619728.0,10,2022
1562301.0,0.0,4534673.0,4628519.0,94446.0,202210,CA,0203129020,47,47,70,70,1670093.0,0.0,4808024.0,10,2022
158032.0,0.0,897524.0,900745.0,3221.0,202210,CA,0203192010,47,47,70,70,158032.0,0.0,897524.0,10,2022
814584.0,0.0,2855680.0,2866280.0,10600.0,202210,CA,0203192090,47,47,70,70,814584.0,0.0,2855680.0,10,2022
5689752.0,0.0,22462110.0,22594694.0,132884.0,202210,CA,0203194010,47,47,70,70,5703398.0,0.0,22516690.0,10,2022
10157860.0,0.0,29201795.0,29464758.0,263163.0,202210,CA,0203194090,47,47,70,70,10193552.0,0.0,29294426.0,10,2022
37148.0,0.0,89612.0,89911.0,299.0,202210,CA,0203221000,47,47,70,70,37148.0,0.0,89612.0,10,2022
399168.0,0.0,1006496.0,1061930.0,55434.0,202210,CA,0203229000,47,47,70,70,399168.0,0.0,1006496.0,10,2022
110156.0,0.0,403415.0,403715.0,300.0,202210,CA,0203292000,47,47,70,70,110156.0,0.0,403415.0,10,2022
3345773.0,0.0,8708418.0,8877871.0,171353.0,202210,CA,0203294000,47,47,70,70,3692202.0,0.0,9270234.0,10,2022
377033.0,0.0,1495679.0,1498599.0,2920.0,202211,CA,0203121010,47,47,70,70,377033.0,0.0,1495679.0,11,2022
12504.0,0.0,65559.0,67134.0,1575.0,202211,CA,0203121020,47,47,70,70,12504.0,0.0,65559.0,11,2022
2693472.0,0.0,8885919.0,8978093.0,93974.0,202211,CA,0203129010,47,47,70,70,3022809.0,0.0,9711447.0,11,2022
1763144.0,0.0,4932955.0,5021181.0,88226.0,202211,CA,0203129020,47,47,70,70,1763144.0,0.0,4932955.0,11,2022
154288.0,0.0,830355.0,833609.0,3254.0,202211,CA,0203192010,47,47,70,70,154288.0,0.0,830355.0,11,2022
910363.0,0.0,3115911.0,3127603.0,11692.0,202211,CA,0203192090,47,47,70,70,910363.0,0.0,3115911.0,11,2022
5965695.0,0.0,21893674.0,22010977.0,117403.0,202211,CA,0203194010,47,47,70,70,5970386.0,0.0,21912436.0,11,2022
9007756.0,0.0,26029663.0,26274215.0,245252.0,202211,CA,0203194090,47,47,70,70,9132888.0,0.0,26307410.0,11,2022
164283.0,0.0,379598.0,380088.0,490.0,202211,CA,0203221000,47,47,70,70,164283.0,0.0,379598.0,11,2022
473457.0,0.0,1434378.0,1513104.0,78726.0,202211,CA,0203229000,47,47,70,70,473457.0,0.0,1434378.0,11,2022
139412.0,0.0,626249.0,626998.0,749.0,202211,CA,0203292000,47,47,70,70,139412.0,0.0,626249.0,11,2022
3401859.0,0.0,10514427.0,10669711.0,156084.0,202211,CA,0203294000,47,47,70,70,3547378.0,0.0,10802971.0,11,2022
375438.0,0.0,1474257.0,1476847.0,2590.0,202212,CA,0203121010,47,47,70,70,375438.0,0.0,1474257.0,12,2022
3572675.0,0.0,9559571.0,9642862.0,84691.0,202212,CA,0203129010,47,47,70,70,3828768.0,0.0,10129418.0,12,2022
1757313.0,0.0,5244844.0,5328861.0,84917.0,202212,CA,0203129020,47,47,70,70,1918437.0,0.0,5582345.0,12,2022
163247.0,0.0,842000.0,845802.0,3802.0,202212,CA,0203192010,47,47,70,70,163247.0,0.0,842000.0,12,2022
1314981.0,0.0,3772476.0,3787854.0,15378.0,202212,CA,0203192090,47,47,70,70,1314981.0,0.0,3772476.0,12,2022
5605867.0,0.0,16577222.0,16687539.0,110317.0,202212,CA,0203194010,47,47,70,70,5605867.0,0.0,16577222.0,12,2022
8990933.0,0.0,26431830.0,26671468.0,240238.0,202212,CA,0203194090,47,47,70,70,9098032.0,0.0,26607662.0,12,2022
1052.0,0.0,21047.0,21084.0,37.0,202212,CA,0203221000,47,47,70,70,1052.0,0.0,21047.0,12,2022
602498.0,0.0,1918754.0,2001062.0,82308.0,202212,CA,0203229000,47,47,70,70,602498.0,0.0,1918754.0,12,2022
30927.0,0.0,96016.0,96507.0,491.0,202212,CA,0203292000,47,47,70,70,30927.0,0.0,96016.0,12,2022
3188519.0,0.0,9095190.0,9277826.0,183836.0,202212,CA,0203294000,47,47,70,70,3408523.0,0.0,9488608.0,12,2022
211916.0,0.0,824045.0,825776.0,1731.0,202301,CA,0203121010,47,47,70,70,211916.0,0.0,824045.0,1,2023
2917413.0,0.0,8489525.0,8586393.0,98068.0,202301,CA,0203129010,47,47,70,70,3135485.0,0.0,8895882.0,1,2023
1707259.0,0.0,5004219.0,5089713.0,85594.0,202301,CA,0203129020,47,47,70,70,1725384.0,0.0,5038583.0,1,2023
127258.0,0.0,499866.0,502494.0,2628.0,202301,CA,0203192010,47,47,70,70,127258.0,0.0,499866.0,1,2023
1241033.0,0.0,3320294.0,3340915.0,20621.0,202301,CA,0203192090,47,47,70,70,1241033.0,0.0,3320294.0,1,2023
6230433.0,0.0,18770338.0,18907751.0,137613.0,202301,CA,0203194010,47,47,70,70,6239694.0,0.0,18807379.0,1,2023
9199911.0,0.0,24491794.0,24729924.0,238830.0,202301,CA,0203194090,47,47,70,70,9329759.0,0.0,24697681.0,1,2023
256023.0,0.0,715748.0,753235.0,37487.0,202301,CA,0203229000,47,47,70,70,256023.0,0.0,715748.0,1,2023
198785.0,0.0,565904.0,566907.0,1003.0,202301,CA,0203292000,47,47,70,70,198785.0,0.0,565904.0,1,2023
3386861.0,0.0,9728893.0,9871990.0,144197.0,202301,CA,0203294000,47,47,70,70,3587002.0,0.0,10050694.0,1,2023
183908.0,0.0,652100.0,653656.0,1556.0,202302,CA,0203121010,47,47,70,70,183908.0,0.0,652100.0,2,2023
2856066.0,0.0,7131552.0,7215510.0,86458.0,202302,CA,0203129010,47,47,70,70,3314779.0,0.0,8007126.0,2,2023
1570259.0,0.0,4588793.0,4684920.0,96127.0,202302,CA,0203129020,47,47,70,70,1570259.0,0.0,4588793.0,2,2023
73894.0,0.0,289973.0,291413.0,1440.0,202302,CA,0203192010,47,47,70,70,73894.0,0.0,289973.0,2,2023
1670386.0,0.0,4446049.0,4466525.0,20476.0,202302,CA,0203192090,47,47,70,70,1670386.0,0.0,4446049.0,2,2023
5318598.0,0.0,16328847.0,16451135.0,122588.0,202302,CA,0203194010,47,47,70,70,5359297.0,0.0,16426523.0,2,2023
8963697.0,0.0,24187603.0,24411779.0,224476.0,202302,CA,0203194090,47,47,70,70,9018907.0,0.0,24292077.0,2,2023
348302.0,0.0,871853.0,927721.0,55868.0,202302,CA,0203229000,47,47,70,70,348302.0,0.0,871853.0,2,2023
65044.0,0.0,273429.0,274225.0,796.0,202302,CA,0203292000,47,47,70,70,65044.0,0.0,273429.0,2,2023
2929382.0,0.0,8031760.0,8152787.0,122327.0,202302,CA,0203294000,47,47,70,70,3166260.0,0.0,8415197.0,2,2023
207882.0,0.0,762616.0,764622.0,2006.0,202303,CA,0203121010,47,47,70,70,207882.0,0.0,762616.0,3,2023
2838276.0,0.0,8251622.0,8346120.0,97398.0,202303,CA,0203129010,47,47,70,70,3367467.0,0.0,9331280.0,3,2023
1605028.0,0.0,5291836.0,5393663.0,101827.0,202303,CA,0203129020,47,47,70,70,1605028.0,0.0,5291836.0,3,2023
235385.0,0.0,912914.0,917594.0,4680.0,202303,CA,0203192010,47,47,70,70,235385.0,0.0,912914.0,3,2023
1181012.0,0.0,3430431.0,3440717.0,10286.0,202303,CA,0203192090,47,47,70,70,1181012.0,0.0,3430431.0,3,2023
5790339.0,0.0,18018150.0,18171664.0,153514.0,202303,CA,0203194010,47,47,70,70,5790339.0,0.0,18018150.0,3,2023
9530574.0,0.0,27117826.0,27377286.0,259560.0,202303,CA,0203194090,47,47,70,70,9548011.0,0.0,27148194.0,3,2023
633748.0,0.0,1759274.0,1813843.0,54569.0,202303,CA,0203229000,47,47,70,70,633748.0,0.0,1759274.0,3,2023
18382.0,0.0,74368.0,74541.0,173.0,202303,CA,0203292000,47,47,70,70,18382.0,0.0,74368.0,3,2023
2828185.0,0.0,7754985.0,7842606.0,88621.0,202303,CA,0203294000,47,47,70,70,3009991.0,0.0,8060556.0,3,2023
139226.0,0.0,501257.0,502635.0,1378.0,202304,CA,0203121010,47,47,70,70,139226.0,0.0,501257.0,4,2023
2361749.0,0.0,5974835.0,6037717.0,65482.0,202304,CA,0203129010,47,47,70,70,2838472.0,0.0,6803327.0,4,2023
1318013.0,0.0,4363823.0,4448341.0,84718.0,202304,CA,0203129020,47,47,70,70,1354519.0,0.0,4442172.0,4,2023
79291.0,0.0,297500.0,299141.0,1641.0,202304,CA,0203192010,47,47,70,70,79291.0,0.0,297500.0,4,2023
1145149.0,0.0,3224253.0,3236958.0,12705.0,202304,CA,0203192090,47,47,70,70,1145149.0,0.0,3224253.0,4,2023
4934232.0,0.0,14805835.0,14909936.0,104201.0,202304,CA,0203194010,47,47,70,70,4952351.0,0.0,14845780.0,4,2023
7601023.0,0.0,21828909.0,22092331.0,263622.0,202304,CA,0203194090,47,47,70,70,7636731.0,0.0,21911567.0,4,2023
794820.0,0.0,2091794.0,2174976.0,83182.0,202304,CA,0203229000,47,47,70,70,794820.0,0.0,2091794.0,4,2023
36040.0,0.0,195102.0,195465.0,363.0,202304,CA,0203292000,47,47,70,70,36040.0,0.0,195102.0,4,2023
2566543.0,0.0,7172860.0,7285905.0,114245.0,202304,CA,0203294000,47,47,70,70,2785106.0,0.0,7547389.0,4,2023
186436.0,0.0,735260.0,736850.0,1590.0,202305,CA,0203121010,47,47,70,70,186436.0,0.0,735260.0,5,2023
2563908.0,0.0,7892884.0,7977387.0,88903.0,202305,CA,0203129010,47,47,70,70,3366803.0,0.0,9565710.0,5,2023
1512696.0,0.0,5451820.0,5526896.0,76076.0,202305,CA,0203129020,47,47,70,70,1697120.0,0.0,5917572.0,5,2023
181735.0,0.0,713147.0,716747.0,3600.0,202305,CA,0203192010,47,47,70,70,181735.0,0.0,713147.0,5,2023
1136683.0,0.0,2947337.0,2958522.0,11185.0,202305,CA,0203192090,47,47,70,70,1136683.0,0.0,2947337.0,5,2023
5268706.0,0.0,14835921.0,14930737.0,95416.0,202305,CA,0203194010,47,47,70,70,5376564.0,0.0,15052995.0,5,2023
7691935.0,0.0,23056016.0,23279936.0,223920.0,202305,CA,0203194090,47,47,70,70,7691935.0,0.0,23056016.0,5,2023
319334.0,0.0,1031280.0,1068686.0,37406.0,202305,CA,0203229000,47,47,70,70,319334.0,0.0,1031280.0,5,2023
9000.0,0.0,33480.0,33680.0,200.0,202305,CA,0203292000,47,47,70,70,9000.0,0.0,33480.0,5,2023
1863654.0,0.0,5810814.0,5913650.0,103936.0,202305,CA,0203294000,47,47,70,70,2064070.0,0.0,6273340.0,5,2023
292527.0,0.0,1077410.0,1079171.0,1761.0,202306,CA,0203121010,47,47,70,70,292527.0,0.0,1077410.0,6,2023
2485065.0,0.0,7724062.0,7803616.0,84654.0,202306,CA,0203129010,47,47,70,70,3416140.0,0.0,9694398.0,6,2023
2369949.0,0.0,8928508.0,9025595.0,98087.0,202306,CA,0203129020,47,47,70,70,2554304.0,0.0,9434191.0,6,2023
72667.0,0.0,285149.0,286824.0,1675.0,202306,CA,0203192010,47,47,70,70,72667.0,0.0,285149.0,6,2023
1457943.0,0.0,3774054.0,3788253.0,14199.0,202306,CA,0203192090,47,47,70,70,1457943.0,0.0,3774054.0,6,2023
5426048.0,0.0,16086259.0,16201529.0,115270.0,202306,CA,0203194010,47,47,70,70,5426048.0,0.0,16086259.0,6,2023
8511088.0,0.0,26134869.0,26371249.0,236580.0,202306,CA,0203194090,47,47,70,70,8548254.0,0.0,26215033.0,6,2023
221449.0,0.0,612010.0,638251.0,26241.0,202306,CA,0203229000,47,47,70,70,221449.0,0.0,612010.0,6,2023
45224.0,0.0,138719.0,141019.0,2300.0,202306,CA,0203292000,47,47,70,70,45224.0,0.0,138719.0,6,2023
3104480.0,0.0,10025826.0,10180816.0,155590.0,202306,CA,0203294000,47,47,70,70,3214776.0,0.0,10223779.0,6,2023
308746.0,0.0,1111592.0,1113105.0,1513.0,202307,CA,0203121010,47,47,70,70,308746.0,0.0,1111592.0,7,2023
2983219.0,0.0,9268412.0,9343116.0,79404.0,202307,CA,0203129010,47,47,70,70,3843447.0,0.0,11386799.0,7,2023
1861372.0,0.0,7277353.0,7360046.0,83393.0,202307,CA,0203129020,47,47,70,70,1989928.0,0.0,7715356.0,7,2023
128632.0,0.0,529077.0,531597.0,2520.0,202307,CA,0203192010,47,47,70,70,128632.0,0.0,529077.0,7,2023
1745424.0,0.0,6699688.0,6716577.0,16889.0,202307,CA,0203192090,47,47,70,70,1745424.0,0.0,6699688.0,7,2023
4886430.0,0.0,20401700.0,20508075.0,106375.0,202307,CA,0203194010,47,47,70,70,4886430.0,0.0,20401700.0,7,2023
8748070.0,0.0,28040118.0,28276908.0,236890.0,202307,CA,0203194090,47,47,70,70,8767038.0,0.0,28063536.0,7,2023
18187.0,0.0,55733.0,55734.0,1.0,202307,CA,0203221000,47,47,70,70,18187.0,0.0,55733.0,7,2023
92454.0,0.0,304188.0,320459.0,16271.0,202307,CA,0203229000,47,47,70,70,92454.0,0.0,304188.0,7,2023
29559.0,0.0,185296.0,185658.0,362.0,202307,CA,0203292000,47,47,70,70,29559.0,0.0,185296.0,7,2023
3402065.0,0.0,10333277.0,10449211.0,117734.0,202307,CA,0203294000,47,47,70,70,3728096.0,0.0,10951298.0,7,2023
259902.0,0.0,956750.0,958386.0,1636.0,202308,CA,0203121010,47,47,70,70,259902.0,0.0,956750.0,8,2023
3720075.0,0.0,11311461.0,11417163.0,110502.0,202308,CA,0203129010,47,47,70,70,4596864.0,0.0,13348270.0,8,2023
1404863.0,0.0,4659551.0,4742497.0,83046.0,202308,CA,0203129020,47,47,70,70,1423597.0,0.0,4703330.0,8,2023
158635.0,0.0,645675.0,648841.0,3166.0,202308,CA,0203192010,47,47,70,70,158635.0,0.0,645675.0,8,2023
963557.0,0.0,3960874.0,3970976.0,10102.0,202308,CA,0203192090,47,47,70,70,963557.0,0.0,3960874.0,8,2023
4614938.0,0.0,24647407.0,24760941.0,113934.0,202308,CA,0203194010,47,47,70,70,4688334.0,0.0,24797482.0,8,2023
8815075.0,0.0,27124664.0,27388967.0,264403.0,202308,CA,0203194090,47,47,70,70,8833970.0,0.0,27166737.0,8,2023
195336.0,0.0,571209.0,604990.0,33781.0,202308,CA,0203229000,47,47,70,70,195336.0,0.0,571209.0,8,2023
22939.0,0.0,77105.0,77155.0,50.0,202308,CA,0203292000,47,47,70,70,22939.0,0.0,77105.0,8,2023
3290425.0,0.0,9740375.0,9862934.0,123459.0,202308,CA,0203294000,47,47,70,70,3453828.0,0.0,10074023.0,8,2023
322451.0,0.0,1172196.0,1174697.0,2501.0,202309,CA,0203121010,47,47,70,70,322451.0,0.0,1172196.0,9,2023
3323713.0,0.0,9969416.0,10062489.0,97673.0,202309,CA,0203129010,47,47,70,70,4157651.0,0.0,11829552.0,9,2023
1246563.0,0.0,4529613.0,4605279.0,75766.0,202309,CA,0203129020,47,47,70,70,1264490.0,0.0,4586128.0,9,2023
186206.0,0.0,747098.0,750698.0,3600.0,202309,CA,0203192010,47,47,70,70,186206.0,0.0,747098.0,9,2023
956854.0,0.0,3343531.0,3352973.0,9442.0,202309,CA,0203192090,47,47,70,70,956854.0,0.0,3343531.0,9,2023
4503761.0,0.0,17647860.0,17747593.0,99733.0,202309,CA,0203194010,47,47,70,70,4503761.0,0.0,17647860.0,9,2023
8259020.0,0.0,25120955.0,25342141.0,221186.0,202309,CA,0203194090,47,47,70,70,8259020.0,0.0,25120955.0,9,2023
227656.0,0.0,813313.0,832323.0,19010.0,202309,CA,0203229000,47,47,70,70,227656.0,0.0,813313.0,9,2023
24896.0,0.0,149612.0,150027.0,415.0,202309,CA,0203292000,47,47,70,70,24896.0,0.0,149612.0,9,2023
2669150.0,0.0,8251589.0,8361519.0,111430.0,202309,CA,0203294000,47,47,70,70,2940905.0,0.0,8922353.0,9,2023
363265.0,0.0,1259556.0,1261884.0,2328.0,202310,CA,0203121010,47,47,70,70,363265.0,0.0,1259556.0,10,2023
3438339.0,0.0,9782673.0,9878813.0,100240.0,202310,CA,0203129010,47,47,70,70,4188591.0,0.0,11371910.0,10,2023
1388923.0,0.0,4905277.0,4979648.0,74371.0,202310,CA,0203129020,47,47,70,70,1388923.0,0.0,4905277.0,10,2023
231848.0,0.0,903212.0,907533.0,4321.0,202310,CA,0203192010,47,47,70,70,231848.0,0.0,903212.0,10,2023
1208403.0,0.0,3978129.0,3991189.0,13060.0,202310,CA,0203192090,47,47,70,70,1208403.0,0.0,3978129.0,10,2023
4965399.0,0.0,18728998.0,18844154.0,115356.0,202310,CA,0203194010,47,47,70,70,5001826.0,0.0,18781301.0,10,2023
8531802.0,0.0,24656396.0,24904277.0,247881.0,202310,CA,0203194090,47,47,70,70,8531802.0,0.0,24656396.0,10,2023
18176.0,0.0,60107.0,60108.0,1.0,202310,CA,0203221000,47,47,70,70,18176.0,0.0,60107.0,10,2023
463026.0,0.0,1269944.0,1353768.0,83824.0,202310,CA,0203229000,47,47,70,70,463026.0,0.0,1269944.0,10,2023
36230.0,0.0,128219.0,128835.0,616.0,202310,CA,0203292000,47,47,70,70,36230.0,0.0,128219.0,10,2023
3093107.0,0.0,8997135.0,9122462.0,127027.0,202310,CA,0203294000,47,47,70,70,3403105.0,0.0,9781609.0,10,2023
426751.0,0.0,1428311.0,1430060.0,1749.0,202311,CA,0203121010,47,47,70,70,426751.0,0.0,1428311.0,11,2023
3494813.0,0.0,10141332.0,10245243.0,110311.0,202311,CA,0203129010,47,47,70,70,4666146.0,0.0,12591509.0,11,2023
1422438.0,0.0,4601979.0,4679888.0,78209.0,202311,CA,0203129020,47,47,70,70,1478591.0,0.0,4743092.0,11,2023
280700.0,0.0,1083982.0,1089024.0,5042.0,202311,CA,0203192010,47,47,70,70,280700.0,0.0,1083982.0,11,2023
1231434.0,0.0,3770192.0,3781038.0,10846.0,202311,CA,0203192090,47,47,70,70,1231434.0,0.0,3770192.0,11,2023
5124531.0,0.0,17074135.0,17182569.0,108434.0,202311,CA,0203194010,47,47,70,70,5124531.0,0.0,17074135.0,11,2023
8234693.0,0.0,23780997.0,24015946.0,235249.0,202311,CA,0203194090,47,47,70,70,8289866.0,0.0,23900526.0,11,2023
36372.0,0.0,108253.0,108255.0,2.0,202311,CA,0203221000,47,47,70,70,36372.0,0.0,108253.0,11,2023
721206.0,0.0,2039160.0,2138648.0,99488.0,202311,CA,0203229000,47,47,70,70,721206.0,0.0,2039160.0,11,2023
61674.0,0.0,219836.0,220596.0,760.0,202311,CA,0203292000,47,47,70,70,61674.0,0.0,219836.0,11,2023
3281319.0,0.0,9040870.0,9236870.0,197200.0,202311,CA,0203294000,47,47,70,70,3502831.0,0.0,9412787.0,11,2023
359306.0,0.0,1283579.0,1285512.0,1933.0,202312,CA,0203121010,47,47,70,70,359306.0,0.0,1283579.0,12,2023
2719277.0,0.0,7899257.0,7977328.0,82571.0,202312,CA,0203129010,47,47,70,70,3540570.0,0.0,9597824.0,12,2023
1299939.0,0.0,4282362.0,4341858.0,60196.0,202312,CA,0203129020,47,47,70,70,1427468.0,0.0,4585898.0,12,2023
210788.0,0.0,802822.0,807142.0,4320.0,202312,CA,0203192010,47,47,70,70,210788.0,0.0,802822.0,12,2023
1145094.0,0.0,3085400.0,3097076.0,11676.0,202312,CA,0203192090,47,47,70,70,1145094.0,0.0,3085400.0,12,2023
4774413.0,0.0,14977108.0,15076680.0,100072.0,202312,CA,0203194010,47,47,70,70,4865729.0,0.0,15220920.0,12,2023
7733296.0,0.0,22359454.0,22565774.0,206420.0,202312,CA,0203194090,47,47,70,70,7750855.0,0.0,22384228.0,12,2023
15133.0,0.0,44705.0,44706.0,1.0,202312,CA,0203221000,47,47,70,70,15133.0,0.0,44705.0,12,2023
847902.0,0.0,2368577.0,2483843.0,115266.0,202312,CA,0203229000,47,47,70,70,847902.0,0.0,2368577.0,12,2023
69875.0,0.0,252448.0,257537.0,5089.0,202312,CA,0203292000,47,47,70,70,69875.0,0.0,252448.0,12,2023
2769193.0,0.0,7407116.0,7561569.0,155453.0,202312,CA,0203294000,47,47,70,70,2951484.0,0.0,7753504.0,12,2023
454973.0,0.0,1528668.0,1530394.0,1726.0,202401,CA,0203121010,47,47,70,70,454973.0,0.0,1528668.0,1,2024
3428588.0,0.0,9926311.0,10032374.0,111563.0,202401,CA,0203129010,47,47,70,70,4435113.0,0.0,11903769.0,1,2024
1178084.0,0.0,4093332.0,4156641.0,63709.0,202401,CA,0203129020,47,47,70,70,1251176.0,0.0,4275810.0,1,2024
148658.0,0.0,537466.0,540346.0,2880.0,202401,CA,0203192010,47,47,70,70,148658.0,0.0,537466.0,1,2024
859985.0,0.0,2335863.0,2342540.0,6677.0,202401,CA,0203192090,47,47,70,70,859985.0,0.0,2335863.0,1,2024
5056886.0,0.0,17969482.0,18060589.0,91207.0,202401,CA,0203194010,47,47,70,70,5075370.0,0.0,17993932.0,1,2024
8611240.0,0.0,23827424.0,24064396.0,237072.0,202401,CA,0203194090,47,47,70,70,8628634.0,0.0,23883795.0,1,2024
505443.0,0.0,1463782.0,1530055.0,66273.0,202401,CA,0203229000,47,47,70,70,505443.0,0.0,1463782.0,1,2024
165801.0,0.0,603616.0,603841.0,225.0,202401,CA,0203292000,47,47,70,70,165801.0,0.0,603616.0,1,2024
2379524.0,0.0,6077407.0,6166511.0,89904.0,202401,CA,0203294000,47,47,70,70,2524906.0,0.0,6388725.0,1,2024
473245.0,0.0,1512202.0,1513908.0,1706.0,202402,CA,0203121010,47,47,70,70,473245.0,0.0,1512202.0,2,2024
3010980.0,0.0,8258700.0,8351157.0,96557.0,202402,CA,0203129010,47,47,70,70,3758224.0,0.0,9753207.0,2,2024
1152787.0,0.0,3903638.0,3967485.0,64347.0,202402,CA,0203129020,47,47,70,70,1245248.0,0.0,4119699.0,2,2024
158372.0,0.0,572589.0,575716.0,3127.0,202402,CA,0203192010,47,47,70,70,158372.0,0.0,572589.0,2,2024
913396.0,0.0,3058712.0,3075066.0,16354.0,202402,CA,0203192090,47,47,70,70,913396.0,0.0,3058712.0,2,2024
5880628.0,0.0,23494340.0,23613016.0,118976.0,202402,CA,0203194010,47,47,70,70,5934755.0,0.0,23692844.0,2,2024
8166058.0,0.0,24186673.0,24387069.0,200396.0,202402,CA,0203194090,47,47,70,70,8166058.0,0.0,24186673.0,2,2024
651626.0,0.0,1856998.0,1911565.0,54567.0,202402,CA,0203229000,47,47,70,70,651626.0,0.0,1856998.0,2,2024
72546.0,0.0,293897.0,294260.0,363.0,202402,CA,0203292000,47,47,70,70,72546.0,0.0,293897.0,2,2024
2386539.0,0.0,6543783.0,6669794.0,126511.0,202402,CA,0203294000,47,47,70,70,2478590.0,0.0,6670752.0,2,2024
557640.0,0.0,1773740.0,1775482.0,1742.0,202403,CA,0203121010,47,47,70,70,557640.0,0.0,1773740.0,3,2024
2500932.0,0.0,7341359.0,7408000.0,69641.0,202403,CA,0203129010,47,47,70,70,3043831.0,0.0,8427908.0,3,2024
1250590.0,0.0,4707781.0,4771906.0,64225.0,202403,CA,0203129020,47,47,70,70,1269336.0,0.0,4760680.0,3,2024
199133.0,0.0,713473.0,717223.0,3750.0,202403,CA,0203192010,47,47,70,70,199133.0,0.0,713473.0,3,2024
857738.0,0.0,3167371.0,3218605.0,51234.0,202403,CA,0203192090,47,47,70,70,857738.0,0.0,3167371.0,3,2024
5626529.0,0.0,22089990.0,22213996.0,124006.0,202403,CA,0203194010,47,47,70,70,5626529.0,0.0,22089990.0,3,2024
9110665.0,0.0,27781162.0,27974028.0,192966.0,202403,CA,0203194090,47,47,70,70,9129242.0,0.0,27816792.0,3,2024
529778.0,0.0,1700375.0,1731631.0,31256.0,202403,CA,0203229000,47,47,70,70,529778.0,0.0,1700375.0,3,2024
99308.0,0.0,309250.0,311210.0,1960.0,202403,CA,0203292000,47,47,70,70,99308.0,0.0,309250.0,3,2024
2525124.0,0.0,7709088.0,7817245.0,109257.0,202403,CA,0203294000,47,47,70,70,2725729.0,0.0,8062173.0,3,2024
350443.0,0.0,1180809.0,1182525.0,1716.0,202404,CA,0203121010,47,47,70,70,350443.0,0.0,1180809.0,4,2024
2050042.0,0.0,6162131.0,6203242.0,46611.0,202404,CA,0203129010,47,47,70,70,3048202.0,0.0,8368823.0,4,2024
1004179.0,0.0,3952411.0,4009704.0,57293.0,202404,CA,0203129020,47,47,70,70,1004179.0,0.0,3952411.0,4,2024
357792.0,0.0,1325350.0,1332702.0,7352.0,202404,CA,0203192010,47,47,70,70,357792.0,0.0,1325350.0,4,2024
784249.0,0.0,2780877.0,2832685.0,51808.0,202404,CA,0203192090,47,47,70,70,784249.0,0.0,2780877.0,4,2024
5137187.0,0.0,20094388.0,20207263.0,112975.0,202404,CA,0203194010,47,47,70,70,5155131.0,0.0,20155703.0,4,2024
8398641.0,0.0,26327683.0,26507214.0,179531.0,202404,CA,0203194090,47,47,70,70,8398641.0,0.0,26327683.0,4,2024
525803.0,0.0,1712081.0,1748630.0,36549.0,202404,CA,0203229000,47,47,70,70,525803.0,0.0,1712081.0,4,2024
115933.0,0.0,468375.0,472580.0,4205.0,202404,CA,0203292000,47,47,70,70,115933.0,0.0,468375.0,4,2024
2872444.0,0.0,9210016.0,9358505.0,149989.0,202404,CA,0203294000,47,47,70,70,3146675.0,0.0,9582768.0,4,2024
537610.0,0.0,1815740.0,1817945.0,2205.0,202405,CA,0203121010,47,47,70,70,537610.0,0.0,1815740.0,5,2024
2423424.0,0.0,7185353.0,7254652.0,74699.0,202405,CA,0203129010,47,47,70,70,3403516.0,0.0,9269472.0,5,2024
1212975.0,0.0,5041828.0,5102752.0,61224.0,202405,CA,0203129020,47,47,70,70,1267034.0,0.0,5201286.0,5,2024
257977.0,0.0,968713.0,974473.0,5760.0,202405,CA,0203192010,47,47,70,70,257977.0,0.0,968713.0,5,2024
716408.0,0.0,2541350.0,2579524.0,38174.0,202405,CA,0203192090,47,47,70,70,716408.0,0.0,2541350.0,5,2024
4238947.0,0.0,16664432.0,16770730.0,106298.0,202405,CA,0203194010,47,47,70,70,4238947.0,0.0,16664432.0,5,2024
9155426.0,0.0,30206831.0,30389780.0,182949.0,202405,CA,0203194090,47,47,70,70,9155426.0,0.0,30206831.0,5,2024
455101.0,0.0,1479525.0,1520080.0,40555.0,202405,CA,0203229000,47,47,70,70,455101.0,0.0,1479525.0,5,2024
146999.0,0.0,674436.0,676365.0,1929.0,202405,CA,0203292000,47,47,70,70,146999.0,0.0,674436.0,5,2024
2945598.0,0.0,9418505.0,9570725.0,153720.0,202405,CA,0203294000,47,47,70,70,3222093.0,0.0,10019875.0,5,2024
519414.0,0.0,1722171.0,1723998.0,1827.0,202406,CA,0203121010,47,47,70,70,519414.0,0.0,1722171.0,6,2024
2465637.0,0.0,7246681.0,7303825.0,62244.0,202406,CA,0203129010,47,47,70,70,3393468.0,0.0,9288588.0,6,2024
1193988.0,0.0,4920446.0,4984806.0,64460.0,202406,CA,0203129020,47,47,70,70,1212026.0,0.0,4983675.0,6,2024
460901.0,0.0,1693388.0,1704905.0,11517.0,202406,CA,0203192010,47,47,70,70,460901.0,0.0,1693388.0,6,2024
684790.0,0.0,2456222.0,2507545.0,51323.0,202406,CA,0203192090,47,47,70,70,684790.0,0.0,2456222.0,6,2024
4252299.0,0.0,17190965.0,17290645.0,99880.0,202406,CA,0203194010,47,47,70,70,4289149.0,0.0,17319711.0,6,2024
9055511.0,0.0,29231778.0,29432880.0,201302.0,202406,CA,0203194090,47,47,70,70,9090568.0,0.0,29333084.0,6,2024
18178.0,0.0,62518.0,62519.0,1.0,202406,CA,0203221000,47,47,70,70,18178.0,0.0,62518.0,6,2024
300681.0,0.0,1182512.0,1192846.0,10334.0,202406,CA,0203229000,47,47,70,70,300681.0,0.0,1182512.0,6,2024
124893.0,0.0,619053.0,625346.0,6293.0,202406,CA,0203292000,47,47,70,70,124893.0,0.0,619053.0,6,2024
2708191.0,0.0,8674267.0,8798191.0,125124.0,202406,CA,0203294000,47,47,70,70,2930104.0,0.0,9117368.0,6,2024
556073.0,0.0,1869602.0,1871235.0,1633.0,202407,CA,0203121010,47,47,70,70,556073.0,0.0,1869602.0,7,2024
2080564.0,0.0,6965422.0,7016509.0,55387.0,202407,CA,0203129010,47,47,70,70,2863330.0,0.0,8978144.0,7,2024
1184653.0,0.0,4656642.0,4710427.0,54085.0,202407,CA,0203129020,47,47,70,70,1238037.0,0.0,4784079.0,7,2024
93486.0,0.0,401881.0,403681.0,1800.0,202407,CA,0203192010,47,47,70,70,93486.0,0.0,401881.0,7,2024
728791.0,0.0,2432780.0,2470293.0,37513.0,202407,CA,0203192090,47,47,70,70,728791.0,0.0,2432780.0,7,2024
4321887.0,0.0,16965061.0,17063734.0,98673.0,202407,CA,0203194010,47,47,70,70,4321887.0,0.0,16965061.0,7,2024
9227957.0,0.0,27007618.0,27215420.0,208102.0,202407,CA,0203194090,47,47,70,70,9434834.0,0.0,27602604.0,7,2024
286.0,0.0,7811.0,7896.0,85.0,202407,CA,0203221000,47,47,70,70,286.0,0.0,7811.0,7,2024
317395.0,0.0,904893.0,948019.0,43126.0,202407,CA,0203229000,47,47,70,70,317395.0,0.0,904893.0,7,2024
23367.0,0.0,107976.0,110050.0,2074.0,202407,CA,0203292000,47,47,70,70,23367.0,0.0,107976.0,7,2024
3358731.0,0.0,9885960.0,10015058.0,130398.0,202407,CA,0203294000,47,47,70,70,3597648.0,0.0,10328842.0,7,2024
353018.0,0.0,1190228.0,1191361.0,1133.0,202408,CA,0203121010,47,47,70,70,353018.0,0.0,1190228.0,8,2024
1947960.0,0.0,6662965.0,6710041.0,53176.0,202408,CA,0203129010,47,47,70,70,3060490.0,0.0,9267615.0,8,2024
1221566.0,0.0,4335403.0,4391628.0,56325.0,202408,CA,0203129020,47,47,70,70,1240104.0,0.0,4376476.0,8,2024
180300.0,0.0,697282.0,700806.0,3524.0,202408,CA,0203192010,47,47,70,70,180300.0,0.0,697282.0,8,2024
771938.0,0.0,2686134.0,2744610.0,58476.0,202408,CA,0203192090,47,47,70,70,771938.0,0.0,2686134.0,8,2024
4208754.0,0.0,18228025.0,18331191.0,103166.0,202408,CA,0203194010,47,47,70,70,4208754.0,0.0,18228025.0,8,2024
8917833.0,0.0,26792196.0,27000590.0,208494.0,202408,CA,0203194090,47,47,70,70,8936559.0,0.0,26842975.0,8,2024
163948.0,0.0,464009.0,483350.0,19341.0,202408,CA,0203229000,47,47,70,70,163948.0,0.0,464009.0,8,2024
68862.0,0.0,336476.0,340299.0,3823.0,202408,CA,0203292000,47,47,70,70,68862.0,0.0,336476.0,8,2024
2547116.0,0.0,8350252.0,8448086.0,100334.0,202408,CA,0203294000,47,47,70,70,3001980.0,0.0,9174050.0,8,2024
477655.0,0.0,1413445.0,1413839.0,394.0,202409,CA,0203121010,47,47,70,70,477655.0,0.0,1413445.0,9,2024
1753039.0,0.0,5479378.0,5530098.0,56320.0,202409,CA,0203129010,47,47,70,70,2771159.0,0.0,7691086.0,9,2024
989079.0,0.0,3550196.0,3600305.0,50509.0,202409,CA,0203129020,47,47,70,70,1061674.0,0.0,3727324.0,9,2024
167691.0,0.0,611938.0,615536.0,3598.0,202409,CA,0203192010,47,47,70,70,167691.0,0.0,611938.0,9,2024
656771.0,0.0,2307421.0,2358737.0,51316.0,202409,CA,0203192090,47,47,70,70,656771.0,0.0,2307421.0,9,2024
4630967.0,0.0,18218404.0,18317982.0,99578.0,202409,CA,0203194010,47,47,70,70,4630967.0,0.0,18218404.0,9,2024
8812488.0,0.0,26369455.0,26578192.0,209037.0,202409,CA,0203194090,47,47,70,70,8867902.0,0.0,26500558.0,9,2024
144377.0,0.0,395887.0,411507.0,15620.0,202409,CA,0203229000,47,47,70,70,144377.0,0.0,395887.0,9,2024
20791.0,0.0,121979.0,124796.0,2817.0,202409,CA,0203292000,47,47,70,70,20791.0,0.0,121979.0,9,2024
2746192.0,0.0,9062280.0,9186494.0,127014.0,202409,CA,0203294000,47,47,70,70,3255141.0,0.0,9965273.0,9,2024
575643.0,0.0,1649260.0,1650010.0,750.0,202410,CA,0203121010,47,47,70,70,575643.0,0.0,1649260.0,10,2024
2149618.0,0.0,6591957.0,6653486.0,68029.0,202410,CA,0203129010,47,47,70,70,3323575.0,0.0,9101785.0,10,2024
946231.0,0.0,3347650.0,3405972.0,58622.0,202410,CA,0203129020,47,47,70,70,1001439.0,0.0,3476629.0,10,2024
170966.0,0.0,627811.0,631242.0,3431.0,202410,CA,0203192010,47,47,70,70,170966.0,0.0,627811.0,10,2024
716973.0,0.0,2477398.0,2530801.0,53403.0,202410,CA,0203192090,47,47,70,70,716973.0,0.0,2477398.0,10,2024
4673047.0,0.0,19979235.0,20085699.0,106564.0,202410,CA,0203194010,47,47,70,70,4691292.0,0.0,20050028.0,10,2024
9415686.0,0.0,28123209.0,28341134.0,218225.0,202410,CA,0203194090,47,47,70,70,9455768.0,0.0,28220266.0,10,2024
36371.0,0.0,111688.0,111690.0,2.0,202410,CA,0203221000,47,47,70,70,36371.0,0.0,111688.0,10,2024
582565.0,0.0,1613471.0,1689545.0,76074.0,202410,CA,0203229000,47,47,70,70,582565.0,0.0,1613471.0,10,2024
57588.0,0.0,231824.0,232709.0,885.0,202410,CA,0203292000,47,47,70,70,57588.0,0.0,231824.0,10,2024
3268300.0,0.0,10108580.0,10286759.0,179779.0,202410,CA,0203294000,47,47,70,70,3560163.0,0.0,10702845.0,10,2024
580510.0,0.0,1750633.0,1751262.0,629.0,202411,CA,0203121010,47,47,70,70,580510.0,0.0,1750633.0,11,2024
1955570.0,0.0,6461052.0,6514633.0,60281.0,202411,CA,0203129010,47,47,70,70,3180332.0,0.0,9257127.0,11,2024
1002917.0,0.0,3559736.0,3614913.0,55177.0,202411,CA,0203129020,47,47,70,70,1002917.0,0.0,3559736.0,11,2024
165384.0,0.0,633889.0,637130.0,3241.0,202411,CA,0203192010,47,47,70,70,165384.0,0.0,633889.0,11,2024
488683.0,0.0,1875973.0,1924182.0,48209.0,202411,CA,0203192090,47,47,70,70,488683.0,0.0,1875973.0,11,2024
4891142.0,0.0,22467383.0,22583106.0,115823.0,202411,CA,0203194010,47,47,70,70,4909286.0,0.0,22531981.0,11,2024
8891156.0,0.0,27326656.0,27539080.0,212424.0,202411,CA,0203194090,47,47,70,70,8891156.0,0.0,27326656.0,11,2024
60539.0,0.0,199104.0,199108.0,4.0,202411,CA,0203221000,47,47,70,70,60539.0,0.0,199104.0,11,2024
985489.0,0.0,2539914.0,2675510.0,135596.0,202411,CA,0203229000,47,47,70,70,985489.0,0.0,2539914.0,11,2024
33424.0,0.0,182310.0,185131.0,2821.0,202411,CA,0203292000,47,47,70,70,33424.0,0.0,182310.0,11,2024
3440937.0,0.0,10287891.0,10518656.0,232765.0,202411,CA,0203294000,47,47,70,70,3751200.0,0.0,10942142.0,11,2024
631088.0,0.0,1969674.0,1970490.0,816.0,202412,CA,0203121010,47,47,70,70,631088.0,0.0,1969674.0,12,2024
1821.0,0.0,12117.0,12681.0,564.0,202412,CA,0203121020,47,47,70,70,1821.0,0.0,12117.0,12,2024
2178881.0,0.0,7000193.0,7049488.0,54095.0,202412,CA,0203129010,47,47,70,70,3041135.0,0.0,9162894.0,12,2024
1174832.0,0.0,3994116.0,4050522.0,56906.0,202412,CA,0203129020,47,47,70,70,1244646.0,0.0,4164514.0,12,2024
159878.0,0.0,603524.0,606689.0,3165.0,202412,CA,0203192010,47,47,70,70,159878.0,0.0,603524.0,12,2024
686125.0,0.0,2376697.0,2420737.0,44040.0,202412,CA,0203192090,47,47,70,70,686125.0,0.0,2376697.0,12,2024
4918976.0,0.0,18830633.0,18944741.0,114108.0,202412,CA,0203194010,47,47,70,70,4918976.0,0.0,18830633.0,12,2024
8181388.0,0.0,25497592.0,25712445.0,214853.0,202412,CA,0203194090,47,47,70,70,8181388.0,0.0,25497592.0,12,2024
37008.0,0.0,83176.0,83178.0,2.0,202412,CA,0203221000,47,47,70,70,37008.0,0.0,83176.0,12,2024
788922.0,0.0,2090834.0,2184861.0,94027.0,202412,CA,0203229000,47,47,70,70,788922.0,0.0,2090834.0,12,2024
61672.0,0.0,254461.0,259251.0,4790.0,202412,CA,0203292000,47,47,70,70,61672.0,0.0,254461.0,12,2024
2709939.0,0.0,8317568.0,8471463.0,154995.0,202412,CA,0203294000,47,47,70,70,2911047.0,0.0,8672983.0,12,2024
693019.0,0.0,2090468.0,2091288.0,820.0,202501,CA,0203121010,47,47,70,70,693019.0,0.0,2090468.0,1,2025
1227.0,0.0,9857.0,9879.0,22.0,202501,CA,0203121020,47,47,70,70,1227.0,0.0,9857.0,1,2025
1942209.0,0.0,6225793.0,6268678.0,49185.0,202501,CA,0203129010,47,47,70,70,3094866.0,0.0,8678293.0,1,2025
984537.0,0.0,3604957.0,3659064.0,54607.0,202501,CA,0203129020,47,47,70,70,1072799.0,0.0,3822544.0,1,2025
290974.0,0.0,1072546.0,1078188.0,5642.0,202501,CA,0203192010,47,47,70,70,290974.0,0.0,1072546.0,1,2025
590200.0,0.0,2067066.0,2123551.0,56485.0,202501,CA,0203192090,47,47,70,70,590200.0,0.0,2067066.0,1,2025
5268301.0,0.0,21953714.0,22072490.0,118776.0,202501,CA,0203194010,47,47,70,70,5268301.0,0.0,21953714.0,1,2025
8684345.0,0.0,26169852.0,26393127.0,223475.0,202501,CA,0203194090,47,47,70,70,8721729.0,0.0,26246910.0,1,2025
10789.0,0.0,33300.0,33301.0,1.0,202501,CA,0203221000,47,47,70,70,10789.0,0.0,33300.0,1,2025
485103.0,0.0,1406222.0,1449472.0,43250.0,202501,CA,0203229000,47,47,70,70,485103.0,0.0,1406222.0,1,2025
115328.0,0.0,429362.0,432694.0,3332.0,202501,CA,0203292000,47,47,70,70,115328.0,0.0,429362.0,1,2025
2826659.0,0.0,9205451.0,9379904.0,175353.0,202501,CA,0203294000,47,47,70,70,2991059.0,0.0,9418476.0,1,2025
625492.0,0.0,1726632.0,1727340.0,708.0,202502,CA,0203121010,47,47,70,70,625492.0,0.0,1726632.0,2,2025
1014.0,0.0,7778.0,7803.0,25.0,202502,CA,0203121020,47,47,70,70,1014.0,0.0,7778.0,2,2025
1582953.0,0.0,4693153.0,4722497.0,34144.0,202502,CA,0203129010,47,47,70,70,2458572.0,0.0,6588268.0,2,2025
707621.0,0.0,2329775.0,2352356.0,22781.0,202502,CA,0203129020,47,47,70,70,743499.0,0.0,2422261.0,2,2025
139650.0,0.0,521303.0,524248.0,2945.0,202502,CA,0203192010,47,47,70,70,139650.0,0.0,521303.0,2,2025
926898.0,0.0,3350208.0,3419654.0,69446.0,202502,CA,0203192090,47,47,70,70,926898.0,0.0,3350208.0,2,2025
4996123.0,0.0,22770541.0,22897782.0,127241.0,202502,CA,0203194010,47,47,70,70,4996123.0,0.0,22770541.0,2,2025
8918592.0,0.0,27679663.0,27931963.0,252300.0,202502,CA,0203194090,47,47,70,70,8918592.0,0.0,27679663.0,2,2025
73368.0,0.0,203926.0,203930.0,4.0,202502,CA,0203221000,47,47,70,70,73368.0,0.0,203926.0,2,2025
399197.0,0.0,1196303.0,1241762.0,45459.0,202502,CA,0203229000,47,47,70,70,399197.0,0.0,1196303.0,2,2025
58421.0,0.0,315307.0,323629.0,8322.0,202502,CA,0203292000,47,47,70,70,58421.0,0.0,315307.0,2,2025
2578996.0,0.0,8361039.0,8481162.0,121423.0,202502,CA,0203294000,47,47,70,70,2814936.0,0.0,8812425.0,2,2025
782448.0,0.0,2210117.0,2210935.0,818.0,202503,CA,0203121010,47,47,70,70,782448.0,0.0,2210117.0,3,2025
659.0,0.0,4883.0,4895.0,12.0,202503,CA,0203121020,47,47,70,70,659.0,0.0,4883.0,3,2025
1437400.0,0.0,4636598.0,4666773.0,32775.0,202503,CA,0203129010,47,47,70,70,1915377.0,0.0,5670204.0,3,2025
732539.0,0.0,2567576.0,2590033.0,22757.0,202503,CA,0203129020,47,47,70,70,786207.0,0.0,2703641.0,3,2025
317887.0,0.0,1201525.0,1208297.0,6772.0,202503,CA,0203192010,47,47,70,70,317887.0,0.0,1201525.0,3,2025
820522.0,0.0,2845989.0,2893561.0,47572.0,202503,CA,0203192090,47,47,70,70,820522.0,0.0,2845989.0,3,2025
5326219.0,0.0,22690848.0,22807363.0,116515.0,202503,CA,0203194010,47,47,70,70,5326219.0,0.0,22690848.0,3,2025
8443620.0,0.0,26768288.0,27033703.0,265815.0,202503,CA,0203194090,47,47,70,70,8516431.0,0.0,26975850.0,3,2025
36671.0,0.0,99514.0,99516.0,2.0,202503,CA,0203221000,47,47,70,70,36671.0,0.0,99514.0,3,2025
412362.0,0.0,1133888.0,1169667.0,35779.0,202503,CA,0203229000,47,47,70,70,412362.0,0.0,1133888.0,3,2025
109516.0,0.0,435535.0,438920.0,3385.0,202503,CA,0203292000,47,47,70,70,109516.0,0.0,435535.0,3,2025
2807739.0,0.0,10018694.0,10162219.0,144525.0,202503,CA,0203294000,47,47,70,70,2991088.0,0.0,10344226.0,3,2025
736415.0,0.0,2015798.0,2016598.0,800.0,202504,CA,0203121010,47,47,70,70,736415.0,0.0,2015798.0,4,2025
896.0,0.0,7086.0,7103.0,17.0,202504,CA,0203121020,47,47,70,70,896.0,0.0,7086.0,4,2025
1348791.0,0.0,4234060.0,4259137.0,26377.0,202504,CA,0203129010,47,47,70,70,1590092.0,0.0,4745731.0,4,2025
723294.0,0.0,2580223.0,2602899.0,22876.0,202504,CA,0203129020,47,47,70,70,758173.0,0.0,2673817.0,4,2025
353683.0,0.0,1335456.0,1343287.0,7831.0,202504,CA,0203192010,47,47,70,70,353683.0,0.0,1335456.0,4,2025
698611.0,0.0,2368338.0,2438249.0,69911.0,202504,CA,0203192090,47,47,70,70,698611.0,0.0,2368338.0,4,2025
4623278.0,0.0,18515360.0,18616222.0,101062.0,202504,CA,0203194010,47,47,70,70,4659644.0,0.0,18637589.0,4,2025
8033150.0,0.0,25754444.0,26010049.0,255705.0,202504,CA,0203194090,47,47,70,70,8048696.0,0.0,25819903.0,4,2025
595694.0,0.0,1749816.0,1794411.0,44595.0,202504,CA,0203229000,47,47,70,70,595694.0,0.0,1749816.0,4,2025
50298.0,0.0,205611.0,209831.0,4220.0,202504,CA,0203292000,47,47,70,70,50298.0,0.0,205611.0,4,2025
1700928.0,0.0,5751021.0,5876558.0,126337.0,202504,CA,0203294000,47,47,70,70,1829358.0,0.0,5979138.0,4,2025
724229.0,0.0,2042950.0,2043910.0,960.0,202505,CA,0203121010,47,47,70,70,724229.0,0.0,2042950.0,5,2025
654.0,0.0,4888.0,4903.0,15.0,202505,CA,0203121020,47,47,70,70,654.0,0.0,4888.0,5,2025
1660729.0,0.0,4893872.0,4921349.0,30977.0,202505,CA,0203129010,47,47,70,70,2302055.0,0.0,6349305.0,5,2025
775374.0,0.0,2739315.0,2761116.0,22001.0,202505,CA,0203129020,47,47,70,70,812365.0,0.0,2815561.0,5,2025
306466.0,0.0,1171543.0,1178122.0,6579.0,202505,CA,0203192010,47,47,70,70,306466.0,0.0,1171543.0,5,2025
652128.0,0.0,2338448.0,2390606.0,52158.0,202505,CA,0203192090,47,47,70,70,652128.0,0.0,2338448.0,5,2025
5318641.0,0.0,22630811.0,22742828.0,112217.0,202505,CA,0203194010,47,47,70,70,5325227.0,0.0,22657154.0,5,2025
8331707.0,0.0,27045786.0,27312698.0,267012.0,202505,CA,0203194090,47,47,70,70,8349525.0,0.0,27084673.0,5,2025
18199.0,0.0,62187.0,62188.0,1.0,202505,CA,0203221000,47,47,70,70,18199.0,0.0,62187.0,5,2025
470072.0,0.0,1233275.0,1282717.0,49442.0,202505,CA,0203229000,47,47,70,70,470072.0,0.0,1233275.0,5,2025
85272.0,0.0,284776.0,289635.0,4859.0,202505,CA,0203292000,47,47,70,70,85272.0,0.0,284776.0,5,2025
2043070.0,0.0,6942095.0,7058086.0,118291.0,202505,CA,0203294000,47,47,70,70,2439893.0,0.0,7667784.0,5,2025
742990.0,0.0,2399500.0,2400367.0,867.0,202506,CA,0203121010,47,47,70,70,742990.0,0.0,2399500.0,6,2025
1320.0,0.0,10383.0,10407.0,24.0,202506,CA,0203121020,47,47,70,70,1320.0,0.0,10383.0,6,2025
1851314.0,0.0,6237297.0,6264593.0,30596.0,202506,CA,0203129010,47,47,70,70,2457273.0,0.0,7883628.0,6,2025
895452.0,0.0,3297298.0,3320522.0,23224.0,202506,CA,0203129020,47,47,70,70,895452.0,0.0,3297298.0,6,2025
57210.0,0.0,210355.0,211527.0,1172.0,202506,CA,0203192010,47,47,70,70,57210.0,0.0,210355.0,6,2025
518329.0,0.0,2169727.0,2226940.0,57213.0,202506,CA,0203192090,47,47,70,70,518329.0,0.0,2169727.0,6,2025
4830728.0,0.0,22336130.0,22427443.0,91413.0,202506,CA,0203194010,47,47,70,70,4846749.0,0.0,22427606.0,6,2025
8864005.0,0.0,29827868.0,30086229.0,258661.0,202506,CA,0203194090,47,47,70,70,8918952.0,0.0,29977067.0,6,2025
36354.0,0.0,124226.0,124228.0,2.0,202506,CA,0203221000,47,47,70,70,36354.0,0.0,124226.0,6,2025
585102.0,0.0,1523517.0,1572673.0,49256.0,202506,CA,0203229000,47,47,70,70,603537.0,0.0,1589765.0,6,2025
86998.0,0.0,369522.0,379382.0,9860.0,202506,CA,0203292000,47,47,70,70,86998.0,0.0,369522.0,6,2025
3052539.0,0.0,10108722.0,10294035.0,187413.0,202506,CA,0203294000,47,47,70,70,3436587.0,0.0,10981645.0,6,2025
619034.0,0.0,1950273.0,1951183.0,910.0,202507,CA,0203121010,47,47,70,70,619034.0,0.0,1950273.0,7,2025
2186.0,0.0,18583.0,18631.0,48.0,202507,CA,0203121020,47,47,70,70,2186.0,0.0,18583.0,7,2025
2235324.0,0.0,7059870.0,7090528.0,33758.0,202507,CA,0203129010,47,47,70,70,2804424.0,0.0,8568035.0,7,2025
776520.0,0.0,2434392.0,2454671.0,20379.0,202507,CA,0203129020,47,47,70,70,794908.0,0.0,2491144.0,7,2025
33538.0,0.0,202141.0,202964.0,823.0,202507,CA,0203192010,47,47,70,70,33538.0,0.0,202141.0,7,2025
759095.0,0.0,2961344.0,3005258.0,43914.0,202507,CA,0203192090,47,47,70,70,759095.0,0.0,2961344.0,7,2025
3936785.0,0.0,19570725.0,19654019.0,83294.0,202507,CA,0203194010,47,47,70,70,3936785.0,0.0,19570725.0,7,2025
9829199.0,0.0,33595250.0,33871066.0,276216.0,202507,CA,0203194090,47,47,70,70,9900408.0,0.0,33772877.0,7,2025
72760.0,0.0,253445.0,253449.0,4.0,202507,CA,0203221000,47,47,70,70,72760.0,0.0,253445.0,7,2025
290136.0,0.0,896231.0,925285.0,29054.0,202507,CA,0203229000,47,47,70,70,290136.0,0.0,896231.0,7,2025
102522.0,0.0,380353.0,381132.0,779.0,202507,CA,0203292000,47,47,70,70,102522.0,0.0,380353.0,7,2025
2692608.0,0.0,9635110.0,9790231.0,156621.0,202507,CA,0203294000,47,47,70,70,2964995.0,0.0,10259965.0,7,2025
464307.0,0.0,1567092.0,1568593.0,1501.0,202508,CA,0203121010,47,47,70,70,464307.0,0.0,1567092.0,8,2025
1971.0,0.0,17625.0,17671.0,46.0,202508,CA,0203121020,47,47,70,70,1971.0,0.0,17625.0,8,2025
1894705.0,0.0,6561834.0,6595739.0,37005.0,202508,CA,0203129010,47,47,70,70,2454764.0,0.0,8076795.0,8,2025
643838.0,0.0,1904438.0,1924468.0,20130.0,202508,CA,0203129020,47,47,70,70,651328.0,0.0,1925623.0,8,2025
143937.0,0.0,531126.0,533767.0,2641.0,202508,CA,0203192010,47,47,70,70,143937.0,0.0,531126.0,8,2025
671604.0,0.0,2721330.0,2783804.0,62474.0,202508,CA,0203192090,47,47,70,70,671604.0,0.0,2721330.0,8,2025
3618129.0,0.0,18592769.0,18673610.0,80841.0,202508,CA,0203194010,47,47,70,70,3618129.0,0.0,18592769.0,8,2025
9332481.0,0.0,31954799.0,32208474.0,253775.0,202508,CA,0203194090,47,47,70,70,9350779.0,0.0,32056856.0,8,2025
0.0,0.0,0.0,0.0,100.0,202508,CA,0203210000,47,47,70,70,16281.0,0.0,32303.0,8,2025
27130.0,0.0,96893.0,96895.0,2.0,202508,CA,0203221000,47,47,70,70,27130.0,0.0,96893.0,8,2025
115699.0,0.0,346539.0,363019.0,16480.0,202508,CA,0203229000,47,47,70,70,115699.0,0.0,346539.0,8,2025
69620.0,0.0,354852.0,356723.0,1871.0,202508,CA,0203292000,47,47,70,70,69620.0,0.0,354852.0,8,2025
2321757.0,0.0,8289381.0,8426223.0,139242.0,202508,CA,0203294000,47,47,70,70,2757948.0,0.0,9064475.0,8,2025
726877.0,0.0,2366431.0,2368087.0,1656.0,202509,CA,0203121010,47,47,70,70,726877.0,0.0,2366431.0,9,2025
1608.0,0.0,13682.0,13716.0,34.0,202509,CA,0203121020,47,47,70,70,1608.0,0.0,13682.0,9,2025
2339653.0,0.0,7342928.0,7389283.0,49155.0,202509,CA,0203129010,47,47,70,70,2851176.0,0.0,8647381.0,9,2025
706286.0,0.0,2437244.0,2456413.0,19169.0,202509,CA,0203129020,47,47,70,70,706286.0,0.0,2437244.0,9,2025
382174.0,0.0,1401544.0,1408972.0,7428.0,202509,CA,0203192010,47,47,70,70,382174.0,0.0,1401544.0,9,2025
719995.0,0.0,2804154.0,2864684.0,60530.0,202509,CA,0203192090,47,47,70,70,719995.0,0.0,2804154.0,9,2025
4452106.0,0.0,21685765.0,21795343.0,109578.0,202509,CA,0203194010,47,47,70,70,4452106.0,0.0,21685765.0,9,2025
9685077.0,0.0,32940051.0,33237871.0,297920.0,202509,CA,0203194090,47,47,70,70,9703577.0,0.0,32984915.0,9,2025
68345.0,0.0,226810.0,226814.0,4.0,202509,CA,0203221000,47,47,70,70,68345.0,0.0,226810.0,9,2025
419596.0,0.0,1109968.0,1154773.0,44805.0,202509,CA,0203229000,47,47,70,70,419596.0,0.0,1109968.0,9,2025
105157.0,0.0,444453.0,451878.0,7425.0,202509,CA,0203292000,47,47,70,70,105157.0,0.0,444453.0,9,2025
2789479.0,0.0,9828131.0,9992992.0,166961.0,202509,CA,0203294000,47,47,70,70,3164211.0,0.0,10537455.0,9,2025
781806.0,0.0,2446702.0,2448222.0,1520.0,202510,CA,0203121010,47,47,70,70,781806.0,0.0,2446702.0,10,2025
2690.0,0.0,22722.0,22768.0,46.0,202510,CA,0203121020,47,47,70,70,2690.0,0.0,22722.0,10,2025
2724076.0,0.0,8191602.0,8246057.0,58355.0,202510,CA,0203129010,47,47,70,70,3437214.0,0.0,9934871.0,10,2025
498389.0,0.0,1535108.0,1547996.0,12888.0,202510,CA,0203129020,47,47,70,70,498389.0,0.0,1535108.0,10,2025
348563.0,0.0,1306917.0,1315177.0,8260.0,202510,CA,0203192010,47,47,70,70,348563.0,0.0,1306917.0,10,2025
947256.0,0.0,3426878.0,3493022.0,66144.0,202510,CA,0203192090,47,47,70,70,947256.0,0.0,3426878.0,10,2025
5540531.0,0.0,23344755.0,23523937.0,179382.0,202510,CA,0203194010,47,47,70,70,5577226.0,0.0,23487980.0,10,2025
10151700.0,0.0,33456355.0,33809728.0,353773.0,202510,CA,0203194090,47,47,70,70,10223951.0,0.0,33671147.0,10,2025
72772.0,0.0,262859.0,262863.0,4.0,202510,CA,0203221000,47,47,70,70,72772.0,0.0,262859.0,10,2025
636623.0,0.0,1802562.0,1875574.0,73012.0,202510,CA,0203229000,47,47,70,70,636623.0,0.0,1802562.0,10,2025
14570.0,0.0,64820.0,66918.0,2098.0,202510,CA,0203292000,47,47,70,70,14570.0,0.0,64820.0,10,2025
3205006.0,0.0,11225405.0,11391585.0,168280.0,202510,CA,0203294000,47,47,70,70,3587219.0,0.0,12033574.0,10,2025
808298.0,0.0,2364305.0,2365937.0,1632.0,202511,CA,0203121010,47,47,70,70,808298.0,0.0,2364305.0,11,2025
12554.0,0.0,41165.0,41213.0,48.0,202511,CA,0203121020,47,47,70,70,12554.0,0.0,41165.0,11,2025
2323213.0,0.0,6764458.0,6836888.0,76430.0,202511,CA,0203129010,47,47,70,70,3053753.0,0.0,8363713.0,11,2025
583703.0,0.0,1665066.0,1822732.0,157766.0,202511,CA,0203129020,47,47,70,70,600775.0,0.0,1700820.0,11,2025
228357.0,0.0,889286.0,893691.0,4405.0,202511,CA,0203192010,47,47,70,70,228357.0,0.0,889286.0,11,2025
973731.0,0.0,3466935.0,3525930.0,58995.0,202511,CA,0203192090,47,47,70,70,973731.0,0.0,3466935.0,11,2025
5196940.0,0.0,21274642.0,22404914.0,1130472.0,202511,CA,0203194010,47,47,70,70,5233185.0,0.0,21393106.0,11,2025
9224750.0,0.0,29943126.0,33216072.0,3273246.0,202511,CA,0203194090,47,47,70,70,9279422.0,0.0,30101056.0,11,2025
40891.0,0.0,132827.0,136842.0,4015.0,202511,CA,0203221000,47,47,70,70,40891.0,0.0,132827.0,11,2025
915885.0,0.0,2726878.0,2837940.0,111062.0,202511,CA,0203229000,47,47,70,70,915885.0,0.0,2726878.0,11,2025
71195.0,0.0,236784.0,240290.0,3506.0,202511,CA,0203292000,47,47,70,70,71195.0,0.0,236784.0,11,2025
3836501.0,0.0,12889260.0,13209869.0,321909.0,202511,CA,0203294000,47,47,70,70,4070883.0,0.0,13403548.0,11,2025
521151.0,0.0,1562653.0,1564080.0,1427.0,202512,CA,0203121010,47,47,70,70,521151.0,0.0,1562653.0,12,2025
9520.0,0.0,59276.0,59378.0,102.0,202512,CA,0203121020,47,47,70,70,9520.0,0.0,59276.0,12,2025
2374428.0,0.0,7031385.0,7078248.0,50863.0,202512,CA,0203129010,47,47,70,70,3106703.0,0.0,8871541.0,12,2025
604543.0,0.0,1747195.0,1845983.0,98888.0,202512,CA,0203129020,47,47,70,70,622998.0,0.0,1789101.0,12,2025
304224.0,0.0,1127010.0,1133471.0,6461.0,202512,CA,0203192010,47,47,70,70,304224.0,0.0,1127010.0,12,2025
912362.0,0.0,2964348.0,3018787.0,54439.0,202512,CA,0203192090,47,47,70,70,912362.0,0.0,2964348.0,12,2025
5127518.0,0.0,19803320.0,20761188.0,957968.0,202512,CA,0203194010,47,47,70,70,5145813.0,0.0,19865835.0,12,2025
8610157.0,0.0,27026680.0,30240497.0,3214617.0,202512,CA,0203194090,47,47,70,70,8756053.0,0.0,27441537.0,12,2025
36413.0,0.0,132061.0,132063.0,2.0,202512,CA,0203221000,47,47,70,70,36413.0,0.0,132061.0,12,2025
440519.0,0.0,1202356.0,1241257.0,38901.0,202512,CA,0203229000,47,47,70,70,440519.0,0.0,1202356.0,12,2025
71722.0,0.0,223899.0,229307.0,5408.0,202512,CA,0203292000,47,47,70,70,71722.0,0.0,223899.0,12,2025
3300212.0,0.0,10756499.0,11063655.0,308656.0,202512,CA,0203294000,47,47,70,70,3574659.0,0.0,11262206.0,12,2025
