date,countryCode,hS10Code,censusUOMId1,censusUOMId2,fasConvertedUOMId,fasNonConvertedUOMId,quantity1,quantity2,value,mes_origen,year
199401,MX,0203110000,47,47,70,70,199692.0,0.0,354356.0,1,1994
199401,MX,0203121000,47,47,70,70,56623.0,0.0,92060.0,1,1994
199401,MX,0203129000,47,47,70,70,1384420.0,0.0,2346681.0,1,1994
199401,MX,0203192000,47,47,70,70,11623.0,0.0,44439.0,1,1994
199401,MX,0203194000,47,47,70,70,369146.0,0.0,806464.0,1,1994
199401,MX,0203210000,47,47,70,70,84618.0,0.0,127714.0,1,1994
199401,MX,0203221000,47,47,70,70,5122.0,0.0,21595.0,1,1994
199401,MX,0203229000,47,47,70,70,152652.0,0.0,244401.0,1,1994
199401,MX,0203292000,47,47,70,70,1766.0,0.0,3517.0,1,1994
199401,MX,0203294000,47,47,70,70,807953.0,0.0,1388143.0,1,1994
199402,MX,0203110000,47,47,70,70,238732.0,0.0,479424.0,2,1994
199402,MX,0203121000,47,47,70,70,11564.0,0.0,36619.0,2,1994
199402,MX,0203129000,47,47,70,70,795900.0,0.0,1552358.0,2,1994
199402,MX,0203192000,47,47,70,70,7566.0,0.0,30039.0,2,1994
199402,MX,0203194000,47,47,70,70,379089.0,0.0,881417.0,2,1994
199402,MX,0203210000,47,47,70,70,99771.0,0.0,167664.0,2,1994
199402,MX,0203221000,47,47,70,70,5360.0,0.0,22800.0,2,1994
199402,MX,0203229000,47,47,70,70,298127.0,0.0,454314.0,2,1994
199402,MX,0203292000,47,47,70,70,20502.0,0.0,33891.0,2,1994
199402,MX,0203294000,47,47,70,70,1091966.0,0.0,1598317.0,2,1994
199403,MX,0203110000,47,47,70,70,328157.0,0.0,615260.0,3,1994
199403,MX,0203121000,47,47,70,70,56267.0,0.0,83159.0,3,1994
199403,MX,0203129000,47,47,70,70,662408.0,0.0,1186613.0,3,1994
199403,MX,0203192000,47,47,70,70,2041.0,0.0,10125.0,3,1994
199403,MX,0203194000,47,47,70,70,403659.0,0.0,756087.0,3,1994
199403,MX,0203210000,47,47,70,70,91081.0,0.0,141249.0,3,1994
199403,MX,0203221000,47,47,70,70,5740.0,0.0,18301.0,3,1994
199403,MX,0203229000,47,47,70,70,184311.0,0.0,282220.0,3,1994
199403,MX,0203292000,47,47,70,70,21436.0,0.0,38061.0,3,1994
199403,MX,0203294000,47,47,70,70,701869.0,0.0,727784.0,3,1994
199404,MX,0203110000,47,47,70,70,569746.0,0.0,1205461.0,4,1994
199404,MX,0203121000,47,47,70,70,28092.0,0.0,61307.0,4,1994
199404,MX,0203129000,47,47,70,70,614788.0,0.0,1602654.0,4,1994
199404,MX,0203192000,47,47,70,70,23623.0,0.0,56243.0,4,1994
199404,MX,0203194000,47,47,70,70,259848.0,0.0,501744.0,4,1994
199404,MX,0203210000,47,47,70,70,18165.0,0.0,23935.0,4,1994
199404,MX,0203229000,47,47,70,70,41604.0,0.0,97169.0,4,1994
199404,MX,0203292000,47,47,70,70,20031.0,0.0,78922.0,4,1994
199404,MX,0203294000,47,47,70,70,681647.0,0.0,1161548.0,4,1994
199405,MX,0203110000,47,47,70,70,605284.0,0.0,1140908.0,5,1994
199405,MX,0203121000,47,47,70,70,42132.0,0.0,158826.0,5,1994
199405,MX,0203129000,47,47,70,70,669665.0,0.0,1841121.0,5,1994
199405,MX,0203192000,47,47,70,70,30057.0,0.0,118421.0,5,1994
199405,MX,0203194000,47,47,70,70,572459.0,0.0,1113918.0,5,1994
199405,MX,0203210000,47,47,70,70,6176.0,0.0,14120.0,5,1994
199405,MX,0203221000,47,47,70,70,7778.0,0.0,31497.0,5,1994
199405,MX,0203229000,47,47,70,70,201198.0,0.0,348156.0,5,1994
199405,MX,0203292000,47,47,70,70,18074.0,0.0,90111.0,5,1994
199405,MX,0203294000,47,47,70,70,524454.0,0.0,1107240.0,5,1994
199406,MX,0203110000,47,47,70,70,554468.0,0.0,1121589.0,6,1994
199406,MX,0203121000,47,47,70,70,15634.0,0.0,47839.0,6,1994
199406,MX,0203129000,47,47,70,70,1077981.0,0.0,2896769.0,6,1994
199406,MX,0203192000,47,47,70,70,28122.0,0.0,70384.0,6,1994
199406,MX,0203194000,47,47,70,70,339589.0,0.0,654777.0,6,1994
199406,MX,0203210000,47,47,70,70,2848.0,0.0,4697.0,6,1994
199406,MX,0203221000,47,47,70,70,2339.0,0.0,11163.0,6,1994
199406,MX,0203229000,47,47,70,70,226028.0,0.0,447092.0,6,1994
199406,MX,0203292000,47,47,70,70,119324.0,0.0,414704.0,6,1994
199406,MX,0203294000,47,47,70,70,998921.0,0.0,1260049.0,6,1994
199407,MX,0203110000,47,47,70,70,567260.0,0.0,1173447.0,7,1994
199407,MX,0203121000,47,47,70,70,28635.0,0.0,104171.0,7,1994
199407,MX,0203129000,47,47,70,70,978898.0,0.0,2514306.0,7,1994
199407,MX,0203192000,47,47,70,70,27358.0,0.0,71229.0,7,1994
199407,MX,0203194000,47,47,70,70,559014.0,0.0,807962.0,7,1994
199407,MX,0203210000,47,47,70,70,2251.0,0.0,5146.0,7,1994
199407,MX,0203221000,47,47,70,70,6832.0,0.0,27414.0,7,1994
199407,MX,0203229000,47,47,70,70,185975.0,0.0,457657.0,7,1994
199407,MX,0203292000,47,47,70,70,72235.0,0.0,233377.0,7,1994
199407,MX,0203294000,47,47,70,70,775335.0,0.0,1094540.0,7,1994
199408,MX,0203110000,47,47,70,70,448363.0,0.0,888402.0,8,1994
199408,MX,0203121000,47,47,70,70,44141.0,0.0,113803.0,8,1994
199408,MX,0203129000,47,47,70,70,697047.0,0.0,1648268.0,8,1994
199408,MX,0203192000,47,47,70,70,10638.0,0.0,20502.0,8,1994
199408,MX,0203194000,47,47,70,70,584141.0,0.0,719724.0,8,1994
199408,MX,0203221000,47,47,70,70,37816.0,0.0,94205.0,8,1994
199408,MX,0203229000,47,47,70,70,202420.0,0.0,472550.0,8,1994
199408,MX,0203292000,47,47,70,70,178514.0,0.0,523768.0,8,1994
199408,MX,0203294000,47,47,70,70,721658.0,0.0,1148585.0,8,1994
199409,MX,0203110000,47,47,70,70,577621.0,0.0,1027855.0,9,1994
199409,MX,0203121000,47,47,70,70,137454.0,0.0,301918.0,9,1994
199409,MX,0203129000,47,47,70,70,1043648.0,0.0,2393442.0,9,1994
199409,MX,0203192000,47,47,70,70,40918.0,0.0,152847.0,9,1994
199409,MX,0203194000,47,47,70,70,801468.0,0.0,940355.0,9,1994
199409,MX,0203221000,47,47,70,70,7077.0,0.0,26678.0,9,1994
199409,MX,0203229000,47,47,70,70,154783.0,0.0,264020.0,9,1994
199409,MX,0203292000,47,47,70,70,65290.0,0.0,175919.0,9,1994
199409,MX,0203294000,47,47,70,70,820819.0,0.0,1104543.0,9,1994
199410,MX,0203110000,47,47,70,70,896771.0,0.0,1321197.0,10,1994
199410,MX,0203121000,47,47,70,70,47983.0,0.0,129847.0,10,1994
199410,MX,0203129000,47,47,70,70,1866476.0,0.0,4110112.0,10,1994
199410,MX,0203192000,47,47,70,70,3297.0,0.0,10898.0,10,1994
199410,MX,0203194000,47,47,70,70,541399.0,0.0,920290.0,10,1994
199410,MX,0203221000,47,47,70,70,9282.0,0.0,34989.0,10,1994
199410,MX,0203229000,47,47,70,70,255085.0,0.0,401000.0,10,1994
199410,MX,0203292000,47,47,70,70,82182.0,0.0,240207.0,10,1994
199410,MX,0203294000,47,47,70,70,929780.0,0.0,1441878.0,10,1994
199411,MX,0203110000,47,47,70,70,902701.0,0.0,1147024.0,11,1994
199411,MX,0203121000,47,47,70,70,39012.0,0.0,122450.0,11,1994
199411,MX,0203129000,47,47,70,70,1502089.0,0.0,3288871.0,11,1994
199411,MX,0203192000,47,47,70,70,50211.0,0.0,76868.0,11,1994
199411,MX,0203194000,47,47,70,70,831148.0,0.0,732552.0,11,1994
199411,MX,0203221000,47,47,70,70,29511.0,0.0,126738.0,11,1994
199411,MX,0203229000,47,47,70,70,147009.0,0.0,335098.0,11,1994
199411,MX,0203292000,47,47,70,70,19078.0,0.0,35330.0,11,1994
199411,MX,0203294000,47,47,70,70,610625.0,0.0,1316626.0,11,1994
199412,MX,0203110000,47,47,70,70,753217.0,0.0,1126085.0,12,1994
199412,MX,0203121000,47,47,70,70,57678.0,0.0,108776.0,12,1994
199412,MX,0203129000,47,47,70,70,1547691.0,0.0,3270033.0,12,1994
199412,MX,0203192000,47,47,70,70,19946.0,0.0,28663.0,12,1994
199412,MX,0203194000,47,47,70,70,681532.0,0.0,938046.0,12,1994
199412,MX,0203221000,47,47,70,70,27322.0,0.0,74709.0,12,1994
199412,MX,0203229000,47,47,70,70,90557.0,0.0,213132.0,12,1994
199412,MX,0203292000,47,47,70,70,31564.0,0.0,69364.0,12,1994
199412,MX,0203294000,47,47,70,70,1298057.0,0.0,2067139.0,12,1994
199501,MX,0203110000,47,47,70,70,199195.0,0.0,373117.0,1,1995
199501,MX,0203121000,47,47,70,70,4408.0,0.0,15241.0,1,1995
199501,MX,0203129000,47,47,70,70,611822.0,0.0,1564092.0,1,1995
199501,MX,0203192000,47,47,70,70,10948.0,0.0,43129.0,1,1995
199501,MX,0203194000,47,47,70,70,386656.0,0.0,517447.0,1,1995
199501,MX,0203221000,47,47,70,70,780.0,0.0,2940.0,1,1995
199501,MX,0203229000,47,47,70,70,44189.0,0.0,90858.0,1,1995
199501,MX,0203292000,47,47,70,70,10753.0,0.0,42362.0,1,1995
199501,MX,0203294000,47,47,70,70,442024.0,0.0,888676.0,1,1995
199502,MX,0203110000,47,47,70,70,149779.0,0.0,350728.0,2,1995
199502,MX,0203121000,47,47,70,70,2268.0,0.0,5800.0,2,1995
199502,MX,0203129000,47,47,70,70,406748.0,0.0,1018903.0,2,1995
199502,MX,0203192000,47,47,70,70,5443.0,0.0,6600.0,2,1995
199502,MX,0203194000,47,47,70,70,381503.0,0.0,466928.0,2,1995
199502,MX,0203210000,47,47,70,70,7197.0,0.0,21995.0,2,1995
199502,MX,0203229000,47,47,70,70,19628.0,0.0,29964.0,2,1995
199502,MX,0203292000,47,47,70,70,24768.0,0.0,48645.0,2,1995
199502,MX,0203294000,47,47,70,70,550058.0,0.0,807283.0,2,1995
199503,MX,0203110000,47,47,70,70,139592.0,0.0,313610.0,3,1995
199503,MX,0203121000,47,47,70,70,1134.0,0.0,2900.0,3,1995
199503,MX,0203129000,47,47,70,70,152341.0,0.0,319389.0,3,1995
199503,MX,0203192000,47,47,70,70,21594.0,0.0,30649.0,3,1995
199503,MX,0203194000,47,47,70,70,215138.0,0.0,183913.0,3,1995
199503,MX,0203221000,47,47,70,70,8357.0,0.0,31500.0,3,1995
199503,MX,0203229000,47,47,70,70,14938.0,0.0,36203.0,3,1995
199503,MX,0203292000,47,47,70,70,28209.0,0.0,74925.0,3,1995
199503,MX,0203294000,47,47,70,70,379183.0,0.0,863698.0,3,1995
199504,MX,0203110000,47,47,70,70,122017.0,0.0,209654.0,4,1995
199504,MX,0203121000,47,47,70,70,7799.0,0.0,26948.0,4,1995
199504,MX,0203129000,47,47,70,70,135176.0,0.0,370071.0,4,1995
199504,MX,0203192000,47,47,70,70,941.0,0.0,5704.0,4,1995
199504,MX,0203194000,47,47,70,70,177650.0,0.0,216660.0,4,1995
199504,MX,0203221000,47,47,70,70,2569.0,0.0,9684.0,4,1995
199504,MX,0203229000,47,47,70,70,32016.0,0.0,62423.0,4,1995
199504,MX,0203292000,47,47,70,70,34877.0,0.0,76217.0,4,1995
199504,MX,0203294000,47,47,70,70,352146.0,0.0,619446.0,4,1995
199505,MX,0203110000,47,47,70,70,148653.0,0.0,228144.0,5,1995
199505,MX,0203121000,47,47,70,70,9278.0,0.0,33595.0,5,1995
199505,MX,0203129000,47,47,70,70,212239.0,0.0,548173.0,5,1995
199505,MX,0203192000,47,47,70,70,52647.0,0.0,95097.0,5,1995
199505,MX,0203194000,47,47,70,70,388825.0,0.0,404713.0,5,1995
199505,MX,0203221000,47,47,70,70,26544.0,0.0,96259.0,5,1995
199505,MX,0203229000,47,47,70,70,12297.0,0.0,39302.0,5,1995
199505,MX,0203292000,47,47,70,70,32017.0,0.0,102272.0,5,1995
199505,MX,0203294000,47,47,70,70,385869.0,0.0,673510.0,5,1995
199506,MX,0203110000,47,47,70,70,42246.0,0.0,51655.0,6,1995
199506,MX,0203121000,47,47,70,70,10591.0,0.0,39921.0,6,1995
199506,MX,0203129000,47,47,70,70,201594.0,0.0,480820.0,6,1995
199506,MX,0203192000,47,47,70,70,5076.0,0.0,10975.0,6,1995
199506,MX,0203194000,47,47,70,70,477859.0,0.0,646228.0,6,1995
199506,MX,0203229000,47,47,70,70,31692.0,0.0,66760.0,6,1995
199506,MX,0203292000,47,47,70,70,26250.0,0.0,76044.0,6,1995
199506,MX,0203294000,47,47,70,70,320547.0,0.0,512551.0,6,1995
199507,MX,0203110000,47,47,70,70,101730.0,0.0,146779.0,7,1995
199507,MX,0203129000,47,47,70,70,106333.0,0.0,264406.0,7,1995
199507,MX,0203192000,47,47,70,70,6267.0,0.0,18910.0,7,1995
199507,MX,0203194000,47,47,70,70,329116.0,0.0,437973.0,7,1995
199507,MX,0203221000,47,47,70,70,9288.0,0.0,35011.0,7,1995
199507,MX,0203229000,47,47,70,70,18285.0,0.0,58447.0,7,1995
199507,MX,0203292000,47,47,70,70,22715.0,0.0,68192.0,7,1995
199507,MX,0203294000,47,47,70,70,361143.0,0.0,430195.0,7,1995
199508,MX,0203110000,47,47,70,70,125726.0,0.0,227380.0,8,1995
199508,MX,0203121000,47,47,70,70,4885.0,0.0,16713.0,8,1995
199508,MX,0203129000,47,47,70,70,103745.0,0.0,292384.0,8,1995
199508,MX,0203192000,47,47,70,70,9943.0,0.0,13344.0,8,1995
199508,MX,0203194000,47,47,70,70,379245.0,0.0,483131.0,8,1995
199508,MX,0203229000,47,47,70,70,73668.0,0.0,180244.0,8,1995
199508,MX,0203292000,47,47,70,70,71397.0,0.0,231878.0,8,1995
199508,MX,0203294000,47,47,70,70,328855.0,0.0,698769.0,8,1995
199509,MX,0203110000,47,47,70,70,64196.0,0.0,129330.0,9,1995
199509,MX,0203129000,47,47,70,70,48862.0,0.0,133226.0,9,1995
199509,MX,0203192000,47,47,70,70,3157.0,0.0,6960.0,9,1995
199509,MX,0203194000,47,47,70,70,238053.0,0.0,338594.0,9,1995
199509,MX,0203210000,47,47,70,70,19275.0,0.0,28470.0,9,1995
199509,MX,0203221000,47,47,70,70,1747.0,0.0,4418.0,9,1995
199509,MX,0203229000,47,47,70,70,36304.0,0.0,76900.0,9,1995
199509,MX,0203292000,47,47,70,70,21719.0,0.0,64155.0,9,1995
199509,MX,0203294000,47,47,70,70,216995.0,0.0,501904.0,9,1995
199510,MX,0203110000,47,47,70,70,69201.0,0.0,158191.0,10,1995
199510,MX,0203129000,47,47,70,70,13238.0,0.0,50046.0,10,1995
199510,MX,0203192000,47,47,70,70,7862.0,0.0,32038.0,10,1995
199510,MX,0203194000,47,47,70,70,595377.0,0.0,425109.0,10,1995
199510,MX,0203221000,47,47,70,70,6663.0,0.0,25115.0,10,1995
199510,MX,0203229000,47,47,70,70,21129.0,0.0,28077.0,10,1995
199510,MX,0203292000,47,47,70,70,27572.0,0.0,90484.0,10,1995
199510,MX,0203294000,47,47,70,70,329376.0,0.0,654860.0,10,1995
199511,MX,0203110000,47,47,70,70,64147.0,0.0,146639.0,11,1995
199511,MX,0203121000,47,47,70,70,22677.0,0.0,49175.0,11,1995
199511,MX,0203129000,47,47,70,70,78913.0,0.0,231060.0,11,1995
199511,MX,0203194000,47,47,70,70,568732.0,0.0,382561.0,11,1995
199511,MX,0203229000,47,47,70,70,18227.0,0.0,47375.0,11,1995
199511,MX,0203292000,47,47,70,70,46667.0,0.0,106192.0,11,1995
199511,MX,0203294000,47,47,70,70,380109.0,0.0,739337.0,11,1995
199512,MX,0203110000,47,47,70,70,138672.0,0.0,311457.0,12,1995
199512,MX,0203121000,47,47,70,70,60747.0,0.0,185432.0,12,1995
199512,MX,0203129000,47,47,70,70,326863.0,0.0,754715.0,12,1995
199512,MX,0203192000,47,47,70,70,7019.0,0.0,14127.0,12,1995
199512,MX,0203194000,47,47,70,70,498456.0,0.0,370612.0,12,1995
199512,MX,0203210000,47,47,70,70,14656.0,0.0,39641.0,12,1995
199512,MX,0203221000,47,47,70,70,2986.0,0.0,11253.0,12,1995
199512,MX,0203229000,47,47,70,70,153897.0,0.0,212822.0,12,1995
199512,MX,0203292000,47,47,70,70,43171.0,0.0,92267.0,12,1995
199512,MX,0203294000,47,47,70,70,365458.0,0.0,890835.0,12,1995
199601,MX,0203110000,47,47,70,70,237710.0,0.0,487051.0,1,1996
199601,MX,0203121000,47,47,70,70,53812.0,0.0,202847.0,1,1996
199601,MX,0203129000,47,47,70,70,294281.0,0.0,836632.0,1,1996
199601,MX,0203192000,47,47,70,70,14368.0,0.0,47571.0,1,1996
199601,MX,0203194000,47,47,70,70,300001.0,0.0,586288.0,1,1996
199601,MX,0203221000,47,47,70,70,8180.0,0.0,24397.0,1,1996
199601,MX,0203229000,47,47,70,70,26342.0,0.0,76755.0,1,1996
199601,MX,0203292000,47,47,70,70,132357.0,0.0,492864.0,1,1996
199601,MX,0203294000,47,47,70,70,382098.0,0.0,761936.0,1,1996
199602,MX,0203110000,47,47,70,70,242935.0,0.0,547438.0,2,1996
199602,MX,0203129000,47,47,70,70,103232.0,0.0,214531.0,2,1996
199602,MX,0203192000,47,47,70,70,17302.0,0.0,67836.0,2,1996
199602,MX,0203194000,47,47,70,70,115668.0,0.0,190145.0,2,1996
199602,MX,0203221000,47,47,70,70,8256.0,0.0,31122.0,2,1996
199602,MX,0203229000,47,47,70,70,42125.0,0.0,91616.0,2,1996
199602,MX,0203292000,47,47,70,70,183147.0,0.0,664577.0,2,1996
199602,MX,0203294000,47,47,70,70,567484.0,0.0,1278667.0,2,1996
199603,MX,0203110000,47,47,70,70,215521.0,0.0,492690.0,3,1996
199603,MX,0203121000,47,47,70,70,667.0,0.0,2514.0,3,1996
199603,MX,0203129000,47,47,70,70,78767.0,0.0,161842.0,3,1996
199603,MX,0203192000,47,47,70,70,59302.0,0.0,233631.0,3,1996
199603,MX,0203194000,47,47,70,70,145071.0,0.0,224079.0,3,1996
199603,MX,0203210000,47,47,70,70,6247.0,0.0,14280.0,3,1996
199603,MX,0203221000,47,47,70,70,1556.0,0.0,5863.0,3,1996
199603,MX,0203229000,47,47,70,70,12965.0,0.0,41437.0,3,1996
199603,MX,0203292000,47,47,70,70,29211.0,0.0,70971.0,3,1996
199603,MX,0203294000,47,47,70,70,213804.0,0.0,416285.0,3,1996
199604,MX,0203110000,47,47,70,70,156747.0,0.0,341401.0,4,1996
199604,MX,0203129000,47,47,70,70,67233.0,0.0,224218.0,4,1996
199604,MX,0203192000,47,47,70,70,17027.0,0.0,67081.0,4,1996
199604,MX,0203194000,47,47,70,70,97610.0,0.0,212771.0,4,1996
199604,MX,0203229000,47,47,70,70,38646.0,0.0,110538.0,4,1996
199604,MX,0203292000,47,47,70,70,31741.0,0.0,89876.0,4,1996
199604,MX,0203294000,47,47,70,70,251431.0,0.0,582064.0,4,1996
199605,MX,0203110000,47,47,70,70,80320.0,0.0,181504.0,5,1996
199605,MX,0203129000,47,47,70,70,90753.0,0.0,267963.0,5,1996
199605,MX,0203192000,47,47,70,70,4616.0,0.0,22523.0,5,1996
199605,MX,0203194000,47,47,70,70,41378.0,0.0,131255.0,5,1996
199605,MX,0203229000,47,47,70,70,40869.0,0.0,152906.0,5,1996
199605,MX,0203292000,47,47,70,70,27819.0,0.0,68704.0,5,1996
199605,MX,0203294000,47,47,70,70,524751.0,0.0,834452.0,5,1996
199606,MX,0203110000,47,47,70,70,66807.0,0.0,152726.0,6,1996
199606,MX,0203121000,47,47,70,70,4255.0,0.0,16039.0,6,1996
199606,MX,0203129000,47,47,70,70,45242.0,0.0,133115.0,6,1996
199606,MX,0203192000,47,47,70,70,9750.0,0.0,31183.0,6,1996
199606,MX,0203194000,47,47,70,70,134886.0,0.0,279190.0,6,1996
199606,MX,0203210000,47,47,70,70,20412.0,0.0,12825.0,6,1996
199606,MX,0203221000,47,47,70,70,2549.0,0.0,9608.0,6,1996
199606,MX,0203229000,47,47,70,70,6524.0,0.0,27227.0,6,1996
199606,MX,0203292000,47,47,70,70,22569.0,0.0,66883.0,6,1996
199606,MX,0203294000,47,47,70,70,205737.0,0.0,431957.0,6,1996
199607,MX,0203110000,47,47,70,70,155085.0,0.0,332835.0,7,1996
199607,MX,0203121000,47,47,70,70,1089.0,0.0,4104.0,7,1996
199607,MX,0203129000,47,47,70,70,29170.0,0.0,126537.0,7,1996
199607,MX,0203192000,47,47,70,70,32055.0,0.0,118242.0,7,1996
199607,MX,0203194000,47,47,70,70,208292.0,0.0,239458.0,7,1996
199607,MX,0203210000,47,47,70,70,9933.0,0.0,13578.0,7,1996
199607,MX,0203221000,47,47,70,70,847.0,0.0,4600.0,7,1996
199607,MX,0203229000,47,47,70,70,9159.0,0.0,29275.0,7,1996
199607,MX,0203292000,47,47,70,70,33350.0,0.0,122663.0,7,1996
199607,MX,0203294000,47,47,70,70,278685.0,0.0,893178.0,7,1996
199608,MX,0203110000,47,47,70,70,122387.0,0.0,265822.0,8,1996
199608,MX,0203121000,47,47,70,70,8775.0,0.0,33080.0,8,1996
199608,MX,0203129000,47,47,70,70,59364.0,0.0,208263.0,8,1996
199608,MX,0203192000,47,47,70,70,17681.0,0.0,54991.0,8,1996
199608,MX,0203194000,47,47,70,70,76745.0,0.0,245013.0,8,1996
199608,MX,0203221000,47,47,70,70,992.0,0.0,3737.0,8,1996
199608,MX,0203229000,47,47,70,70,2365.0,0.0,7555.0,8,1996
199608,MX,0203292000,47,47,70,70,26077.0,0.0,87497.0,8,1996
199608,MX,0203294000,47,47,70,70,250596.0,0.0,793386.0,8,1996
199609,MX,0203110000,47,47,70,70,206609.0,0.0,457454.0,9,1996
199609,MX,0203129000,47,47,70,70,45394.0,0.0,194563.0,9,1996
199609,MX,0203192000,47,47,70,70,42100.0,0.0,150183.0,9,1996
199609,MX,0203194000,47,47,70,70,219701.0,0.0,500731.0,9,1996
199609,MX,0203229000,47,47,70,70,32277.0,0.0,48024.0,9,1996
199609,MX,0203292000,47,47,70,70,87196.0,0.0,316331.0,9,1996
199609,MX,0203294000,47,47,70,70,607019.0,0.0,1860820.0,9,1996
199610,MX,0203110000,47,47,70,70,220037.0,0.0,501541.0,10,1996
199610,MX,0203129000,47,47,70,70,56824.0,0.0,202644.0,10,1996
199610,MX,0203192000,47,47,70,70,53041.0,0.0,192494.0,10,1996
199610,MX,0203194000,47,47,70,70,230673.0,0.0,463351.0,10,1996
199610,MX,0203221000,47,47,70,70,1008.0,0.0,3800.0,10,1996
199610,MX,0203229000,47,47,70,70,13523.0,0.0,30229.0,10,1996
199610,MX,0203292000,47,47,70,70,79127.0,0.0,165329.0,10,1996
199610,MX,0203294000,47,47,70,70,460577.0,0.0,1506064.0,10,1996
199611,MX,0203110000,47,47,70,70,281629.0,0.0,597280.0,11,1996
199611,MX,0203129000,47,47,70,70,174700.0,0.0,418165.0,11,1996
199611,MX,0203192000,47,47,70,70,12041.0,0.0,31996.0,11,1996
199611,MX,0203194000,47,47,70,70,220468.0,0.0,451330.0,11,1996
199611,MX,0203229000,47,47,70,70,105771.0,0.0,105056.0,11,1996
199611,MX,0203292000,47,47,70,70,36961.0,0.0,95900.0,11,1996
199611,MX,0203294000,47,47,70,70,524356.0,0.0,1205426.0,11,1996
199612,MX,0203110000,47,47,70,70,375112.0,0.0,828761.0,12,1996
199612,MX,0203121000,47,47,70,70,48542.0,0.0,182983.0,12,1996
199612,MX,0203129000,47,47,70,70,871017.0,0.0,1799287.0,12,1996
199612,MX,0203192000,47,47,70,70,20727.0,0.0,38737.0,12,1996
199612,MX,0203194000,47,47,70,70,316556.0,0.0,712582.0,12,1996
199612,MX,0203229000,47,47,70,70,567454.0,0.0,637440.0,12,1996
199612,MX,0203292000,47,47,70,70,25310.0,0.0,62986.0,12,1996
199612,MX,0203294000,47,47,70,70,990738.0,0.0,1884211.0,12,1996
199701,MX,0203110000,47,47,70,70,210983.0,0.0,458015.0,1,1997
199701,MX,0203121000,47,47,70,70,26537.0,0.0,100033.0,1,1997
199701,MX,0203129000,47,47,70,70,154715.0,0.0,362517.0,1,1997
199701,MX,0203192000,47,47,70,70,200.0,0.0,2590.0,1,1997
199701,MX,0203194000,47,47,70,70,297910.0,0.0,428199.0,1,1997
199701,MX,0203210000,47,47,70,70,8175.0,0.0,18688.0,1,1997
199701,MX,0203229000,47,47,70,70,91887.0,0.0,251214.0,1,1997
199701,MX,0203292000,47,47,70,70,56361.0,0.0,158643.0,1,1997
199701,MX,0203294000,47,47,70,70,376062.0,0.0,1072775.0,1,1997
199702,MX,0203110000,47,47,70,70,165313.0,0.0,370374.0,2,1997
199702,MX,0203121000,47,47,70,70,14225.0,0.0,34433.0,2,1997
199702,MX,0203129000,47,47,70,70,59452.0,0.0,212905.0,2,1997
199702,MX,0203192000,47,47,70,70,549.0,0.0,7499.0,2,1997
199702,MX,0203194000,47,47,70,70,540055.0,0.0,1357983.0,2,1997
199702,MX,0203221000,47,47,70,70,1325.0,0.0,2897.0,2,1997
199702,MX,0203229000,47,47,70,70,1611.0,0.0,7660.0,2,1997
199702,MX,0203292000,47,47,70,70,83873.0,0.0,177485.0,2,1997
199702,MX,0203294000,47,47,70,70,402100.0,0.0,877503.0,2,1997
199703,MX,0203110000,47,47,70,70,293117.0,0.0,643186.0,3,1997
199703,MX,0203121000,47,47,70,70,488.0,0.0,6354.0,3,1997
199703,MX,0203129000,47,47,70,70,98509.0,0.0,289136.0,3,1997
199703,MX,0203192000,47,47,70,70,40683.0,0.0,139191.0,3,1997
199703,MX,0203194000,47,47,70,70,343293.0,0.0,447454.0,3,1997
199703,MX,0203210000,47,47,70,70,59732.0,0.0,102327.0,3,1997
199703,MX,0203229000,47,47,70,70,30010.0,0.0,47619.0,3,1997
199703,MX,0203292000,47,47,70,70,34586.0,0.0,112383.0,3,1997
199703,MX,0203294000,47,47,70,70,540077.0,0.0,689806.0,3,1997
199704,MX,0203110000,47,47,70,70,431000.0,0.0,921733.0,4,1997
199704,MX,0203121000,47,47,70,70,16913.0,0.0,35826.0,4,1997
199704,MX,0203129000,47,47,70,70,104866.0,0.0,329941.0,4,1997
199704,MX,0203192000,47,47,70,70,6364.0,0.0,16457.0,4,1997
199704,MX,0203194000,47,47,70,70,310250.0,0.0,609652.0,4,1997
199704,MX,0203210000,47,47,70,70,55619.0,0.0,45687.0,4,1997
199704,MX,0203229000,47,47,70,70,72022.0,0.0,110256.0,4,1997
199704,MX,0203292000,47,47,70,70,20992.0,0.0,52253.0,4,1997
199704,MX,0203294000,47,47,70,70,673000.0,0.0,1302445.0,4,1997
199705,MX,0203110000,47,47,70,70,562723.0,0.0,1173841.0,5,1997
199705,MX,0203121000,47,47,70,70,10171.0,0.0,12118.0,5,1997
199705,MX,0203129000,47,47,70,70,153204.0,0.0,377452.0,5,1997
199705,MX,0203192000,47,47,70,70,4950.0,0.0,20160.0,5,1997
199705,MX,0203194000,47,47,70,70,136943.0,0.0,321219.0,5,1997
199705,MX,0203221000,47,47,70,70,807.0,0.0,3040.0,5,1997
199705,MX,0203229000,47,47,70,70,67886.0,0.0,129741.0,5,1997
199705,MX,0203292000,47,47,70,70,10075.0,0.0,22768.0,5,1997
199705,MX,0203294000,47,47,70,70,879531.0,0.0,1473824.0,5,1997
199706,MX,0203110000,47,47,70,70,719188.0,0.0,1484191.0,6,1997
199706,MX,0203121000,47,47,70,70,36256.0,0.0,140840.0,6,1997
199706,MX,0203129000,47,47,70,70,322632.0,0.0,706257.0,6,1997
199706,MX,0203192000,47,47,70,70,4395.0,0.0,12792.0,6,1997
199706,MX,0203194000,47,47,70,70,241282.0,0.0,467537.0,6,1997
199706,MX,0203221000,47,47,70,70,6975.0,0.0,26464.0,6,1997
199706,MX,0203229000,47,47,70,70,131955.0,0.0,302777.0,6,1997
199706,MX,0203292000,47,47,70,70,4853.0,0.0,11838.0,6,1997
199706,MX,0203294000,47,47,70,70,447762.0,0.0,870811.0,6,1997
199707,MX,0203110000,47,47,70,70,859120.0,0.0,1817932.0,7,1997
199707,MX,0203121000,47,47,70,70,95174.0,0.0,282998.0,7,1997
199707,MX,0203129000,47,47,70,70,450319.0,0.0,1166040.0,7,1997
199707,MX,0203192000,47,47,70,70,31656.0,0.0,91569.0,7,1997
199707,MX,0203194000,47,47,70,70,390517.0,0.0,894645.0,7,1997
199707,MX,0203229000,47,47,70,70,76298.0,0.0,213317.0,7,1997
199707,MX,0203292000,47,47,70,70,27400.0,0.0,68563.0,7,1997
199707,MX,0203294000,47,47,70,70,433139.0,0.0,1026822.0,7,1997
199708,MX,0203110000,47,47,70,70,732450.0,0.0,1597760.0,8,1997
199708,MX,0203121000,47,47,70,70,71914.0,0.0,226769.0,8,1997
199708,MX,0203129000,47,47,70,70,256107.0,0.0,600681.0,8,1997
199708,MX,0203192000,47,47,70,70,21290.0,0.0,65232.0,8,1997
199708,MX,0203194000,47,47,70,70,293081.0,0.0,700139.0,8,1997
199708,MX,0203210000,47,47,70,70,16889.0,0.0,38610.0,8,1997
199708,MX,0203221000,47,47,70,70,690.0,0.0,2600.0,8,1997
199708,MX,0203229000,47,47,70,70,95085.0,0.0,205901.0,8,1997
199708,MX,0203292000,47,47,70,70,11245.0,0.0,41213.0,8,1997
199708,MX,0203294000,47,47,70,70,473926.0,0.0,855343.0,8,1997
199709,MX,0203110000,47,47,70,70,1181422.0,0.0,2334518.0,9,1997
199709,MX,0203121000,47,47,70,70,89019.0,0.0,246559.0,9,1997
199709,MX,0203129000,47,47,70,70,295218.0,0.0,757382.0,9,1997
199709,MX,0203192000,47,47,70,70,24360.0,0.0,62418.0,9,1997
199709,MX,0203194000,47,47,70,70,285209.0,0.0,573792.0,9,1997
199709,MX,0203210000,47,47,70,70,13376.0,0.0,30579.0,9,1997
199709,MX,0203221000,47,47,70,70,10049.0,0.0,37876.0,9,1997
199709,MX,0203229000,47,47,70,70,81749.0,0.0,179421.0,9,1997
199709,MX,0203292000,47,47,70,70,41111.0,0.0,99231.0,9,1997
199709,MX,0203294000,47,47,70,70,491431.0,0.0,1057207.0,9,1997
199710,MX,0203110000,47,47,70,70,1171419.0,0.0,2271137.0,10,1997
199710,MX,0203121000,47,47,70,70,149831.0,0.0,510320.0,10,1997
199710,MX,0203129000,47,47,70,70,665292.0,0.0,1534612.0,10,1997
199710,MX,0203192000,47,47,70,70,22995.0,0.0,92395.0,10,1997
199710,MX,0203194000,47,47,70,70,222004.0,0.0,490280.0,10,1997
199710,MX,0203221000,47,47,70,70,3655.0,0.0,6236.0,10,1997
199710,MX,0203229000,47,47,70,70,34270.0,0.0,45365.0,10,1997
199710,MX,0203292000,47,47,70,70,91442.0,0.0,229904.0,10,1997
199710,MX,0203294000,47,47,70,70,378963.0,0.0,903968.0,10,1997
199711,MX,0203110000,47,47,70,70,652266.0,0.0,1328207.0,11,1997
199711,MX,0203121000,47,47,70,70,100612.0,0.0,335935.0,11,1997
199711,MX,0203129000,47,47,70,70,385539.0,0.0,881279.0,11,1997
199711,MX,0203192000,47,47,70,70,137882.0,0.0,562084.0,11,1997
199711,MX,0203194000,47,47,70,70,388103.0,0.0,1004609.0,11,1997
199711,MX,0203221000,47,47,70,70,64204.0,0.0,144068.0,11,1997
199711,MX,0203229000,47,47,70,70,66774.0,0.0,120098.0,11,1997
199711,MX,0203292000,47,47,70,70,65489.0,0.0,224674.0,11,1997
199711,MX,0203294000,47,47,70,70,269783.0,0.0,833063.0,11,1997
199712,MX,0203110000,47,47,70,70,607902.0,0.0,1151282.0,12,1997
199712,MX,0203121000,47,47,70,70,129195.0,0.0,378953.0,12,1997
199712,MX,0203129000,47,47,70,70,982899.0,0.0,2212533.0,12,1997
199712,MX,0203192000,47,47,70,70,102236.0,0.0,402775.0,12,1997
199712,MX,0203194000,47,47,70,70,455540.0,0.0,1241584.0,12,1997
199712,MX,0203221000,47,47,70,70,75329.0,0.0,170500.0,12,1997
199712,MX,0203229000,47,47,70,70,292579.0,0.0,494427.0,12,1997
199712,MX,0203292000,47,47,70,70,103851.0,0.0,324838.0,12,1997
199712,MX,0203294000,47,47,70,70,375352.0,0.0,1003254.0,12,1997
199801,MX,0203110000,47,47,70,70,771492.0,0.0,1452778.0,1,1998
199801,MX,0203121000,47,47,70,70,134538.0,0.0,494947.0,1,1998
199801,MX,0203129000,47,47,70,70,977753.0,0.0,1599937.0,1,1998
199801,MX,0203192000,47,47,70,70,185900.0,0.0,720092.0,1,1998
199801,MX,0203194000,47,47,70,70,385106.0,0.0,740335.0,1,1998
199801,MX,0203210000,47,47,70,70,22596.0,0.0,34920.0,1,1998
199801,MX,0203221000,47,47,70,70,25124.0,0.0,59966.0,1,1998
199801,MX,0203229000,47,47,70,70,193433.0,0.0,296321.0,1,1998
199801,MX,0203292000,47,47,70,70,83921.0,0.0,284449.0,1,1998
199801,MX,0203294000,47,47,70,70,462035.0,0.0,1545963.0,1,1998
199802,MX,0203110000,47,47,70,70,615813.0,0.0,1099136.0,2,1998
199802,MX,0203121000,47,47,70,70,73414.0,0.0,276739.0,2,1998
199802,MX,0203129000,47,47,70,70,618449.0,0.0,1163374.0,2,1998
199802,MX,0203192000,47,47,70,70,3406.0,0.0,11598.0,2,1998
199802,MX,0203194000,47,47,70,70,494564.0,0.0,823837.0,2,1998
199802,MX,0203210000,47,47,70,70,19054.0,0.0,25690.0,2,1998
199802,MX,0203221000,47,47,70,70,3012.0,0.0,11351.0,2,1998
199802,MX,0203229000,47,47,70,70,67738.0,0.0,122832.0,2,1998
199802,MX,0203292000,47,47,70,70,35173.0,0.0,111510.0,2,1998
199802,MX,0203294000,47,47,70,70,684526.0,0.0,2044305.0,2,1998
199803,MX,0203110000,47,47,70,70,866050.0,0.0,1417868.0,3,1998
199803,MX,0203121000,47,47,70,70,45585.0,0.0,140972.0,3,1998
199803,MX,0203129000,47,47,70,70,765056.0,0.0,1116236.0,3,1998
199803,MX,0203192000,47,47,70,70,27654.0,0.0,114852.0,3,1998
199803,MX,0203194000,47,47,70,70,831493.0,0.0,981177.0,3,1998
199803,MX,0203221000,47,47,70,70,22766.0,0.0,31669.0,3,1998
199803,MX,0203229000,47,47,70,70,124360.0,0.0,170637.0,3,1998
199803,MX,0203292000,47,47,70,70,58634.0,0.0,177375.0,3,1998
199803,MX,0203294000,47,47,70,70,685418.0,0.0,1683010.0,3,1998
199804,MX,0203110000,47,47,70,70,735020.0,0.0,1217998.0,4,1998
199804,MX,0203121000,47,47,70,70,188616.0,0.0,711013.0,4,1998
199804,MX,0203129000,47,47,70,70,520060.0,0.0,887399.0,4,1998
199804,MX,0203192000,47,47,70,70,7678.0,0.0,14039.0,4,1998
199804,MX,0203194000,47,47,70,70,553331.0,0.0,752522.0,4,1998
199804,MX,0203210000,47,47,70,70,8338.0,0.0,11314.0,4,1998
199804,MX,0203221000,47,47,70,70,23986.0,0.0,34418.0,4,1998
199804,MX,0203229000,47,47,70,70,74723.0,0.0,127114.0,4,1998
199804,MX,0203292000,47,47,70,70,305953.0,0.0,738725.0,4,1998
199804,MX,0203294000,47,47,70,70,973934.0,0.0,2270846.0,4,1998
199805,MX,0203110000,47,47,70,70,884367.0,0.0,1666616.0,5,1998
199805,MX,0203121000,47,47,70,70,315578.0,0.0,1141098.0,5,1998
199805,MX,0203129000,47,47,70,70,539304.0,0.0,1189955.0,5,1998
199805,MX,0203192000,47,47,70,70,4517.0,0.0,13755.0,5,1998
199805,MX,0203194000,47,47,70,70,803894.0,0.0,1252407.0,5,1998
199805,MX,0203221000,47,47,70,70,72087.0,0.0,246985.0,5,1998
199805,MX,0203229000,47,47,70,70,101447.0,0.0,214739.0,5,1998
199805,MX,0203292000,47,47,70,70,94464.0,0.0,319801.0,5,1998
199805,MX,0203294000,47,47,70,70,505614.0,0.0,1385392.0,5,1998
199806,MX,0203110000,47,47,70,70,907058.0,0.0,1557283.0,6,1998
199806,MX,0203121000,47,47,70,70,248753.0,0.0,848788.0,6,1998
199806,MX,0203129000,47,47,70,70,907254.0,0.0,1730793.0,6,1998
199806,MX,0203192000,47,47,70,70,4220.0,0.0,21204.0,6,1998
199806,MX,0203194000,47,47,70,70,650777.0,0.0,1016592.0,6,1998
199806,MX,0203221000,47,47,70,70,24671.0,0.0,93002.0,6,1998
199806,MX,0203229000,47,47,70,70,251605.0,0.0,449769.0,6,1998
199806,MX,0203292000,47,47,70,70,75098.0,0.0,235213.0,6,1998
199806,MX,0203294000,47,47,70,70,747327.0,0.0,1926142.0,6,1998
199807,MX,0203110000,47,47,70,70,926211.0,0.0,1652472.0,7,1998
199807,MX,0203121000,47,47,70,70,165611.0,0.0,600540.0,7,1998
199807,MX,0203129000,47,47,70,70,898239.0,0.0,1566717.0,7,1998
199807,MX,0203192000,47,47,70,70,5760.0,0.0,22692.0,7,1998
199807,MX,0203194000,47,47,70,70,907342.0,0.0,1362678.0,7,1998
199807,MX,0203221000,47,47,70,70,14644.0,0.0,48156.0,7,1998
199807,MX,0203229000,47,47,70,70,94462.0,0.0,170876.0,7,1998
199807,MX,0203292000,47,47,70,70,17971.0,0.0,36449.0,7,1998
199807,MX,0203294000,47,47,70,70,571348.0,0.0,1331933.0,7,1998
199808,MX,0203110000,47,47,70,70,912068.0,0.0,1560167.0,8,1998
199808,MX,0203121000,47,47,70,70,136197.0,0.0,513384.0,8,1998
199808,MX,0203129000,47,47,70,70,838767.0,0.0,1319719.0,8,1998
199808,MX,0203192000,47,47,70,70,900.0,0.0,9624.0,8,1998
199808,MX,0203194000,47,47,70,70,642152.0,0.0,1097947.0,8,1998
199808,MX,0203221000,47,47,70,70,17019.0,0.0,51380.0,8,1998
199808,MX,0203229000,47,47,70,70,66800.0,0.0,162912.0,8,1998
199808,MX,0203292000,47,47,70,70,54960.0,0.0,261616.0,8,1998
199808,MX,0203294000,47,47,70,70,395322.0,0.0,860373.0,8,1998
199809,MX,0203110000,47,47,70,70,980950.0,0.0,1418805.0,9,1998
199809,MX,0203121000,47,47,70,70,168573.0,0.0,532533.0,9,1998
199809,MX,0203129000,47,47,70,70,701573.0,0.0,1125669.0,9,1998
199809,MX,0203192000,47,47,70,70,18334.0,0.0,72081.0,9,1998
199809,MX,0203194000,47,47,70,70,296397.0,0.0,355019.0,9,1998
199809,MX,0203221000,47,47,70,70,25753.0,0.0,36594.0,9,1998
199809,MX,0203229000,47,47,70,70,220123.0,0.0,541105.0,9,1998
199809,MX,0203292000,47,47,70,70,124957.0,0.0,420771.0,9,1998
199809,MX,0203294000,47,47,70,70,541832.0,0.0,1017051.0,9,1998
199810,MX,0203110000,47,47,70,70,929190.0,0.0,1375852.0,10,1998
199810,MX,0203121000,47,47,70,70,141667.0,0.0,522018.0,10,1998
199810,MX,0203129000,47,47,70,70,805629.0,0.0,1498556.0,10,1998
199810,MX,0203192000,47,47,70,70,17125.0,0.0,61819.0,10,1998
199810,MX,0203194000,47,47,70,70,438375.0,0.0,838675.0,10,1998
199810,MX,0203210000,47,47,70,70,11218.0,0.0,29163.0,10,1998
199810,MX,0203221000,47,47,70,70,24990.0,0.0,83693.0,10,1998
199810,MX,0203229000,47,47,70,70,710470.0,0.0,1015260.0,10,1998
199810,MX,0203292000,47,47,70,70,90816.0,0.0,282487.0,10,1998
199810,MX,0203294000,47,47,70,70,718913.0,0.0,1463036.0,10,1998
199811,MX,0203110000,47,47,70,70,853837.0,0.0,1022406.0,11,1998
199811,MX,0203121000,47,47,70,70,173339.0,0.0,643066.0,11,1998
199811,MX,0203129000,47,47,70,70,721121.0,0.0,1433912.0,11,1998
199811,MX,0203192000,47,47,70,70,20722.0,0.0,42091.0,11,1998
199811,MX,0203194000,47,47,70,70,830245.0,0.0,1449809.0,11,1998
199811,MX,0203210000,47,47,70,70,42113.0,0.0,48413.0,11,1998
199811,MX,0203221000,47,47,70,70,7363.0,0.0,10584.0,11,1998
199811,MX,0203229000,47,47,70,70,1289719.0,0.0,1751764.0,11,1998
199811,MX,0203292000,47,47,70,70,93629.0,0.0,378884.0,11,1998
199811,MX,0203294000,47,47,70,70,1064582.0,0.0,1718278.0,11,1998
199812,MX,0203110000,47,47,70,70,922823.0,0.0,962973.0,12,1998
199812,MX,0203121000,47,47,70,70,133053.0,0.0,461920.0,12,1998
199812,MX,0203129000,47,47,70,70,1841471.0,0.0,2917577.0,12,1998
199812,MX,0203192000,47,47,70,70,9139.0,0.0,32806.0,12,1998
199812,MX,0203194000,47,47,70,70,672536.0,0.0,1277172.0,12,1998
199812,MX,0203210000,47,47,70,70,6595.0,0.0,17627.0,12,1998
199812,MX,0203221000,47,47,70,70,49969.0,0.0,172663.0,12,1998
199812,MX,0203229000,47,47,70,70,678716.0,0.0,1031079.0,12,1998
199812,MX,0203292000,47,47,70,70,69515.0,0.0,271426.0,12,1998
199812,MX,0203294000,47,47,70,70,865858.0,0.0,1443153.0,12,1998
199901,MX,0203110000,47,47,70,70,1056362.0,0.0,1443031.0,1,1999
199901,MX,0203121000,47,47,70,70,131135.0,0.0,494892.0,1,1999
199901,MX,0203129000,47,47,70,70,1069038.0,0.0,1500255.0,1,1999
199901,MX,0203192000,47,47,70,70,1450.0,0.0,16715.0,1,1999
199901,MX,0203194000,47,47,70,70,433764.0,0.0,719646.0,1,1999
199901,MX,0203210000,47,47,70,70,32482.0,0.0,47920.0,1,1999
199901,MX,0203221000,47,47,70,70,3628.0,0.0,13675.0,1,1999
199901,MX,0203229000,47,47,70,70,230886.0,0.0,320777.0,1,1999
199901,MX,0203292000,47,47,70,70,54822.0,0.0,237493.0,1,1999
199901,MX,0203294000,47,47,70,70,823329.0,0.0,1536717.0,1,1999
199902,MX,0203110000,47,47,70,70,1237272.0,0.0,1660008.0,2,1999
199902,MX,0203121000,47,47,70,70,109654.0,0.0,419563.0,2,1999
199902,MX,0203129000,47,47,70,70,540322.0,0.0,917961.0,2,1999
199902,MX,0203192000,47,47,70,70,900.0,0.0,8370.0,2,1999
199902,MX,0203194000,47,47,70,70,489226.0,0.0,808443.0,2,1999
199902,MX,0203210000,47,47,70,70,6212.0,0.0,14200.0,2,1999
199902,MX,0203221000,47,47,70,70,18190.0,0.0,45236.0,2,1999
199902,MX,0203229000,47,47,70,70,106281.0,0.0,169539.0,2,1999
199902,MX,0203292000,47,47,70,70,94835.0,0.0,337998.0,2,1999
199902,MX,0203294000,47,47,70,70,665537.0,0.0,1136906.0,2,1999
199903,MX,0203110000,47,47,70,70,1118223.0,0.0,1554692.0,3,1999
199903,MX,0203121000,47,47,70,70,62848.0,0.0,250046.0,3,1999
199903,MX,0203129000,47,47,70,70,670151.0,0.0,1017083.0,3,1999
199903,MX,0203192000,47,47,70,70,9388.0,0.0,32813.0,3,1999
199903,MX,0203194000,47,47,70,70,427224.0,0.0,843646.0,3,1999
199903,MX,0203210000,47,47,70,70,7704.0,0.0,17610.0,3,1999
199903,MX,0203221000,47,47,70,70,3282.0,0.0,12372.0,3,1999
199903,MX,0203229000,47,47,70,70,128233.0,0.0,208802.0,3,1999
199903,MX,0203292000,47,47,70,70,127596.0,0.0,460440.0,3,1999
199903,MX,0203294000,47,47,70,70,792564.0,0.0,1506814.0,3,1999
199904,MX,0203110000,47,47,70,70,940477.0,0.0,1443970.0,4,1999
199904,MX,0203121000,47,47,70,70,76765.0,0.0,289348.0,4,1999
199904,MX,0203129000,47,47,70,70,878587.0,0.0,1330488.0,4,1999
199904,MX,0203192000,47,47,70,70,3689.0,0.0,30859.0,4,1999
199904,MX,0203194000,47,47,70,70,445814.0,0.0,952473.0,4,1999
199904,MX,0203210000,47,47,70,70,24203.0,0.0,55330.0,4,1999
199904,MX,0203221000,47,47,70,70,6042.0,0.0,22777.0,4,1999
199904,MX,0203229000,47,47,70,70,176312.0,0.0,202065.0,4,1999
199904,MX,0203292000,47,47,70,70,93985.0,0.0,335651.0,4,1999
199904,MX,0203294000,47,47,70,70,614126.0,0.0,1020752.0,4,1999
199905,MX,0203110000,47,47,70,70,968930.0,0.0,1526285.0,5,1999
199905,MX,0203121000,47,47,70,70,127905.0,0.0,482141.0,5,1999
199905,MX,0203129000,47,47,70,70,733569.0,0.0,1438126.0,5,1999
199905,MX,0203192000,47,47,70,70,1474.0,0.0,40385.0,5,1999
199905,MX,0203194000,47,47,70,70,351389.0,0.0,824909.0,5,1999
199905,MX,0203210000,47,47,70,70,18548.0,0.0,42400.0,5,1999
199905,MX,0203229000,47,47,70,70,78100.0,0.0,189220.0,5,1999
199905,MX,0203292000,47,47,70,70,50996.0,0.0,153092.0,5,1999
199905,MX,0203294000,47,47,70,70,443803.0,0.0,715586.0,5,1999
199906,MX,0203110000,47,47,70,70,1728417.0,0.0,2768321.0,6,1999
199906,MX,0203121000,47,47,70,70,211587.0,0.0,797564.0,6,1999
199906,MX,0203129000,47,47,70,70,1761193.0,0.0,2913653.0,6,1999
199906,MX,0203192000,47,47,70,70,10814.0,0.0,48812.0,6,1999
199906,MX,0203194000,47,47,70,70,618026.0,0.0,1270710.0,6,1999
199906,MX,0203210000,47,47,70,70,19682.0,0.0,44995.0,6,1999
199906,MX,0203221000,47,47,70,70,63864.0,0.0,240744.0,6,1999
199906,MX,0203229000,47,47,70,70,181990.0,0.0,367350.0,6,1999
199906,MX,0203292000,47,47,70,70,67392.0,0.0,165462.0,6,1999
199906,MX,0203294000,47,47,70,70,730070.0,0.0,1149613.0,6,1999
199907,MX,0203110000,47,47,70,70,1476689.0,0.0,2629409.0,7,1999
199907,MX,0203121000,47,47,70,70,76326.0,0.0,287709.0,7,1999
199907,MX,0203129000,47,47,70,70,1341117.0,0.0,2318259.0,7,1999
199907,MX,0203192000,47,47,70,70,12881.0,0.0,53186.0,7,1999
199907,MX,0203194000,47,47,70,70,696433.0,0.0,1195067.0,7,1999
199907,MX,0203210000,47,47,70,70,49815.0,0.0,91620.0,7,1999
199907,MX,0203221000,47,47,70,70,69520.0,0.0,262054.0,7,1999
199907,MX,0203229000,47,47,70,70,73627.0,0.0,195155.0,7,1999
199907,MX,0203292000,47,47,70,70,27533.0,0.0,124362.0,7,1999
199907,MX,0203294000,47,47,70,70,929542.0,0.0,1566190.0,7,1999
199908,MX,0203110000,47,47,70,70,1849007.0,0.0,3086816.0,8,1999
199908,MX,0203121000,47,47,70,70,109109.0,0.0,411282.0,8,1999
199908,MX,0203129000,47,47,70,70,773245.0,0.0,1447973.0,8,1999
199908,MX,0203192000,47,47,70,70,10590.0,0.0,52583.0,8,1999
199908,MX,0203194000,47,47,70,70,584753.0,0.0,1129732.0,8,1999
199908,MX,0203210000,47,47,70,70,35794.0,0.0,61265.0,8,1999
199908,MX,0203221000,47,47,70,70,32735.0,0.0,124454.0,8,1999
199908,MX,0203229000,47,47,70,70,173981.0,0.0,389922.0,8,1999
199908,MX,0203292000,47,47,70,70,108933.0,0.0,244001.0,8,1999
199908,MX,0203294000,47,47,70,70,779202.0,0.0,1120048.0,8,1999
199909,MX,0203110000,47,47,70,70,1709594.0,0.0,2795379.0,9,1999
199909,MX,0203121000,47,47,70,70,217308.0,0.0,819324.0,9,1999
199909,MX,0203129000,47,47,70,70,794745.0,0.0,1755421.0,9,1999
199909,MX,0203192000,47,47,70,70,8346.0,0.0,33990.0,9,1999
199909,MX,0203194000,47,47,70,70,615494.0,0.0,1108405.0,9,1999
199909,MX,0203210000,47,47,70,70,75108.0,0.0,112876.0,9,1999
199909,MX,0203229000,47,47,70,70,42325.0,0.0,91954.0,9,1999
199909,MX,0203292000,47,47,70,70,25085.0,0.0,98826.0,9,1999
199909,MX,0203294000,47,47,70,70,847953.0,0.0,1480961.0,9,1999
199910,MX,0203110000,47,47,70,70,1754738.0,0.0,2895037.0,10,1999
199910,MX,0203121000,47,47,70,70,261645.0,0.0,986280.0,10,1999
199910,MX,0203129000,47,47,70,70,814164.0,0.0,1628866.0,10,1999
199910,MX,0203192000,47,47,70,70,25309.0,0.0,54495.0,10,1999
199910,MX,0203194000,47,47,70,70,833556.0,0.0,1890909.0,10,1999
199910,MX,0203210000,47,47,70,70,133201.0,0.0,187699.0,10,1999
199910,MX,0203229000,47,47,70,70,255402.0,0.0,464496.0,10,1999
199910,MX,0203292000,47,47,70,70,29773.0,0.0,87552.0,10,1999
199910,MX,0203294000,47,47,70,70,874919.0,0.0,1268336.0,10,1999
199911,MX,0203110000,47,47,70,70,1927029.0,0.0,3012683.0,11,1999
199911,MX,0203121000,47,47,70,70,141815.0,0.0,521065.0,11,1999
199911,MX,0203129000,47,47,70,70,766606.0,0.0,1556201.0,11,1999
199911,MX,0203192000,47,47,70,70,28082.0,0.0,128181.0,11,1999
199911,MX,0203194000,47,47,70,70,795041.0,0.0,1678162.0,11,1999
199911,MX,0203210000,47,47,70,70,89175.0,0.0,114357.0,11,1999
199911,MX,0203229000,47,47,70,70,303755.0,0.0,480596.0,11,1999
199911,MX,0203292000,47,47,70,70,63975.0,0.0,208214.0,11,1999
199911,MX,0203294000,47,47,70,70,843399.0,0.0,1303517.0,11,1999
199912,MX,0203110000,47,47,70,70,1796277.0,0.0,3160793.0,12,1999
199912,MX,0203121000,47,47,70,70,266143.0,0.0,906011.0,12,1999
199912,MX,0203129000,47,47,70,70,1637641.0,0.0,2992347.0,12,1999
199912,MX,0203192000,47,47,70,70,2750.0,0.0,22967.0,12,1999
199912,MX,0203194000,47,47,70,70,650922.0,0.0,1403109.0,12,1999
199912,MX,0203221000,47,47,70,70,18804.0,0.0,24044.0,12,1999
199912,MX,0203229000,47,47,70,70,604411.0,0.0,1275960.0,12,1999
199912,MX,0203292000,47,47,70,70,105411.0,0.0,223244.0,12,1999
199912,MX,0203294000,47,47,70,70,1008698.0,0.0,1629432.0,12,1999
200001,MX,0203110000,47,47,70,70,1903091.0,0.0,3361840.0,1,2000
200001,MX,0203121000,47,47,70,70,205886.0,0.0,756314.0,1,2000
200001,MX,0203129000,47,47,70,70,1723404.0,0.0,3037605.0,1,2000
200001,MX,0203192000,47,47,70,70,18779.0,0.0,21942.0,1,2000
200001,MX,0203194000,47,47,70,70,780834.0,0.0,1825006.0,1,2000
200001,MX,0203229000,47,47,70,70,344246.0,0.0,538456.0,1,2000
200001,MX,0203292000,47,47,70,70,175936.0,0.0,662466.0,1,2000
200001,MX,0203294000,47,47,70,70,1352029.0,0.0,2053589.0,1,2000
200002,MX,0203110000,47,47,70,70,1973226.0,0.0,3682538.0,2,2000
200002,MX,0203121000,47,47,70,70,205443.0,0.0,712186.0,2,2000
200002,MX,0203129000,47,47,70,70,1946422.0,0.0,3114167.0,2,2000
200002,MX,0203192000,47,47,70,70,5600.0,0.0,24574.0,2,2000
200002,MX,0203194000,47,47,70,70,1004627.0,0.0,2285657.0,2,2000
200002,MX,0203210000,47,47,70,70,18144.0,0.0,28800.0,2,2000
200002,MX,0203229000,47,47,70,70,223643.0,0.0,369692.0,2,2000
200002,MX,0203292000,47,47,70,70,124869.0,0.0,371269.0,2,2000
200002,MX,0203294000,47,47,70,70,1966577.0,0.0,2891026.0,2,2000
200003,MX,0203110000,47,47,70,70,1556259.0,0.0,3079426.0,3,2000
200003,MX,0203121000,47,47,70,70,209337.0,0.0,611754.0,3,2000
200003,MX,0203129000,47,47,70,70,2267939.0,0.0,3807528.0,3,2000
200003,MX,0203192000,47,47,70,70,26912.0,0.0,48930.0,3,2000
200003,MX,0203194000,47,47,70,70,1555232.0,0.0,4315498.0,3,2000
200003,MX,0203210000,47,47,70,70,19571.0,0.0,29555.0,3,2000
200003,MX,0203221000,47,47,70,70,250.0,0.0,4800.0,3,2000
200003,MX,0203229000,47,47,70,70,126721.0,0.0,297590.0,3,2000
200003,MX,0203292000,47,47,70,70,160606.0,0.0,490203.0,3,2000
200003,MX,0203294000,47,47,70,70,1942454.0,0.0,2652128.0,3,2000
200004,MX,0203110000,47,47,70,70,631687.0,0.0,1460299.0,4,2000
200004,MX,0203121000,47,47,70,70,329671.0,0.0,1115486.0,4,2000
200004,MX,0203129000,47,47,70,70,1387137.0,0.0,2177076.0,4,2000
200004,MX,0203192000,47,47,70,70,30565.0,0.0,66322.0,4,2000
200004,MX,0203194000,47,47,70,70,836136.0,0.0,2045123.0,4,2000
200004,MX,0203210000,47,47,70,70,18514.0,0.0,40000.0,4,2000
200004,MX,0203221000,47,47,70,70,550.0,0.0,3144.0,4,2000
200004,MX,0203229000,47,47,70,70,218413.0,0.0,277674.0,4,2000
200004,MX,0203292000,47,47,70,70,167244.0,0.0,394255.0,4,2000
200004,MX,0203294000,47,47,70,70,1422863.0,0.0,2069617.0,4,2000
200005,MX,0203110000,47,47,70,70,1662533.0,0.0,3800669.0,5,2000
200005,MX,0203121000,47,47,70,70,984674.0,0.0,1296135.0,5,2000
200005,MX,0203129000,47,47,70,70,867067.0,0.0,1875186.0,5,2000
200005,MX,0203192000,47,47,70,70,42393.0,0.0,89605.0,5,2000
200005,MX,0203194000,47,47,70,70,356222.0,0.0,1202522.0,5,2000
200005,MX,0203210000,47,47,70,70,19548.0,0.0,32551.0,5,2000
200005,MX,0203221000,47,47,70,70,1000.0,0.0,7500.0,5,2000
200005,MX,0203229000,47,47,70,70,529488.0,0.0,812647.0,5,2000
200005,MX,0203292000,47,47,70,70,209708.0,0.0,565464.0,5,2000
200005,MX,0203294000,47,47,70,70,1083731.0,0.0,1855749.0,5,2000
200006,MX,0203110000,47,47,70,70,1950393.0,0.0,3894570.0,6,2000
200006,MX,0203121000,47,47,70,70,794439.0,0.0,1095009.0,6,2000
200006,MX,0203129000,47,47,70,70,930491.0,0.0,2050242.0,6,2000
200006,MX,0203192000,47,47,70,70,55800.0,0.0,119959.0,6,2000
200006,MX,0203194000,47,47,70,70,584221.0,0.0,1713295.0,6,2000
200006,MX,0203210000,47,47,70,70,19051.0,0.0,20790.0,6,2000
200006,MX,0203221000,47,47,70,70,14919.0,0.0,37260.0,6,2000
200006,MX,0203229000,47,47,70,70,588735.0,0.0,985652.0,6,2000
200006,MX,0203292000,47,47,70,70,67549.0,0.0,181248.0,6,2000
200006,MX,0203294000,47,47,70,70,1502305.0,0.0,2653328.0,6,2000
200007,MX,0203110000,47,47,70,70,1908374.0,0.0,4060332.0,7,2000
200007,MX,0203121000,47,47,70,70,923481.0,0.0,1286247.0,7,2000
200007,MX,0203129000,47,47,70,70,629723.0,0.0,1458940.0,7,2000
200007,MX,0203192000,47,47,70,70,126161.0,0.0,303593.0,7,2000
200007,MX,0203194000,47,47,70,70,643927.0,0.0,1825935.0,7,2000
200007,MX,0203210000,47,47,70,70,38284.0,0.0,56374.0,7,2000
200007,MX,0203221000,47,47,70,70,61231.0,0.0,100899.0,7,2000
200007,MX,0203229000,47,47,70,70,1043734.0,0.0,1783262.0,7,2000
200007,MX,0203292000,47,47,70,70,366365.0,0.0,1020940.0,7,2000
200007,MX,0203294000,47,47,70,70,1583876.0,0.0,2385955.0,7,2000
200008,MX,0203110000,47,47,70,70,2195220.0,0.0,3874878.0,8,2000
200008,MX,0203121000,47,47,70,70,796105.0,0.0,1235065.0,8,2000
200008,MX,0203129000,47,47,70,70,676258.0,0.0,1524664.0,8,2000
200008,MX,0203192000,47,47,70,70,90623.0,0.0,244571.0,8,2000
200008,MX,0203194000,47,47,70,70,655152.0,0.0,1693904.0,8,2000
200008,MX,0203210000,47,47,70,70,31219.0,0.0,56805.0,8,2000
200008,MX,0203221000,47,47,70,70,126413.0,0.0,254874.0,8,2000
200008,MX,0203229000,47,47,70,70,1130836.0,0.0,1688243.0,8,2000
200008,MX,0203292000,47,47,70,70,376431.0,0.0,877118.0,8,2000
200008,MX,0203294000,47,47,70,70,1459602.0,0.0,2964868.0,8,2000
200009,MX,0203110000,47,47,70,70,3081982.0,0.0,5141635.0,9,2000
200009,MX,0203121000,47,47,70,70,933644.0,0.0,1284516.0,9,2000
200009,MX,0203129000,47,47,70,70,610259.0,0.0,1270795.0,9,2000
200009,MX,0203192000,47,47,70,70,33980.0,0.0,63903.0,9,2000
200009,MX,0203194000,47,47,70,70,535591.0,0.0,1598970.0,9,2000
200009,MX,0203210000,47,47,70,70,51195.0,0.0,85040.0,9,2000
200009,MX,0203221000,47,47,70,70,136912.0,0.0,219842.0,9,2000
200009,MX,0203229000,47,47,70,70,1480835.0,0.0,2462229.0,9,2000
200009,MX,0203292000,47,47,70,70,322769.0,0.0,657151.0,9,2000
200009,MX,0203294000,47,47,70,70,1577656.0,0.0,2872275.0,9,2000
200010,MX,0203110000,47,47,70,70,2264538.0,0.0,3858075.0,10,2000
200010,MX,0203121000,47,47,70,70,1720473.0,0.0,2406110.0,10,2000
200010,MX,0203129000,47,47,70,70,634894.0,0.0,1462009.0,10,2000
200010,MX,0203192000,47,47,70,70,258719.0,0.0,671379.0,10,2000
200010,MX,0203194000,47,47,70,70,671451.0,0.0,2021693.0,10,2000
200010,MX,0203221000,47,47,70,70,93096.0,0.0,140172.0,10,2000
200010,MX,0203229000,47,47,70,70,1456644.0,0.0,2432248.0,10,2000
200010,MX,0203292000,47,47,70,70,162823.0,0.0,287691.0,10,2000
200010,MX,0203294000,47,47,70,70,1164462.0,0.0,2110406.0,10,2000
200011,MX,0203110000,47,47,70,70,2414338.0,0.0,3918767.0,11,2000
200011,MX,0203121000,47,47,70,70,3874636.0,0.0,5349309.0,11,2000
200011,MX,0203129000,47,47,70,70,1263230.0,0.0,2282439.0,11,2000
200011,MX,0203192000,47,47,70,70,82651.0,0.0,156937.0,11,2000
200011,MX,0203194000,47,47,70,70,468625.0,0.0,1165494.0,11,2000
200011,MX,0203210000,47,47,70,70,55535.0,0.0,71979.0,11,2000
200011,MX,0203221000,47,47,70,70,209822.0,0.0,363332.0,11,2000
200011,MX,0203229000,47,47,70,70,564432.0,0.0,941234.0,11,2000
200011,MX,0203292000,47,47,70,70,107204.0,0.0,215735.0,11,2000
200011,MX,0203294000,47,47,70,70,1560171.0,0.0,2374675.0,11,2000
200012,MX,0203110000,47,47,70,70,2023558.0,0.0,3367589.0,12,2000
200012,MX,0203121000,47,47,70,70,3074834.0,0.0,4326121.0,12,2000
200012,MX,0203129000,47,47,70,70,1482554.0,0.0,2592800.0,12,2000
200012,MX,0203192000,47,47,70,70,179943.0,0.0,375177.0,12,2000
200012,MX,0203194000,47,47,70,70,511044.0,0.0,1197253.0,12,2000
200012,MX,0203210000,47,47,70,70,55189.0,0.0,109703.0,12,2000
200012,MX,0203221000,47,47,70,70,63125.0,0.0,98316.0,12,2000
200012,MX,0203229000,47,47,70,70,395299.0,0.0,567885.0,12,2000
200012,MX,0203292000,47,47,70,70,302764.0,0.0,570801.0,12,2000
200012,MX,0203294000,47,47,70,70,1459730.0,0.0,2223212.0,12,2000
200101,MX,0203110000,47,47,70,70,2476927.0,0.0,3813838.0,1,2001
200101,MX,0203121000,47,47,70,70,478923.0,0.0,1352870.0,1,2001
200101,MX,0203129000,47,47,70,70,3079697.0,0.0,4376357.0,1,2001
200101,MX,0203192000,47,47,70,70,159147.0,0.0,324037.0,1,2001
200101,MX,0203194000,47,47,70,70,865645.0,0.0,1685207.0,1,2001
200101,MX,0203210000,47,47,70,70,18431.0,0.0,28036.0,1,2001
200101,MX,0203221000,47,47,70,70,123171.0,0.0,183913.0,1,2001
200101,MX,0203229000,47,47,70,70,393034.0,0.0,624655.0,1,2001
200101,MX,0203292000,47,47,70,70,298486.0,0.0,659174.0,1,2001
200101,MX,0203294000,47,47,70,70,2230651.0,0.0,3303782.0,1,2001
200102,MX,0203110000,47,47,70,70,2227278.0,0.0,3425335.0,2,2001
200102,MX,0203121000,47,47,70,70,1344034.0,0.0,1929134.0,2,2001
200102,MX,0203129000,47,47,70,70,2121362.0,0.0,3171853.0,2,2001
200102,MX,0203192000,47,47,70,70,239834.0,0.0,512046.0,2,2001
200102,MX,0203194000,47,47,70,70,942736.0,0.0,1864912.0,2,2001
200102,MX,0203221000,47,47,70,70,81569.0,0.0,299654.0,2,2001
200102,MX,0203229000,47,47,70,70,313912.0,0.0,524543.0,2,2001
200102,MX,0203292000,47,47,70,70,212503.0,0.0,413277.0,2,2001
200102,MX,0203294000,47,47,70,70,2184266.0,0.0,3250670.0,2,2001
200103,MX,0203110000,47,47,70,70,2312231.0,0.0,3866550.0,3,2001
200103,MX,0203121000,47,47,70,70,1316595.0,0.0,1971059.0,3,2001
200103,MX,0203129000,47,47,70,70,2163231.0,0.0,4034595.0,3,2001
200103,MX,0203192000,47,47,70,70,66505.0,0.0,157320.0,3,2001
200103,MX,0203194000,47,47,70,70,846570.0,0.0,1781708.0,3,2001
200103,MX,0203221000,47,47,70,70,110396.0,0.0,204406.0,3,2001
200103,MX,0203229000,47,47,70,70,462470.0,0.0,914330.0,3,2001
200103,MX,0203292000,47,47,70,70,127166.0,0.0,248561.0,3,2001
200103,MX,0203294000,47,47,70,70,1567672.0,0.0,2614019.0,3,2001
200104,MX,0203110000,47,47,70,70,1550979.0,0.0,2992224.0,4,2001
200104,MX,0203121000,47,47,70,70,827757.0,0.0,1200858.0,4,2001
200104,MX,0203129000,47,47,70,70,522329.0,0.0,1096608.0,4,2001
200104,MX,0203192000,47,47,70,70,77049.0,0.0,199667.0,4,2001
200104,MX,0203194000,47,47,70,70,904439.0,0.0,2101267.0,4,2001
200104,MX,0203221000,47,47,70,70,89723.0,0.0,226233.0,4,2001
200104,MX,0203229000,47,47,70,70,889603.0,0.0,1407030.0,4,2001
200104,MX,0203292000,47,47,70,70,154343.0,0.0,255627.0,4,2001
200104,MX,0203294000,47,47,70,70,978483.0,0.0,2108207.0,4,2001
200105,MX,0203110000,47,47,70,70,1271523.0,0.0,2571160.0,5,2001
200105,MX,0203121000,47,47,70,70,1100102.0,0.0,1558602.0,5,2001
200105,MX,0203129000,47,47,70,70,844527.0,0.0,1881565.0,5,2001
200105,MX,0203192000,47,47,70,70,38074.0,0.0,57031.0,5,2001
200105,MX,0203194000,47,47,70,70,529584.0,0.0,1334289.0,5,2001
200105,MX,0203210000,47,47,70,70,26108.0,0.0,59686.0,5,2001
200105,MX,0203221000,47,47,70,70,352193.0,0.0,784337.0,5,2001
200105,MX,0203229000,47,47,70,70,1878592.0,0.0,3114180.0,5,2001
200105,MX,0203292000,47,47,70,70,76507.0,0.0,184056.0,5,2001
200105,MX,0203294000,47,47,70,70,1562587.0,0.0,2851444.0,5,2001
200106,MX,0203110000,47,47,70,70,1067387.0,0.0,2279591.0,6,2001
200106,MX,0203121000,47,47,70,70,1672409.0,0.0,2648419.0,6,2001
200106,MX,0203129000,47,47,70,70,984141.0,0.0,1805245.0,6,2001
200106,MX,0203192000,47,47,70,70,44181.0,0.0,110413.0,6,2001
200106,MX,0203194000,47,47,70,70,855911.0,0.0,1880348.0,6,2001
200106,MX,0203210000,47,47,70,70,19059.0,0.0,29463.0,6,2001
200106,MX,0203221000,47,47,70,70,124198.0,0.0,199344.0,6,2001
200106,MX,0203229000,47,47,70,70,2090707.0,0.0,3424854.0,6,2001
200106,MX,0203292000,47,47,70,70,58585.0,0.0,182282.0,6,2001
200106,MX,0203294000,47,47,70,70,1925606.0,0.0,3538287.0,6,2001
200107,MX,0203110000,47,47,70,70,1056530.0,0.0,2076797.0,7,2001
200107,MX,0203121000,47,47,70,70,1037550.0,0.0,1819731.0,7,2001
200107,MX,0203129000,47,47,70,70,674244.0,0.0,1334586.0,7,2001
200107,MX,0203192000,47,47,70,70,10586.0,0.0,41703.0,7,2001
200107,MX,0203194000,47,47,70,70,730262.0,0.0,1747142.0,7,2001
200107,MX,0203210000,47,47,70,70,19092.0,0.0,25304.0,7,2001
200107,MX,0203221000,47,47,70,70,386587.0,0.0,655888.0,7,2001
200107,MX,0203229000,47,47,70,70,1929220.0,0.0,3090090.0,7,2001
200107,MX,0203292000,47,47,70,70,110739.0,0.0,241880.0,7,2001
200107,MX,0203294000,47,47,70,70,2029655.0,0.0,3479299.0,7,2001
200108,MX,0203110000,47,47,70,70,1306949.0,0.0,2507908.0,8,2001
200108,MX,0203121000,47,47,70,70,1449467.0,0.0,3060126.0,8,2001
200108,MX,0203129000,47,47,70,70,347166.0,0.0,746838.0,8,2001
200108,MX,0203192000,47,47,70,70,500.0,0.0,5250.0,8,2001
200108,MX,0203194000,47,47,70,70,1106622.0,0.0,2889045.0,8,2001
200108,MX,0203210000,47,47,70,70,50709.0,0.0,75845.0,8,2001
200108,MX,0203221000,47,47,70,70,374464.0,0.0,624148.0,8,2001
200108,MX,0203229000,47,47,70,70,2222840.0,0.0,3733843.0,8,2001
200108,MX,0203292000,47,47,70,70,65836.0,0.0,168949.0,8,2001
200108,MX,0203294000,47,47,70,70,2567050.0,0.0,4613757.0,8,2001
200109,MX,0203110000,47,47,70,70,1115402.0,0.0,2092195.0,9,2001
200109,MX,0203121000,47,47,70,70,986662.0,0.0,1636188.0,9,2001
200109,MX,0203129000,47,47,70,70,323306.0,0.0,649071.0,9,2001
200109,MX,0203194000,47,47,70,70,367525.0,0.0,868733.0,9,2001
200109,MX,0203210000,47,47,70,70,18627.0,0.0,45256.0,9,2001
200109,MX,0203221000,47,47,70,70,271433.0,0.0,475742.0,9,2001
200109,MX,0203229000,47,47,70,70,1447250.0,0.0,2294519.0,9,2001
200109,MX,0203292000,47,47,70,70,115241.0,0.0,295826.0,9,2001
200109,MX,0203294000,47,47,70,70,2418705.0,0.0,3968902.0,9,2001
200110,MX,0203110000,47,47,70,70,854476.0,0.0,1765154.0,10,2001
200110,MX,0203121000,47,47,70,70,1347684.0,0.0,1981212.0,10,2001
200110,MX,0203129000,47,47,70,70,182329.0,0.0,587421.0,10,2001
200110,MX,0203192000,47,47,70,70,4757.0,0.0,18740.0,10,2001
200110,MX,0203194000,47,47,70,70,591084.0,0.0,1512032.0,10,2001
200110,MX,0203221000,47,47,70,70,188352.0,0.0,280645.0,10,2001
200110,MX,0203229000,47,47,70,70,2045791.0,0.0,2925431.0,10,2001
200110,MX,0203292000,47,47,70,70,259876.0,0.0,664215.0,10,2001
200110,MX,0203294000,47,47,70,70,1967342.0,0.0,3217374.0,10,2001
200111,MX,0203110000,47,47,70,70,898435.0,0.0,1743650.0,11,2001
200111,MX,0203121000,47,47,70,70,1345803.0,0.0,1797400.0,11,2001
200111,MX,0203129000,47,47,70,70,594331.0,0.0,1254112.0,11,2001
200111,MX,0203192000,47,47,70,70,46887.0,0.0,89634.0,11,2001
200111,MX,0203194000,47,47,70,70,851037.0,0.0,1744879.0,11,2001
200111,MX,0203221000,47,47,70,70,176116.0,0.0,258208.0,11,2001
200111,MX,0203229000,47,47,70,70,3274164.0,0.0,4472428.0,11,2001
200111,MX,0203292000,47,47,70,70,196868.0,0.0,351665.0,11,2001
200111,MX,0203294000,47,47,70,70,1520924.0,0.0,2592694.0,11,2001
200112,MX,0203110000,47,47,70,70,941548.0,0.0,1830876.0,12,2001
200112,MX,0203121000,47,47,70,70,1097203.0,0.0,1587443.0,12,2001
200112,MX,0203129000,47,47,70,70,1992724.0,0.0,3195443.0,12,2001
200112,MX,0203192000,47,47,70,70,46465.0,0.0,75304.0,12,2001
200112,MX,0203194000,47,47,70,70,714415.0,0.0,1401983.0,12,2001
200112,MX,0203221000,47,47,70,70,165599.0,0.0,285464.0,12,2001
200112,MX,0203229000,47,47,70,70,1692012.0,0.0,2440586.0,12,2001
200112,MX,0203292000,47,47,70,70,24923.0,0.0,41571.0,12,2001
200112,MX,0203294000,47,47,70,70,760767.0,0.0,1298849.0,12,2001
200201,MX,0203110000,47,47,70,70,1283707.0,0.0,2557137.0,1,2002
200201,MX,0203121000,47,47,70,70,2344649.0,0.0,3202595.0,1,2002
200201,MX,0203129000,47,47,70,70,2734005.0,0.0,4621350.0,1,2002
200201,MX,0203192000,47,47,70,70,59811.0,0.0,111813.0,1,2002
200201,MX,0203194000,47,47,70,70,1726251.0,0.0,2442789.0,1,2002
200201,MX,0203221000,47,47,70,70,225543.0,0.0,401280.0,1,2002
200201,MX,0203229000,47,47,70,70,535256.0,0.0,1041764.0,1,2002
200201,MX,0203292000,47,47,70,70,67076.0,0.0,108291.0,1,2002
200201,MX,0203294000,47,47,70,70,2135896.0,0.0,3929945.0,1,2002
200202,MX,0203110000,47,47,70,70,767167.0,0.0,1453147.0,2,2002
200202,MX,0203121000,47,47,70,70,1270739.0,0.0,1765427.0,2,2002
200202,MX,0203129000,47,47,70,70,2681072.0,0.0,4499513.0,2,2002
200202,MX,0203192000,47,47,70,70,20553.0,0.0,46603.0,2,2002
200202,MX,0203194000,47,47,70,70,1803296.0,0.0,2446628.0,2,2002
200202,MX,0203221000,47,47,70,70,56417.0,0.0,71590.0,2,2002
200202,MX,0203229000,47,47,70,70,242625.0,0.0,498339.0,2,2002
200202,MX,0203292000,47,47,70,70,21444.0,0.0,38117.0,2,2002
200202,MX,0203294000,47,47,70,70,1392243.0,0.0,2025358.0,2,2002
200203,MX,0203110000,47,47,70,70,754642.0,0.0,1296133.0,3,2002
200203,MX,0203121000,47,47,70,70,1073986.0,0.0,1715228.0,3,2002
200203,MX,0203129000,47,47,70,70,2093603.0,0.0,3130824.0,3,2002
200203,MX,0203192000,47,47,70,70,2288.0,0.0,8370.0,3,2002
200203,MX,0203194000,47,47,70,70,758395.0,0.0,1257187.0,3,2002
200203,MX,0203221000,47,47,70,70,177972.0,0.0,524327.0,3,2002
200203,MX,0203229000,47,47,70,70,279141.0,0.0,567066.0,3,2002
200203,MX,0203294000,47,47,70,70,1377604.0,0.0,2117603.0,3,2002
200204,MX,0203110000,47,47,70,70,992705.0,0.0,1597444.0,4,2002
200204,MX,0203121000,47,47,70,70,320755.0,0.0,1209039.0,4,2002
200204,MX,0203129000,47,47,70,70,1943780.0,0.0,3316817.0,4,2002
200204,MX,0203192000,47,47,70,70,48457.0,0.0,93790.0,4,2002
200204,MX,0203194000,47,47,70,70,611221.0,0.0,1543589.0,4,2002
200204,MX,0203210000,47,47,70,70,16471.0,0.0,37652.0,4,2002
200204,MX,0203221000,47,47,70,70,182562.0,0.0,469628.0,4,2002
200204,MX,0203229000,47,47,70,70,2135103.0,0.0,2298976.0,4,2002
200204,MX,0203292000,47,47,70,70,19051.0,0.0,26250.0,4,2002
200204,MX,0203294000,47,47,70,70,3159124.0,0.0,4450602.0,4,2002
200205,MX,0203110000,47,47,70,70,760916.0,0.0,1104178.0,5,2002
200205,MX,0203121000,47,47,70,70,184628.0,0.0,695941.0,5,2002
200205,MX,0203129000,47,47,70,70,1027075.0,0.0,1726473.0,5,2002
200205,MX,0203192000,47,47,70,70,25561.0,0.0,62414.0,5,2002
200205,MX,0203194000,47,47,70,70,521931.0,0.0,1084448.0,5,2002
200205,MX,0203210000,47,47,70,70,44180.0,0.0,96987.0,5,2002
200205,MX,0203221000,47,47,70,70,235014.0,0.0,578715.0,5,2002
200205,MX,0203229000,47,47,70,70,2164045.0,0.0,1944720.0,5,2002
200205,MX,0203294000,47,47,70,70,1511756.0,0.0,2010500.0,5,2002
200206,MX,0203110000,47,47,70,70,686475.0,0.0,1029586.0,6,2002
200206,MX,0203121000,47,47,70,70,316147.0,0.0,1136303.0,6,2002
200206,MX,0203129000,47,47,70,70,735452.0,0.0,1253889.0,6,2002
200206,MX,0203192000,47,47,70,70,10173.0,0.0,55846.0,6,2002
200206,MX,0203194000,47,47,70,70,331466.0,0.0,862054.0,6,2002
200206,MX,0203210000,47,47,70,70,16849.0,0.0,38517.0,6,2002
200206,MX,0203221000,47,47,70,70,142330.0,0.0,440702.0,6,2002
200206,MX,0203229000,47,47,70,70,1354137.0,0.0,1544840.0,6,2002
200206,MX,0203292000,47,47,70,70,2960.0,0.0,21343.0,6,2002
200206,MX,0203294000,47,47,70,70,1330714.0,0.0,1820909.0,6,2002
200207,MX,0203110000,47,47,70,70,656533.0,0.0,1058454.0,7,2002
200207,MX,0203121000,47,47,70,70,488065.0,0.0,1348659.0,7,2002
200207,MX,0203129000,47,47,70,70,449076.0,0.0,871151.0,7,2002
200207,MX,0203192000,47,47,70,70,4950.0,0.0,19502.0,7,2002
200207,MX,0203194000,47,47,70,70,453782.0,0.0,1250889.0,7,2002
200207,MX,0203210000,47,47,70,70,3366.0,0.0,7695.0,7,2002
200207,MX,0203221000,47,47,70,70,193164.0,0.0,509877.0,7,2002
200207,MX,0203229000,47,47,70,70,701104.0,0.0,854575.0,7,2002
200207,MX,0203292000,47,47,70,70,44303.0,0.0,112668.0,7,2002
200207,MX,0203294000,47,47,70,70,1976971.0,0.0,2930207.0,7,2002
200208,MX,0203110000,47,47,70,70,799692.0,0.0,1236273.0,8,2002
200208,MX,0203121000,47,47,70,70,762445.0,0.0,1861289.0,8,2002
200208,MX,0203129000,47,47,70,70,685126.0,0.0,1321835.0,8,2002
200208,MX,0203192000,47,47,70,70,60086.0,0.0,182338.0,8,2002
200208,MX,0203194000,47,47,70,70,538810.0,0.0,1564677.0,8,2002
200208,MX,0203210000,47,47,70,70,57767.0,0.0,105789.0,8,2002
200208,MX,0203221000,47,47,70,70,187390.0,0.0,354012.0,8,2002
200208,MX,0203229000,47,47,70,70,413090.0,0.0,569210.0,8,2002
200208,MX,0203292000,47,47,70,70,122390.0,0.0,276184.0,8,2002
200208,MX,0203294000,47,47,70,70,623363.0,0.0,838171.0,8,2002
200209,MX,0203110000,47,47,70,70,1175307.0,0.0,1508942.0,9,2002
200209,MX,0203121000,47,47,70,70,405415.0,0.0,1424021.0,9,2002
200209,MX,0203129000,47,47,70,70,826866.0,0.0,1134885.0,9,2002
200209,MX,0203192000,47,47,70,70,73979.0,0.0,202618.0,9,2002
200209,MX,0203194000,47,47,70,70,462231.0,0.0,793253.0,9,2002
200209,MX,0203210000,47,47,70,70,18435.0,0.0,27636.0,9,2002
200209,MX,0203221000,47,47,70,70,35949.0,0.0,68753.0,9,2002
200209,MX,0203229000,47,47,70,70,501877.0,0.0,535703.0,9,2002
200209,MX,0203292000,47,47,70,70,101917.0,0.0,211436.0,9,2002
200209,MX,0203294000,47,47,70,70,685409.0,0.0,986509.0,9,2002
200210,MX,0203110000,47,47,70,70,1300193.0,0.0,1776504.0,10,2002
200210,MX,0203121000,47,47,70,70,1027712.0,0.0,1790864.0,10,2002
200210,MX,0203129000,47,47,70,70,1185527.0,0.0,1335757.0,10,2002
200210,MX,0203192000,47,47,70,70,58881.0,0.0,151114.0,10,2002
200210,MX,0203194000,47,47,70,70,569793.0,0.0,1364175.0,10,2002
200210,MX,0203210000,47,47,70,70,112352.0,0.0,240867.0,10,2002
200210,MX,0203221000,47,47,70,70,80600.0,0.0,180507.0,10,2002
200210,MX,0203229000,47,47,70,70,514750.0,0.0,565054.0,10,2002
200210,MX,0203292000,47,47,70,70,34625.0,0.0,63143.0,10,2002
200210,MX,0203294000,47,47,70,70,661084.0,0.0,768094.0,10,2002
200211,MX,0203110000,47,47,70,70,1242914.0,0.0,1742968.0,11,2002
200211,MX,0203121000,47,47,70,70,2268277.0,0.0,2841932.0,11,2002
200211,MX,0203129000,47,47,70,70,661765.0,0.0,1140576.0,11,2002
200211,MX,0203192000,47,47,70,70,10658.0,0.0,50671.0,11,2002
200211,MX,0203194000,47,47,70,70,437815.0,0.0,804395.0,11,2002
200211,MX,0203210000,47,47,70,70,264431.0,0.0,604310.0,11,2002
200211,MX,0203221000,47,47,70,70,55324.0,0.0,208545.0,11,2002
200211,MX,0203229000,47,47,70,70,72599.0,0.0,126427.0,11,2002
200211,MX,0203292000,47,47,70,70,5015.0,0.0,19757.0,11,2002
200211,MX,0203294000,47,47,70,70,539291.0,0.0,645703.0,11,2002
200212,MX,0203110000,47,47,70,70,879690.0,0.0,1464488.0,12,2002
200212,MX,0203121000,47,47,70,70,2053565.0,0.0,2827938.0,12,2002
200212,MX,0203129000,47,47,70,70,1089791.0,0.0,1988126.0,12,2002
200212,MX,0203192000,47,47,70,70,48514.0,0.0,105877.0,12,2002
200212,MX,0203194000,47,47,70,70,735735.0,0.0,1345351.0,12,2002
200212,MX,0203210000,47,47,70,70,174231.0,0.0,428978.0,12,2002
200212,MX,0203221000,47,47,70,70,37876.0,0.0,43942.0,12,2002
200212,MX,0203229000,47,47,70,70,197998.0,0.0,347916.0,12,2002
200212,MX,0203292000,47,47,70,70,2638.0,0.0,10393.0,12,2002
200212,MX,0203294000,47,47,70,70,401042.0,0.0,547399.0,12,2002
200301,MX,0203110000,47,47,70,70,917950.0,0.0,1684648.0,1,2003
200301,MX,0203121000,47,47,70,70,1000605.0,0.0,3364299.0,1,2003
200301,MX,0203129000,47,47,70,70,1899779.0,0.0,2987274.0,1,2003
200301,MX,0203192000,47,47,70,70,49630.0,0.0,156835.0,1,2003
200301,MX,0203194000,47,47,70,70,805034.0,0.0,1403977.0,1,2003
200301,MX,0203210000,47,47,70,70,73101.0,0.0,171052.0,1,2003
200301,MX,0203221000,47,47,70,70,42682.0,0.0,110221.0,1,2003
200301,MX,0203229000,47,47,70,70,270572.0,0.0,507819.0,1,2003
200301,MX,0203292000,47,47,70,70,114643.0,0.0,207265.0,1,2003
200301,MX,0203294000,47,47,70,70,1287813.0,0.0,1921694.0,1,2003
200302,MX,0203110000,47,47,70,70,689507.0,0.0,1331260.0,2,2003
200302,MX,0203121000,47,47,70,70,809785.0,0.0,2666161.0,2,2003
200302,MX,0203129000,47,47,70,70,1105240.0,0.0,1609210.0,2,2003
200302,MX,0203192000,47,47,70,70,24081.0,0.0,36772.0,2,2003
200302,MX,0203194000,47,47,70,70,797489.0,0.0,1538884.0,2,2003
200302,MX,0203210000,47,47,70,70,101738.0,0.0,217639.0,2,2003
200302,MX,0203221000,47,47,70,70,93391.0,0.0,184988.0,2,2003
200302,MX,0203229000,47,47,70,70,454398.0,0.0,574011.0,2,2003
200302,MX,0203292000,47,47,70,70,36900.0,0.0,50000.0,2,2003
200302,MX,0203294000,47,47,70,70,1644765.0,0.0,2316922.0,2,2003
200303,MX,0203110000,47,47,70,70,693344.0,0.0,1358558.0,3,2003
200303,MX,0203121000,47,47,70,70,1101103.0,0.0,2274665.0,3,2003
200303,MX,0203129000,47,47,70,70,1235266.0,0.0,2032328.0,3,2003
200303,MX,0203192000,47,47,70,70,23140.0,0.0,32805.0,3,2003
200303,MX,0203194000,47,47,70,70,797385.0,0.0,1390418.0,3,2003
200303,MX,0203210000,47,47,70,70,54242.0,0.0,111471.0,3,2003
200303,MX,0203221000,47,47,70,70,89720.0,0.0,182052.0,3,2003
200303,MX,0203229000,47,47,70,70,212340.0,0.0,443314.0,3,2003
200303,MX,0203292000,47,47,70,70,105359.0,0.0,267745.0,3,2003
200303,MX,0203294000,47,47,70,70,1480784.0,0.0,2118184.0,3,2003
200304,MX,0203110000,47,47,70,70,377566.0,0.0,762091.0,4,2003
200304,MX,0203121000,47,47,70,70,402542.0,0.0,1474254.0,4,2003
200304,MX,0203129000,47,47,70,70,1663932.0,0.0,2482810.0,4,2003
200304,MX,0203192000,47,47,70,70,38254.0,0.0,199848.0,4,2003
200304,MX,0203194000,47,47,70,70,561344.0,0.0,776558.0,4,2003
200304,MX,0203210000,47,47,70,70,21597.0,0.0,53568.0,4,2003
200304,MX,0203221000,47,47,70,70,116233.0,0.0,149314.0,4,2003
200304,MX,0203229000,47,47,70,70,177446.0,0.0,377096.0,4,2003
200304,MX,0203292000,47,47,70,70,155126.0,0.0,234851.0,4,2003
200304,MX,0203294000,47,47,70,70,1259767.0,0.0,1864908.0,4,2003
200305,MX,0203110000,47,47,70,70,332445.0,0.0,744511.0,5,2003
200305,MX,0203121000,47,47,70,70,616323.0,0.0,1940122.0,5,2003
200305,MX,0203129000,47,47,70,70,2275367.0,0.0,3466131.0,5,2003
200305,MX,0203192000,47,47,70,70,54072.0,0.0,191215.0,5,2003
200305,MX,0203194000,47,47,70,70,660629.0,0.0,1184627.0,5,2003
200305,MX,0203210000,47,47,70,70,16554.0,0.0,37842.0,5,2003
200305,MX,0203221000,47,47,70,70,66852.0,0.0,230577.0,5,2003
200305,MX,0203229000,47,47,70,70,344839.0,0.0,610595.0,5,2003
200305,MX,0203292000,47,47,70,70,24546.0,0.0,55832.0,5,2003
200305,MX,0203294000,47,47,70,70,1344505.0,0.0,1942069.0,5,2003
200306,MX,0203110000,47,47,70,70,204005.0,0.0,457142.0,6,2003
200306,MX,0203121000,47,47,70,70,1043247.0,0.0,2195598.0,6,2003
200306,MX,0203129000,47,47,70,70,1620624.0,0.0,3192895.0,6,2003
200306,MX,0203192000,47,47,70,70,89647.0,0.0,200108.0,6,2003
200306,MX,0203194000,47,47,70,70,615136.0,0.0,1467348.0,6,2003
200306,MX,0203210000,47,47,70,70,26869.0,0.0,61423.0,6,2003
200306,MX,0203221000,47,47,70,70,25981.0,0.0,126119.0,6,2003
200306,MX,0203229000,47,47,70,70,387134.0,0.0,715996.0,6,2003
200306,MX,0203292000,47,47,70,70,60650.0,0.0,92430.0,6,2003
200306,MX,0203294000,47,47,70,70,1345372.0,0.0,2395769.0,6,2003
200307,MX,0203110000,47,47,70,70,267220.0,0.0,610879.0,7,2003
200307,MX,0203121000,47,47,70,70,1007512.0,0.0,1670990.0,7,2003
200307,MX,0203129000,47,47,70,70,1465723.0,0.0,3158964.0,7,2003
200307,MX,0203192000,47,47,70,70,61540.0,0.0,99388.0,7,2003
200307,MX,0203194000,47,47,70,70,568040.0,0.0,1592745.0,7,2003
200307,MX,0203210000,47,47,70,70,27741.0,0.0,63417.0,7,2003
200307,MX,0203221000,47,47,70,70,39995.0,0.0,92945.0,7,2003
200307,MX,0203229000,47,47,70,70,543319.0,0.0,890787.0,7,2003
200307,MX,0203292000,47,47,70,70,46093.0,0.0,82769.0,7,2003
200307,MX,0203294000,47,47,70,70,1404313.0,0.0,2619832.0,7,2003
200308,MX,0203110000,47,47,70,70,433779.0,0.0,973995.0,8,2003
200308,MX,0203121000,47,47,70,70,747656.0,0.0,1193193.0,8,2003
200308,MX,0203129000,47,47,70,70,2329602.0,0.0,4281011.0,8,2003
200308,MX,0203192000,47,47,70,70,74116.0,0.0,142384.0,8,2003
200308,MX,0203194000,47,47,70,70,589115.0,0.0,1448782.0,8,2003
200308,MX,0203210000,47,47,70,70,66700.0,0.0,119234.0,8,2003
200308,MX,0203221000,47,47,70,70,93832.0,0.0,127760.0,8,2003
200308,MX,0203229000,47,47,70,70,595785.0,0.0,1005190.0,8,2003
200308,MX,0203292000,47,47,70,70,42369.0,0.0,64347.0,8,2003
200308,MX,0203294000,47,47,70,70,1687778.0,0.0,2826773.0,8,2003
200309,MX,0203110000,47,47,70,70,285797.0,0.0,630895.0,9,2003
200309,MX,0203121000,47,47,70,70,1437159.0,0.0,2135128.0,9,2003
200309,MX,0203129000,47,47,70,70,3219257.0,0.0,5376777.0,9,2003
200309,MX,0203192000,47,47,70,70,22227.0,0.0,48153.0,9,2003
200309,MX,0203194000,47,47,70,70,1083848.0,0.0,1976245.0,9,2003
200309,MX,0203210000,47,47,70,70,54260.0,0.0,113891.0,9,2003
200309,MX,0203221000,47,47,70,70,75708.0,0.0,151190.0,9,2003
200309,MX,0203229000,47,47,70,70,472363.0,0.0,893691.0,9,2003
200309,MX,0203292000,47,47,70,70,74131.0,0.0,188296.0,9,2003
200309,MX,0203294000,47,47,70,70,1671338.0,0.0,2757683.0,9,2003
200310,MX,0203110000,47,47,70,70,432544.0,0.0,988815.0,10,2003
200310,MX,0203121000,47,47,70,70,1407148.0,0.0,2155891.0,10,2003
200310,MX,0203129000,47,47,70,70,4448374.0,0.0,7009606.0,10,2003
200310,MX,0203192000,47,47,70,70,23064.0,0.0,66397.0,10,2003
200310,MX,0203194000,47,47,70,70,1464588.0,0.0,2597109.0,10,2003
200310,MX,0203210000,47,47,70,70,31330.0,0.0,52031.0,10,2003
200310,MX,0203221000,47,47,70,70,53572.0,0.0,92007.0,10,2003
200310,MX,0203229000,47,47,70,70,392779.0,0.0,573410.0,10,2003
200310,MX,0203292000,47,47,70,70,114992.0,0.0,153335.0,10,2003
200310,MX,0203294000,47,47,70,70,1199046.0,0.0,2098611.0,10,2003
200311,MX,0203110000,47,47,70,70,731031.0,0.0,1347172.0,11,2003
200311,MX,0203121000,47,47,70,70,1857380.0,0.0,2642903.0,11,2003
200311,MX,0203129000,47,47,70,70,4524442.0,0.0,6756899.0,11,2003
200311,MX,0203192000,47,47,70,70,127807.0,0.0,175716.0,11,2003
200311,MX,0203194000,47,47,70,70,979051.0,0.0,2070535.0,11,2003
200311,MX,0203210000,47,47,70,70,285120.0,0.0,405025.0,11,2003
200311,MX,0203221000,47,47,70,70,36876.0,0.0,61173.0,11,2003
200311,MX,0203229000,47,47,70,70,585853.0,0.0,906847.0,11,2003
200311,MX,0203292000,47,47,70,70,353159.0,0.0,575847.0,11,2003
200311,MX,0203294000,47,47,70,70,1077773.0,0.0,1680424.0,11,2003
200312,MX,0203110000,47,47,70,70,847794.0,0.0,1477044.0,12,2003
200312,MX,0203121000,47,47,70,70,1885344.0,0.0,3997315.0,12,2003
200312,MX,0203129000,47,47,70,70,6765575.0,0.0,9389620.0,12,2003
200312,MX,0203192000,47,47,70,70,195766.0,0.0,313890.0,12,2003
200312,MX,0203194000,47,47,70,70,1117228.0,0.0,2071309.0,12,2003
200312,MX,0203210000,47,47,70,70,176600.0,0.0,308393.0,12,2003
200312,MX,0203221000,47,47,70,70,49420.0,0.0,94988.0,12,2003
200312,MX,0203229000,47,47,70,70,448486.0,0.0,683514.0,12,2003
200312,MX,0203292000,47,47,70,70,71816.0,0.0,164768.0,12,2003
200312,MX,0203294000,47,47,70,70,1526081.0,0.0,2432583.0,12,2003
200401,MX,0203110000,47,47,70,70,988011.0,0.0,1698250.0,1,2004
200401,MX,0203121000,47,47,70,70,809321.0,0.0,2787226.0,1,2004
200401,MX,0203129000,47,47,70,70,5246406.0,0.0,6774101.0,1,2004
200401,MX,0203192000,47,47,70,70,187427.0,0.0,408552.0,1,2004
200401,MX,0203194000,47,47,70,70,1607523.0,0.0,2525194.0,1,2004
200401,MX,0203210000,47,47,70,70,124504.0,0.0,196628.0,1,2004
200401,MX,0203221000,47,47,70,70,93258.0,0.0,184779.0,1,2004
200401,MX,0203229000,47,47,70,70,523498.0,0.0,868191.0,1,2004
200401,MX,0203292000,47,47,70,70,135351.0,0.0,294370.0,1,2004
200401,MX,0203294000,47,47,70,70,1918537.0,0.0,2965650.0,1,2004
200402,MX,0203110000,47,47,70,70,1097641.0,0.0,2157441.0,2,2004
200402,MX,0203121000,47,47,70,70,800803.0,0.0,1442131.0,2,2004
200402,MX,0203129000,47,47,70,70,5800753.0,0.0,8130999.0,2,2004
200402,MX,0203192000,47,47,70,70,136469.0,0.0,244698.0,2,2004
200402,MX,0203194000,47,47,70,70,880205.0,0.0,1703667.0,2,2004
200402,MX,0203210000,47,47,70,70,44388.0,0.0,101474.0,2,2004
200402,MX,0203221000,47,47,70,70,119240.0,0.0,204450.0,2,2004
200402,MX,0203229000,47,47,70,70,591580.0,0.0,947778.0,2,2004
200402,MX,0203292000,47,47,70,70,152659.0,0.0,317227.0,2,2004
200402,MX,0203294000,47,47,70,70,1522747.0,0.0,2569371.0,2,2004
200403,MX,0203110000,47,47,70,70,1189520.0,0.0,2418598.0,3,2004
200403,MX,0203121000,47,47,70,70,1076632.0,0.0,1653267.0,3,2004
200403,MX,0203129000,47,47,70,70,7516922.0,0.0,12509543.0,3,2004
200403,MX,0203192000,47,47,70,70,208135.0,0.0,404368.0,3,2004
200403,MX,0203194000,47,47,70,70,1406982.0,0.0,2800101.0,3,2004
200403,MX,0203210000,47,47,70,70,85241.0,0.0,115981.0,3,2004
200403,MX,0203221000,47,47,70,70,111341.0,0.0,170719.0,3,2004
200403,MX,0203229000,47,47,70,70,578919.0,0.0,968051.0,3,2004
200403,MX,0203292000,47,47,70,70,382434.0,0.0,601096.0,3,2004
200403,MX,0203294000,47,47,70,70,1154552.0,0.0,2108483.0,3,2004
200404,MX,0203110000,47,47,70,70,653853.0,0.0,1284378.0,4,2004
200404,MX,0203121000,47,47,70,70,1345570.0,0.0,1924045.0,4,2004
200404,MX,0203129000,47,47,70,70,6812539.0,0.0,10321887.0,4,2004
200404,MX,0203192000,47,47,70,70,261563.0,0.0,515486.0,4,2004
200404,MX,0203194000,47,47,70,70,1083681.0,0.0,2037051.0,4,2004
200404,MX,0203210000,47,47,70,70,6805.0,0.0,15555.0,4,2004
200404,MX,0203221000,47,47,70,70,127810.0,0.0,218875.0,4,2004
200404,MX,0203229000,47,47,70,70,625952.0,0.0,1068584.0,4,2004
200404,MX,0203292000,47,47,70,70,157121.0,0.0,263895.0,4,2004
200404,MX,0203294000,47,47,70,70,1249893.0,0.0,2121242.0,4,2004
200405,MX,0203110000,47,47,70,70,679413.0,0.0,1453773.0,5,2004
200405,MX,0203121000,47,47,70,70,1967555.0,0.0,2980798.0,5,2004
200405,MX,0203129000,47,47,70,70,6412504.0,0.0,10369092.0,5,2004
200405,MX,0203192000,47,47,70,70,120735.0,0.0,264698.0,5,2004
200405,MX,0203194000,47,47,70,70,873614.0,0.0,1825147.0,5,2004
200405,MX,0203210000,47,47,70,70,19146.0,0.0,28702.0,5,2004
200405,MX,0203221000,47,47,70,70,33698.0,0.0,87846.0,5,2004
200405,MX,0203229000,47,47,70,70,536205.0,0.0,969495.0,5,2004
200405,MX,0203292000,47,47,70,70,138350.0,0.0,281997.0,5,2004
200405,MX,0203294000,47,47,70,70,1155946.0,0.0,1891111.0,5,2004
200406,MX,0203110000,47,47,70,70,418150.0,0.0,922916.0,6,2004
200406,MX,0203121000,47,47,70,70,1929334.0,0.0,3336462.0,6,2004
200406,MX,0203129000,47,47,70,70,7348206.0,0.0,13175500.0,6,2004
200406,MX,0203192000,47,47,70,70,97458.0,0.0,291778.0,6,2004
200406,MX,0203194000,47,47,70,70,947117.0,0.0,2048885.0,6,2004
200406,MX,0203210000,47,47,70,70,64828.0,0.0,118711.0,6,2004
200406,MX,0203221000,47,47,70,70,86787.0,0.0,130726.0,6,2004
200406,MX,0203229000,47,47,70,70,763950.0,0.0,1338435.0,6,2004
200406,MX,0203292000,47,47,70,70,183111.0,0.0,523715.0,6,2004
200406,MX,0203294000,47,47,70,70,1395884.0,0.0,2686129.0,6,2004
200407,MX,0203110000,47,47,70,70,544187.0,0.0,1226390.0,7,2004
200407,MX,0203121000,47,47,70,70,1704874.0,0.0,3164690.0,7,2004
200407,MX,0203129000,47,47,70,70,4068357.0,0.0,8273397.0,7,2004
200407,MX,0203192000,47,47,70,70,176212.0,0.0,379214.0,7,2004
200407,MX,0203194000,47,47,70,70,1365153.0,0.0,3103398.0,7,2004
200407,MX,0203210000,47,47,70,70,15561.0,0.0,35572.0,7,2004
200407,MX,0203221000,47,47,70,70,68515.0,0.0,129643.0,7,2004
200407,MX,0203229000,47,47,70,70,700659.0,0.0,1352444.0,7,2004
200407,MX,0203292000,47,47,70,70,177329.0,0.0,524908.0,7,2004
200407,MX,0203294000,47,47,70,70,1761910.0,0.0,3360584.0,7,2004
200408,MX,0203110000,47,47,70,70,411386.0,0.0,868715.0,8,2004
200408,MX,0203121000,47,47,70,70,2317320.0,0.0,4403219.0,8,2004
200408,MX,0203129000,47,47,70,70,4242712.0,0.0,8285501.0,8,2004
200408,MX,0203192000,47,47,70,70,245413.0,0.0,558030.0,8,2004
200408,MX,0203194000,47,47,70,70,945296.0,0.0,2284237.0,8,2004
200408,MX,0203210000,47,47,70,70,7395.0,0.0,16905.0,8,2004
200408,MX,0203221000,47,47,70,70,65526.0,0.0,125290.0,8,2004
200408,MX,0203229000,47,47,70,70,885975.0,0.0,1465574.0,8,2004
200408,MX,0203292000,47,47,70,70,331482.0,0.0,901584.0,8,2004
200408,MX,0203294000,47,47,70,70,1641324.0,0.0,3024443.0,8,2004
200409,MX,0203110000,47,47,70,70,758498.0,0.0,1599334.0,9,2004
200409,MX,0203121000,47,47,70,70,2962465.0,0.0,5503288.0,9,2004
200409,MX,0203129000,47,47,70,70,8287664.0,0.0,20774372.0,9,2004
200409,MX,0203192000,47,47,70,70,352803.0,0.0,739568.0,9,2004
200409,MX,0203194000,47,47,70,70,1101840.0,0.0,2543559.0,9,2004
200409,MX,0203210000,47,47,70,70,4252.0,0.0,9720.0,9,2004
200409,MX,0203221000,47,47,70,70,72746.0,0.0,149546.0,9,2004
200409,MX,0203229000,47,47,70,70,730657.0,0.0,1284097.0,9,2004
200409,MX,0203292000,47,47,70,70,486182.0,0.0,1097814.0,9,2004
200409,MX,0203294000,47,47,70,70,1416336.0,0.0,2532676.0,9,2004
200410,MX,0203110000,47,47,70,70,433468.0,0.0,946355.0,10,2004
200410,MX,0203121000,47,47,70,70,2787056.0,0.0,5384098.0,10,2004
200410,MX,0203129000,47,47,70,70,8794275.0,0.0,21885025.0,10,2004
200410,MX,0203192000,47,47,70,70,352288.0,0.0,717326.0,10,2004
200410,MX,0203194000,47,47,70,70,939539.0,0.0,2201330.0,10,2004
200410,MX,0203210000,47,47,70,70,15228.0,0.0,34812.0,10,2004
200410,MX,0203221000,47,47,70,70,86839.0,0.0,184670.0,10,2004
200410,MX,0203229000,47,47,70,70,1646274.0,0.0,4233130.0,10,2004
200410,MX,0203292000,47,47,70,70,513119.0,0.0,1333681.0,10,2004
200410,MX,0203294000,47,47,70,70,1070173.0,0.0,2091317.0,10,2004
200411,MX,0203110000,47,47,70,70,419691.0,0.0,899203.0,11,2004
200411,MX,0203121000,47,47,70,70,2513591.0,0.0,4984591.0,11,2004
200411,MX,0203129000,47,47,70,70,4959901.0,0.0,10013015.0,11,2004
200411,MX,0203192000,47,47,70,70,369415.0,0.0,743838.0,11,2004
200411,MX,0203194000,47,47,70,70,966888.0,0.0,2155836.0,11,2004
200411,MX,0203210000,47,47,70,70,23378.0,0.0,33551.0,11,2004
200411,MX,0203221000,47,47,70,70,111469.0,0.0,226624.0,11,2004
200411,MX,0203229000,47,47,70,70,2979560.0,0.0,8567674.0,11,2004
200411,MX,0203292000,47,47,70,70,519416.0,0.0,1126450.0,11,2004
200411,MX,0203294000,47,47,70,70,1087837.0,0.0,2088741.0,11,2004
200412,MX,0203110000,47,47,70,70,475037.0,0.0,1044797.0,12,2004
200412,MX,0203121000,47,47,70,70,3391922.0,0.0,6339309.0,12,2004
200412,MX,0203129000,47,47,70,70,6244942.0,0.0,12167654.0,12,2004
200412,MX,0203192000,47,47,70,70,301539.0,0.0,680515.0,12,2004
200412,MX,0203194000,47,47,70,70,1225660.0,0.0,2940467.0,12,2004
200412,MX,0203221000,47,47,70,70,56467.0,0.0,138680.0,12,2004
200412,MX,0203229000,47,47,70,70,824098.0,0.0,1362358.0,12,2004
200412,MX,0203292000,47,47,70,70,514337.0,0.0,979244.0,12,2004
200412,MX,0203294000,47,47,70,70,1413121.0,0.0,2618353.0,12,2004
200501,MX,0203110000,47,47,70,70,478346.0,0.0,1044639.0,1,2005
200501,MX,0203121000,47,47,70,70,3668658.0,0.0,6541674.0,1,2005
200501,MX,0203129000,47,47,70,70,5319922.0,0.0,9455752.0,1,2005
200501,MX,0203192000,47,47,70,70,283836.0,0.0,600628.0,1,2005
200501,MX,0203194000,47,47,70,70,813647.0,0.0,1865476.0,1,2005
200501,MX,0203210000,47,47,70,70,34606.0,0.0,73796.0,1,2005
200501,MX,0203221000,47,47,70,70,58181.0,0.0,102556.0,1,2005
200501,MX,0203229000,47,47,70,70,656620.0,0.0,1204520.0,1,2005
200501,MX,0203292000,47,47,70,70,712674.0,0.0,1377074.0,1,2005
200501,MX,0203294000,47,47,70,70,1374605.0,0.0,2592754.0,1,2005
200502,MX,0203110000,47,47,70,70,545184.0,0.0,1186629.0,2,2005
200502,MX,0203121000,47,47,70,70,2548436.0,0.0,4257635.0,2,2005
200502,MX,0203129000,47,47,70,70,4625515.0,0.0,7898902.0,2,2005
200502,MX,0203192000,47,47,70,70,268520.0,0.0,532817.0,2,2005
200502,MX,0203194000,47,47,70,70,1014324.0,0.0,2229345.0,2,2005
200502,MX,0203210000,47,47,70,70,4396.0,0.0,10078.0,2,2005
200502,MX,0203221000,47,47,70,70,83679.0,0.0,168013.0,2,2005
200502,MX,0203229000,47,47,70,70,400153.0,0.0,718959.0,2,2005
200502,MX,0203292000,47,47,70,70,424931.0,0.0,860468.0,2,2005
200502,MX,0203294000,47,47,70,70,1063231.0,0.0,2036023.0,2,2005
200503,MX,0203110000,47,47,70,70,465915.0,0.0,1018373.0,3,2005
200503,MX,0203121000,47,47,70,70,2333013.0,0.0,3614607.0,3,2005
200503,MX,0203129000,47,47,70,70,4587419.0,0.0,7274255.0,3,2005
200503,MX,0203192000,47,47,70,70,298311.0,0.0,536331.0,3,2005
200503,MX,0203194000,47,47,70,70,880397.0,0.0,1829009.0,3,2005
200503,MX,0203210000,47,47,70,70,3194.0,0.0,7183.0,3,2005
200503,MX,0203221000,47,47,70,70,100697.0,0.0,173474.0,3,2005
200503,MX,0203229000,47,47,70,70,465652.0,0.0,813958.0,3,2005
200503,MX,0203292000,47,47,70,70,436359.0,0.0,835608.0,3,2005
200503,MX,0203294000,47,47,70,70,1220087.0,0.0,2110023.0,3,2005
200504,MX,0203110000,47,47,70,70,237740.0,0.0,534115.0,4,2005
200504,MX,0203121000,47,47,70,70,3314181.0,0.0,5159810.0,4,2005
200504,MX,0203129000,47,47,70,70,5854022.0,0.0,8848194.0,4,2005
200504,MX,0203192000,47,47,70,70,521996.0,0.0,922583.0,4,2005
200504,MX,0203194000,47,47,70,70,1285003.0,0.0,2810100.0,4,2005
200504,MX,0203210000,47,47,70,70,21039.0,0.0,38712.0,4,2005
200504,MX,0203221000,47,47,70,70,208538.0,0.0,418352.0,4,2005
200504,MX,0203229000,47,47,70,70,576529.0,0.0,1045591.0,4,2005
200504,MX,0203292000,47,47,70,70,572860.0,0.0,1419477.0,4,2005
200504,MX,0203294000,47,47,70,70,1322595.0,0.0,2492956.0,4,2005
200505,MX,0203110000,47,47,70,70,283509.0,0.0,648144.0,5,2005
200505,MX,0203121000,47,47,70,70,3064242.0,0.0,4772533.0,5,2005
200505,MX,0203129000,47,47,70,70,5538961.0,0.0,8576034.0,5,2005
200505,MX,0203192000,47,47,70,70,399922.0,0.0,738564.0,5,2005
200505,MX,0203194000,47,47,70,70,1393987.0,0.0,3365833.0,5,2005
200505,MX,0203221000,47,47,70,70,105878.0,0.0,214859.0,5,2005
200505,MX,0203229000,47,47,70,70,560923.0,0.0,1046577.0,5,2005
200505,MX,0203292000,47,47,70,70,712145.0,0.0,1896882.0,5,2005
200505,MX,0203294000,47,47,70,70,1051876.0,0.0,2175466.0,5,2005
200506,MX,0203110000,47,47,70,70,306367.0,0.0,700400.0,6,2005
200506,MX,0203121000,47,47,70,70,3227525.0,0.0,4824443.0,6,2005
200506,MX,0203129000,47,47,70,70,5133559.0,0.0,7624384.0,6,2005
200506,MX,0203192000,47,47,70,70,283945.0,0.0,473413.0,6,2005
200506,MX,0203194000,47,47,70,70,1104355.0,0.0,2178215.0,6,2005
200506,MX,0203210000,47,47,70,70,2326.0,0.0,5318.0,6,2005
200506,MX,0203221000,47,47,70,70,103528.0,0.0,192365.0,6,2005
200506,MX,0203229000,47,47,70,70,550158.0,0.0,1025858.0,6,2005
200506,MX,0203292000,47,47,70,70,440298.0,0.0,1147407.0,6,2005
200506,MX,0203294000,47,47,70,70,806040.0,0.0,1462236.0,6,2005
200507,MX,0203110000,47,47,70,70,572773.0,0.0,1263679.0,7,2005
200507,MX,0203121000,47,47,70,70,3286986.0,0.0,5292744.0,7,2005
200507,MX,0203129000,47,47,70,70,4953273.0,0.0,7689716.0,7,2005
200507,MX,0203192000,47,47,70,70,344156.0,0.0,580886.0,7,2005
200507,MX,0203194000,47,47,70,70,1346609.0,0.0,2573827.0,7,2005
200507,MX,0203210000,47,47,70,70,76209.0,0.0,142957.0,7,2005
200507,MX,0203221000,47,47,70,70,104415.0,0.0,201199.0,7,2005
200507,MX,0203229000,47,47,70,70,476879.0,0.0,944437.0,7,2005
200507,MX,0203292000,47,47,70,70,580266.0,0.0,1512250.0,7,2005
200507,MX,0203294000,47,47,70,70,1260671.0,0.0,2153150.0,7,2005
200508,MX,0203110000,47,47,70,70,654801.0,0.0,1477554.0,8,2005
200508,MX,0203121000,47,47,70,70,3071588.0,0.0,5253638.0,8,2005
200508,MX,0203129000,47,47,70,70,4935211.0,0.0,8647909.0,8,2005
200508,MX,0203192000,47,47,70,70,340688.0,0.0,646441.0,8,2005
200508,MX,0203194000,47,47,70,70,1228770.0,0.0,2857061.0,8,2005
200508,MX,0203210000,47,47,70,70,19120.0,0.0,36041.0,8,2005
200508,MX,0203221000,47,47,70,70,73923.0,0.0,139518.0,8,2005
200508,MX,0203229000,47,47,70,70,750237.0,0.0,1443714.0,8,2005
200508,MX,0203292000,47,47,70,70,704435.0,0.0,1892904.0,8,2005
200508,MX,0203294000,47,47,70,70,1858572.0,0.0,3184316.0,8,2005
200509,MX,0203110000,47,47,70,70,617289.0,0.0,1380069.0,9,2005
200509,MX,0203121000,47,47,70,70,3191086.0,0.0,5420136.0,9,2005
200509,MX,0203129000,47,47,70,70,4879590.0,0.0,8632117.0,9,2005
200509,MX,0203192000,47,47,70,70,149363.0,0.0,275552.0,9,2005
200509,MX,0203194000,47,47,70,70,979250.0,0.0,2096103.0,9,2005
200509,MX,0203210000,47,47,70,70,39145.0,0.0,73283.0,9,2005
200509,MX,0203221000,47,47,70,70,106174.0,0.0,200774.0,9,2005
200509,MX,0203229000,47,47,70,70,700013.0,0.0,1166570.0,9,2005
200509,MX,0203292000,47,47,70,70,683632.0,0.0,1951534.0,9,2005
200509,MX,0203294000,47,47,70,70,1248518.0,0.0,2308043.0,9,2005
200510,MX,0203110000,47,47,70,70,508967.0,0.0,1105277.0,10,2005
200510,MX,0203121000,47,47,70,70,3116986.0,0.0,5124592.0,10,2005
200510,MX,0203129000,47,47,70,70,5171030.0,0.0,8787658.0,10,2005
200510,MX,0203192000,47,47,70,70,204702.0,0.0,431877.0,10,2005
200510,MX,0203194000,47,47,70,70,1036315.0,0.0,2034106.0,10,2005
200510,MX,0203210000,47,47,70,70,144915.0,0.0,275108.0,10,2005
200510,MX,0203221000,47,47,70,70,267597.0,0.0,575937.0,10,2005
200510,MX,0203229000,47,47,70,70,829568.0,0.0,1579612.0,10,2005
200510,MX,0203292000,47,47,70,70,743428.0,0.0,1912625.0,10,2005
200510,MX,0203294000,47,47,70,70,1227779.0,0.0,2267928.0,10,2005
200511,MX,0203110000,47,47,70,70,518465.0,0.0,1093377.0,11,2005
200511,MX,0203121000,47,47,70,70,2921355.0,0.0,4765457.0,11,2005
200511,MX,0203129000,47,47,70,70,6460780.0,0.0,10859404.0,11,2005
200511,MX,0203192000,47,47,70,70,225661.0,0.0,371494.0,11,2005
200511,MX,0203194000,47,47,70,70,1130906.0,0.0,1947421.0,11,2005
200511,MX,0203210000,47,47,70,70,103109.0,0.0,191890.0,11,2005
200511,MX,0203221000,47,47,70,70,328200.0,0.0,693206.0,11,2005
200511,MX,0203229000,47,47,70,70,847070.0,0.0,1486830.0,11,2005
200511,MX,0203292000,47,47,70,70,527937.0,0.0,1113013.0,11,2005
200511,MX,0203294000,47,47,70,70,1492832.0,0.0,2426780.0,11,2005
200512,MX,0203110000,47,47,70,70,438613.0,0.0,909802.0,12,2005
200512,MX,0203121000,47,47,70,70,4426403.0,0.0,7297027.0,12,2005
200512,MX,0203129000,47,47,70,70,8351637.0,0.0,14194176.0,12,2005
200512,MX,0203192000,47,47,70,70,273206.0,0.0,411190.0,12,2005
200512,MX,0203194000,47,47,70,70,1242133.0,0.0,2535478.0,12,2005
200512,MX,0203210000,47,47,70,70,72333.0,0.0,153610.0,12,2005
200512,MX,0203221000,47,47,70,70,165858.0,0.0,331024.0,12,2005
200512,MX,0203229000,47,47,70,70,779313.0,0.0,1428412.0,12,2005
200512,MX,0203292000,47,47,70,70,600551.0,0.0,1421770.0,12,2005
200512,MX,0203294000,47,47,70,70,1524189.0,0.0,2538230.0,12,2005
200601,MX,0203110000,47,47,70,70,971800.0,0.0,1813853.0,1,2006
200601,MX,0203121000,47,47,70,70,4014718.0,0.0,5972303.0,1,2006
200601,MX,0203129000,47,47,70,70,8412726.0,0.0,12549313.0,1,2006
200601,MX,0203192000,47,47,70,70,269972.0,0.0,422374.0,1,2006
200601,MX,0203194000,47,47,70,70,1218843.0,0.0,2487157.0,1,2006
200601,MX,0203210000,47,47,70,70,21053.0,0.0,35790.0,1,2006
200601,MX,0203221000,47,47,70,70,185686.0,0.0,315863.0,1,2006
200601,MX,0203229000,47,47,70,70,715417.0,0.0,1188875.0,1,2006
200601,MX,0203292000,47,47,70,70,835026.0,0.0,2011452.0,1,2006
200601,MX,0203294000,47,47,70,70,1707389.0,0.0,2609414.0,1,2006
200602,MX,0203110000,47,47,70,70,1260763.0,0.0,2387671.0,2,2006
200602,MX,0203121000,47,47,70,70,3845936.0,0.0,5467001.0,2,2006
200602,MX,0203129000,47,47,70,70,6564621.0,0.0,9127329.0,2,2006
200602,MX,0203192000,47,47,70,70,287342.0,0.0,481163.0,2,2006
200602,MX,0203194000,47,47,70,70,1627003.0,0.0,2931912.0,2,2006
200602,MX,0203221000,47,47,70,70,142255.0,0.0,274016.0,2,2006
200602,MX,0203229000,47,47,70,70,926483.0,0.0,1805762.0,2,2006
200602,MX,0203292000,47,47,70,70,548953.0,0.0,1167761.0,2,2006
200602,MX,0203294000,47,47,70,70,1813376.0,0.0,2694141.0,2,2006
200603,MX,0203110000,47,47,70,70,885971.0,0.0,1790471.0,3,2006
200603,MX,0203121000,47,47,70,70,3611394.0,0.0,5233813.0,3,2006
200603,MX,0203129000,47,47,70,70,7040410.0,0.0,10913910.0,3,2006
200603,MX,0203192000,47,47,70,70,234839.0,0.0,380195.0,3,2006
200603,MX,0203194000,47,47,70,70,1002602.0,0.0,2123576.0,3,2006
200603,MX,0203221000,47,47,70,70,191372.0,0.0,323666.0,3,2006
200603,MX,0203229000,47,47,70,70,777754.0,0.0,1346032.0,3,2006
200603,MX,0203292000,47,47,70,70,808659.0,0.0,1745330.0,3,2006
200603,MX,0203294000,47,47,70,70,1356073.0,0.0,2003257.0,3,2006
200604,MX,0203110000,47,47,70,70,586768.0,0.0,1078492.0,4,2006
200604,MX,0203121000,47,47,70,70,2642091.0,0.0,3620241.0,4,2006
200604,MX,0203129000,47,47,70,70,6456182.0,0.0,9115952.0,4,2006
200604,MX,0203192000,47,47,70,70,441594.0,0.0,685441.0,4,2006
200604,MX,0203194000,47,47,70,70,1059929.0,0.0,1754383.0,4,2006
200604,MX,0203221000,47,47,70,70,230627.0,0.0,456676.0,4,2006
200604,MX,0203229000,47,47,70,70,668638.0,0.0,1104006.0,4,2006
200604,MX,0203292000,47,47,70,70,430192.0,0.0,1056905.0,4,2006
200604,MX,0203294000,47,47,70,70,1233928.0,0.0,1890027.0,4,2006
200605,MX,0203110000,47,47,70,70,425028.0,0.0,1110135.0,5,2006
200605,MX,0203121000,47,47,70,70,4122768.0,0.0,6056664.0,5,2006
200605,MX,0203129000,47,47,70,70,8240795.0,0.0,12071670.0,5,2006
200605,MX,0203192000,47,47,70,70,215321.0,0.0,582010.0,5,2006
200605,MX,0203194000,47,47,70,70,607453.0,0.0,2231728.0,5,2006
200605,MX,0203221000,47,47,70,70,272842.0,0.0,518289.0,5,2006
200605,MX,0203229000,47,47,70,70,720057.0,0.0,1317159.0,5,2006
200605,MX,0203292000,47,47,70,70,893819.0,0.0,1796865.0,5,2006
200605,MX,0203294000,47,47,70,70,1408262.0,0.0,2371343.0,5,2006
200606,MX,0203110000,47,47,70,70,490923.0,0.0,1229797.0,6,2006
200606,MX,0203121000,47,47,70,70,2636839.0,0.0,4312491.0,6,2006
200606,MX,0203129000,47,47,70,70,6437526.0,0.0,10779496.0,6,2006
200606,MX,0203192000,47,47,70,70,214694.0,0.0,446029.0,6,2006
200606,MX,0203194000,47,47,70,70,405141.0,0.0,1487263.0,6,2006
200606,MX,0203210000,47,47,70,70,14882.0,0.0,36747.0,6,2006
200606,MX,0203221000,47,47,70,70,410649.0,0.0,823651.0,6,2006
200606,MX,0203229000,47,47,70,70,486153.0,0.0,906108.0,6,2006
200606,MX,0203292000,47,47,70,70,1179166.0,0.0,2247961.0,6,2006
200606,MX,0203294000,47,47,70,70,1318856.0,0.0,2171364.0,6,2006
200607,MX,0203110000,47,47,70,70,267194.0,0.0,671483.0,7,2006
200607,MX,0203121000,47,47,70,70,2268142.0,0.0,3806896.0,7,2006
200607,MX,0203129000,47,47,70,70,5332877.0,0.0,8976743.0,7,2006
200607,MX,0203192000,47,47,70,70,604592.0,0.0,1411531.0,7,2006
200607,MX,0203194000,47,47,70,70,544232.0,0.0,2021284.0,7,2006
200607,MX,0203221000,47,47,70,70,276037.0,0.0,547794.0,7,2006
200607,MX,0203229000,47,47,70,70,955994.0,0.0,1779616.0,7,2006
200607,MX,0203292000,47,47,70,70,854025.0,0.0,1766961.0,7,2006
200607,MX,0203294000,47,47,70,70,1409052.0,0.0,2523977.0,7,2006
200608,MX,0203110000,47,47,70,70,228183.0,0.0,548783.0,8,2006
200608,MX,0203121000,47,47,70,70,1557768.0,0.0,2898756.0,8,2006
200608,MX,0203129000,47,47,70,70,5736185.0,0.0,10624307.0,8,2006
200608,MX,0203192000,47,47,70,70,960435.0,0.0,1835148.0,8,2006
200608,MX,0203194000,47,47,70,70,418300.0,0.0,1582787.0,8,2006
200608,MX,0203210000,47,47,70,70,18531.0,0.0,55562.0,8,2006
200608,MX,0203221000,47,47,70,70,331100.0,0.0,670691.0,8,2006
200608,MX,0203229000,47,47,70,70,918679.0,0.0,1903646.0,8,2006
200608,MX,0203292000,47,47,70,70,884710.0,0.0,1782737.0,8,2006
200608,MX,0203294000,47,47,70,70,962660.0,0.0,1746421.0,8,2006
200609,MX,0203110000,47,47,70,70,212295.0,0.0,510176.0,9,2006
200609,MX,0203121000,47,47,70,70,2576043.0,0.0,4724826.0,9,2006
200609,MX,0203129000,47,47,70,70,6065769.0,0.0,11577994.0,9,2006
200609,MX,0203192000,47,47,70,70,848176.0,0.0,1858589.0,9,2006
200609,MX,0203194000,47,47,70,70,392901.0,0.0,1436404.0,9,2006
200609,MX,0203221000,47,47,70,70,250059.0,0.0,515187.0,9,2006
200609,MX,0203229000,47,47,70,70,817382.0,0.0,1548142.0,9,2006
200609,MX,0203292000,47,47,70,70,692146.0,0.0,1414182.0,9,2006
200609,MX,0203294000,47,47,70,70,1012786.0,0.0,1893743.0,9,2006
200610,MX,0203110000,47,47,70,70,176303.0,0.0,451672.0,10,2006
200610,MX,0203121000,47,47,70,70,2375367.0,0.0,4116943.0,10,2006
200610,MX,0203129000,47,47,70,70,6733978.0,0.0,11817029.0,10,2006
200610,MX,0203192000,47,47,70,70,421463.0,0.0,1069619.0,10,2006
200610,MX,0203194000,47,47,70,70,520062.0,0.0,2148211.0,10,2006
200610,MX,0203210000,47,47,70,70,19051.0,0.0,39480.0,10,2006
200610,MX,0203221000,47,47,70,70,624791.0,0.0,1147699.0,10,2006
200610,MX,0203229000,47,47,70,70,796993.0,0.0,1482264.0,10,2006
200610,MX,0203292000,47,47,70,70,649947.0,0.0,1260236.0,10,2006
200610,MX,0203294000,47,47,70,70,1235438.0,0.0,2106456.0,10,2006
200611,MX,0203110000,47,47,70,70,247946.0,0.0,551068.0,11,2006
200611,MX,0203121000,47,47,70,70,2507328.0,0.0,4133354.0,11,2006
200611,MX,0203129000,47,47,70,70,7600014.0,0.0,12685229.0,11,2006
200611,MX,0203192000,47,47,70,70,381170.0,0.0,1018099.0,11,2006
200611,MX,0203194000,47,47,70,70,475596.0,0.0,1924374.0,11,2006
200611,MX,0203221000,47,47,70,70,477622.0,0.0,866678.0,11,2006
200611,MX,0203229000,47,47,70,70,1077542.0,0.0,1959494.0,11,2006
200611,MX,0203292000,47,47,70,70,791608.0,0.0,1598872.0,11,2006
200611,MX,0203294000,47,47,70,70,984436.0,0.0,1754025.0,11,2006
200612,MX,0203110000,47,47,70,70,157992.0,0.0,314641.0,12,2006
200612,MX,0203121000,47,47,70,70,4112011.0,0.0,6001511.0,12,2006
200612,MX,0203129000,47,47,70,70,8646668.0,0.0,12635069.0,12,2006
200612,MX,0203192000,47,47,70,70,460028.0,0.0,1265665.0,12,2006
200612,MX,0203194000,47,47,70,70,421921.0,0.0,1649705.0,12,2006
200612,MX,0203221000,47,47,70,70,535062.0,0.0,1039625.0,12,2006
200612,MX,0203229000,47,47,70,70,1263513.0,0.0,2104162.0,12,2006
200612,MX,0203292000,47,47,70,70,694029.0,0.0,1409833.0,12,2006
200612,MX,0203294000,47,47,70,70,1392288.0,0.0,2333731.0,12,2006
200701,MX,0203110000,47,47,70,70,104015.0,0.0,323113.0,1,2007
200701,MX,0203121000,47,47,70,70,3227411.0,0.0,4550053.0,1,2007
200701,MX,0203129000,47,47,70,70,6706817.0,0.0,9288176.0,1,2007
200701,MX,0203192000,47,47,70,70,348598.0,0.0,892408.0,1,2007
200701,MX,0203194000,47,47,70,70,763653.0,0.0,2798678.0,1,2007
200701,MX,0203210000,47,47,70,70,17835.0,0.0,45610.0,1,2007
200701,MX,0203221000,47,47,70,70,413121.0,0.0,738142.0,1,2007
200701,MX,0203229000,47,47,70,70,761536.0,0.0,1420499.0,1,2007
200701,MX,0203292000,47,47,70,70,736084.0,0.0,1371105.0,1,2007
200701,MX,0203294000,47,47,70,70,1132752.0,0.0,2002824.0,1,2007
200702,MX,0203110000,47,47,70,70,142522.0,0.0,325844.0,2,2007
200702,MX,0203121000,47,47,70,70,2284962.0,0.0,3478728.0,2,2007
200702,MX,0203129000,47,47,70,70,5330880.0,0.0,7975649.0,2,2007
200702,MX,0203192000,47,47,70,70,259051.0,0.0,702750.0,2,2007
200702,MX,0203194000,47,47,70,70,611379.0,0.0,2424752.0,2,2007
200702,MX,0203210000,47,47,70,70,19513.0,0.0,36681.0,2,2007
200702,MX,0203221000,47,47,70,70,336240.0,0.0,621508.0,2,2007
200702,MX,0203229000,47,47,70,70,647280.0,0.0,1186462.0,2,2007
200702,MX,0203292000,47,47,70,70,757987.0,0.0,1632798.0,2,2007
200702,MX,0203294000,47,47,70,70,1315981.0,0.0,2464216.0,2,2007
200703,MX,0203110000,47,47,70,70,166569.0,0.0,456883.0,3,2007
200703,MX,0203121000,47,47,70,70,2079333.0,0.0,3041379.0,3,2007
200703,MX,0203129000,47,47,70,70,5173636.0,0.0,7458007.0,3,2007
200703,MX,0203192000,47,47,70,70,353109.0,0.0,1009536.0,3,2007
200703,MX,0203194000,47,47,70,70,527629.0,0.0,2076619.0,3,2007
200703,MX,0203221000,47,47,70,70,798631.0,0.0,1539487.0,3,2007
200703,MX,0203229000,47,47,70,70,814929.0,0.0,1615552.0,3,2007
200703,MX,0203292000,47,47,70,70,325856.0,0.0,662062.0,3,2007
200703,MX,0203294000,47,47,70,70,1396072.0,0.0,2413400.0,3,2007
200704,MX,0203110000,47,47,70,70,61343.0,0.0,227832.0,4,2007
200704,MX,0203121000,47,47,70,70,1822040.0,0.0,2689515.0,4,2007
200704,MX,0203129000,47,47,70,70,4089653.0,0.0,5942031.0,4,2007
200704,MX,0203192000,47,47,70,70,252750.0,0.0,680760.0,4,2007
200704,MX,0203194000,47,47,70,70,309764.0,0.0,1215321.0,4,2007
200704,MX,0203221000,47,47,70,70,671615.0,0.0,1287317.0,4,2007
200704,MX,0203229000,47,47,70,70,610335.0,0.0,1112107.0,4,2007
200704,MX,0203292000,47,47,70,70,422950.0,0.0,837724.0,4,2007
200704,MX,0203294000,47,47,70,70,931766.0,0.0,1804220.0,4,2007
200705,MX,0203110000,47,47,70,70,52110.0,0.0,250989.0,5,2007
200705,MX,0203121000,47,47,70,70,2646313.0,0.0,4013120.0,5,2007
200705,MX,0203129000,47,47,70,70,3893613.0,0.0,5929381.0,5,2007
200705,MX,0203192000,47,47,70,70,417271.0,0.0,984443.0,5,2007
200705,MX,0203194000,47,47,70,70,363902.0,0.0,1186256.0,5,2007
200705,MX,0203210000,47,47,70,70,19543.0,0.0,34037.0,5,2007
200705,MX,0203221000,47,47,70,70,910713.0,0.0,1676792.0,5,2007
200705,MX,0203229000,47,47,70,70,516810.0,0.0,1043681.0,5,2007
200705,MX,0203292000,47,47,70,70,279702.0,0.0,604581.0,5,2007
200705,MX,0203294000,47,47,70,70,1106953.0,0.0,1870453.0,5,2007
200706,MX,0203110000,47,47,70,70,82172.0,0.0,195194.0,6,2007
200706,MX,0203121000,47,47,70,70,1871737.0,0.0,2927270.0,6,2007
200706,MX,0203129000,47,47,70,70,4546050.0,0.0,7278714.0,6,2007
200706,MX,0203192000,47,47,70,70,374592.0,0.0,900350.0,6,2007
200706,MX,0203194000,47,47,70,70,376254.0,0.0,1450424.0,6,2007
200706,MX,0203221000,47,47,70,70,714788.0,0.0,1382572.0,6,2007
200706,MX,0203229000,47,47,70,70,422707.0,0.0,870737.0,6,2007
200706,MX,0203292000,47,47,70,70,284143.0,0.0,608148.0,6,2007
200706,MX,0203294000,47,47,70,70,691321.0,0.0,1206787.0,6,2007
200707,MX,0203110000,47,47,70,70,153474.0,0.0,502806.0,7,2007
200707,MX,0203121000,47,47,70,70,2622442.0,0.0,4067975.0,7,2007
200707,MX,0203129000,47,47,70,70,4655322.0,0.0,7098178.0,7,2007
200707,MX,0203192000,47,47,70,70,375361.0,0.0,831395.0,7,2007
200707,MX,0203194000,47,47,70,70,379170.0,0.0,1574150.0,7,2007
200707,MX,0203221000,47,47,70,70,613194.0,0.0,1147258.0,7,2007
200707,MX,0203229000,47,47,70,70,573955.0,0.0,1164446.0,7,2007
200707,MX,0203292000,47,47,70,70,232466.0,0.0,502077.0,7,2007
200707,MX,0203294000,47,47,70,70,1339215.0,0.0,2491251.0,7,2007
200708,MX,0203110000,47,47,70,70,212371.0,0.0,577686.0,8,2007
200708,MX,0203121000,47,47,70,70,3155366.0,0.0,5177179.0,8,2007
200708,MX,0203129000,47,47,70,70,3985190.0,0.0,6698786.0,8,2007
200708,MX,0203192000,47,47,70,70,348542.0,0.0,766119.0,8,2007
200708,MX,0203194000,47,47,70,70,347686.0,0.0,1316119.0,8,2007
200708,MX,0203210000,47,47,70,70,39073.0,0.0,70634.0,8,2007
200708,MX,0203221000,47,47,70,70,284362.0,0.0,546490.0,8,2007
200708,MX,0203229000,47,47,70,70,254800.0,0.0,535386.0,8,2007
200708,MX,0203292000,47,47,70,70,458989.0,0.0,987411.0,8,2007
200708,MX,0203294000,47,47,70,70,1471386.0,0.0,2557818.0,8,2007
200709,MX,0203110000,47,47,70,70,67786.0,0.0,326486.0,9,2007
200709,MX,0203121000,47,47,70,70,2755467.0,0.0,4212741.0,9,2007
200709,MX,0203129000,47,47,70,70,3569168.0,0.0,5659496.0,9,2007
200709,MX,0203192000,47,47,70,70,399994.0,0.0,832209.0,9,2007
200709,MX,0203194000,47,47,70,70,732526.0,0.0,2987822.0,9,2007
200709,MX,0203210000,47,47,70,70,59881.0,0.0,97341.0,9,2007
200709,MX,0203221000,47,47,70,70,258161.0,0.0,492187.0,9,2007
200709,MX,0203229000,47,47,70,70,287292.0,0.0,589760.0,9,2007
200709,MX,0203292000,47,47,70,70,537660.0,0.0,1182681.0,9,2007
200709,MX,0203294000,47,47,70,70,1263238.0,0.0,2114403.0,9,2007
200710,MX,0203110000,47,47,70,70,90013.0,0.0,433541.0,10,2007
200710,MX,0203121000,47,47,70,70,3937499.0,0.0,5560894.0,10,2007
200710,MX,0203129000,47,47,70,70,4699451.0,0.0,6658360.0,10,2007
200710,MX,0203192000,47,47,70,70,515793.0,0.0,1218763.0,10,2007
200710,MX,0203194000,47,47,70,70,870553.0,0.0,3609013.0,10,2007
200710,MX,0203210000,47,47,70,70,67239.0,0.0,101533.0,10,2007
200710,MX,0203221000,47,47,70,70,365131.0,0.0,633764.0,10,2007
200710,MX,0203229000,47,47,70,70,530709.0,0.0,989508.0,10,2007
200710,MX,0203292000,47,47,70,70,489151.0,0.0,1090159.0,10,2007
200710,MX,0203294000,47,47,70,70,1400721.0,0.0,2233067.0,10,2007
200711,MX,0203110000,47,47,70,70,53979.0,0.0,259986.0,11,2007
200711,MX,0203121000,47,47,70,70,4112957.0,0.0,5565549.0,11,2007
200711,MX,0203129000,47,47,70,70,6084551.0,0.0,8470014.0,11,2007
200711,MX,0203192000,47,47,70,70,248951.0,0.0,636958.0,11,2007
200711,MX,0203194000,47,47,70,70,705439.0,0.0,2951011.0,11,2007
200711,MX,0203210000,47,47,70,70,176194.0,0.0,249256.0,11,2007
200711,MX,0203221000,47,47,70,70,387778.0,0.0,707230.0,11,2007
200711,MX,0203229000,47,47,70,70,362572.0,0.0,625773.0,11,2007
200711,MX,0203292000,47,47,70,70,335220.0,0.0,687410.0,11,2007
200711,MX,0203294000,47,47,70,70,1584314.0,0.0,2558094.0,11,2007
200712,MX,0203110000,47,47,70,70,26218.0,0.0,91020.0,12,2007
200712,MX,0203121000,47,47,70,70,4574544.0,0.0,6269103.0,12,2007
200712,MX,0203129000,47,47,70,70,7827393.0,0.0,10928579.0,12,2007
200712,MX,0203192000,47,47,70,70,369234.0,0.0,979117.0,12,2007
200712,MX,0203194000,47,47,70,70,1362357.0,0.0,5582978.0,12,2007
200712,MX,0203210000,47,47,70,70,133274.0,0.0,203892.0,12,2007
200712,MX,0203221000,47,47,70,70,380441.0,0.0,658372.0,12,2007
200712,MX,0203229000,47,47,70,70,685915.0,0.0,1142920.0,12,2007
200712,MX,0203292000,47,47,70,70,473263.0,0.0,865386.0,12,2007
200712,MX,0203294000,47,47,70,70,1373053.0,0.0,2241694.0,12,2007
200801,MX,0203110000,47,47,70,70,161472.0,0.0,412010.0,1,2008
200801,MX,0203121000,47,47,70,70,4721372.0,0.0,5876635.0,1,2008
200801,MX,0203129000,47,47,70,70,9963942.0,0.0,12002476.0,1,2008
200801,MX,0203192000,47,47,70,70,441050.0,0.0,1004581.0,1,2008
200801,MX,0203194000,47,47,70,70,830371.0,0.0,2040413.0,1,2008
200801,MX,0203210000,47,47,70,70,40261.0,0.0,56245.0,1,2008
200801,MX,0203221000,47,47,70,70,246925.0,0.0,410975.0,1,2008
200801,MX,0203229000,47,47,70,70,562721.0,0.0,856241.0,1,2008
200801,MX,0203292000,47,47,70,70,414717.0,0.0,832192.0,1,2008
200801,MX,0203294000,47,47,70,70,1495541.0,0.0,2485078.0,1,2008
200802,MX,0203110000,47,47,70,70,367901.0,0.0,536363.0,2,2008
200802,MX,0203121000,47,47,70,70,3862148.0,0.0,5562599.0,2,2008
200802,MX,0203129000,47,47,70,70,7885207.0,0.0,11336964.0,2,2008
200802,MX,0203192000,47,47,70,70,375303.0,0.0,829493.0,2,2008
200802,MX,0203194000,47,47,70,70,1433261.0,0.0,3228866.0,2,2008
200802,MX,0203210000,47,47,70,70,24531.0,0.0,32079.0,2,2008
200802,MX,0203221000,47,47,70,70,222196.0,0.0,435481.0,2,2008
200802,MX,0203229000,47,47,70,70,312856.0,0.0,543796.0,2,2008
200802,MX,0203292000,47,47,70,70,467213.0,0.0,685229.0,2,2008
200802,MX,0203294000,47,47,70,70,1542554.0,0.0,2519283.0,2,2008
200803,MX,0203110000,47,47,70,70,316582.0,0.0,487837.0,3,2008
200803,MX,0203121000,47,47,70,70,3301440.0,0.0,4499355.0,3,2008
200803,MX,0203129000,47,47,70,70,7249397.0,0.0,9980417.0,3,2008
200803,MX,0203192000,47,47,70,70,498954.0,0.0,1174760.0,3,2008
200803,MX,0203194000,47,47,70,70,723975.0,0.0,2116909.0,3,2008
200803,MX,0203221000,47,47,70,70,161676.0,0.0,307397.0,3,2008
200803,MX,0203229000,47,47,70,70,9294.0,0.0,14650.0,3,2008
200803,MX,0203292000,47,47,70,70,828946.0,0.0,1095817.0,3,2008
200803,MX,0203294000,47,47,70,70,1066251.0,0.0,1876091.0,3,2008
200804,MX,0203110000,47,47,70,70,561585.0,0.0,900900.0,4,2008
200804,MX,0203121000,47,47,70,70,3109634.0,0.0,4643809.0,4,2008
200804,MX,0203129000,47,47,70,70,8270893.0,0.0,12262664.0,4,2008
200804,MX,0203192000,47,47,70,70,316346.0,0.0,730730.0,4,2008
200804,MX,0203194000,47,47,70,70,765617.0,0.0,2529002.0,4,2008
200804,MX,0203221000,47,47,70,70,138532.0,0.0,252525.0,4,2008
200804,MX,0203229000,47,47,70,70,456356.0,0.0,864826.0,4,2008
200804,MX,0203292000,47,47,70,70,758420.0,0.0,1284596.0,4,2008
200804,MX,0203294000,47,47,70,70,775634.0,0.0,1355355.0,4,2008
200805,MX,0203110000,47,47,70,70,712228.0,0.0,1384603.0,5,2008
200805,MX,0203121000,47,47,70,70,3172838.0,0.0,5062888.0,5,2008
200805,MX,0203129000,47,47,70,70,10834783.0,0.0,17592012.0,5,2008
200805,MX,0203192000,47,47,70,70,405768.0,0.0,929973.0,5,2008
200805,MX,0203194000,47,47,70,70,1172747.0,0.0,3007592.0,5,2008
200805,MX,0203210000,47,47,70,70,18153.0,0.0,31216.0,5,2008
200805,MX,0203221000,47,47,70,70,191786.0,0.0,374533.0,5,2008
200805,MX,0203229000,47,47,70,70,772980.0,0.0,1308612.0,5,2008
200805,MX,0203292000,47,47,70,70,632317.0,0.0,1254971.0,5,2008
200805,MX,0203294000,47,47,70,70,946071.0,0.0,1706791.0,5,2008
200806,MX,0203110000,47,47,70,70,769646.0,0.0,1460285.0,6,2008
200806,MX,0203121000,47,47,70,70,3627743.0,0.0,6740105.0,6,2008
200806,MX,0203129000,47,47,70,70,10176393.0,0.0,19059904.0,6,2008
200806,MX,0203192000,47,47,70,70,422035.0,0.0,1018445.0,6,2008
200806,MX,0203194000,47,47,70,70,1351075.0,0.0,3722560.0,6,2008
200806,MX,0203210000,47,47,70,70,37100.0,0.0,46580.0,6,2008
200806,MX,0203221000,47,47,70,70,282013.0,0.0,662149.0,6,2008
200806,MX,0203229000,47,47,70,70,35842.0,0.0,59600.0,6,2008
200806,MX,0203292000,47,47,70,70,756305.0,0.0,1598728.0,6,2008
200806,MX,0203294000,47,47,70,70,18615.0,0.0,26562.0,6,2008
200807,MX,0203110000,47,47,70,70,784509.0,0.0,1529686.0,7,2008
200807,MX,0203121000,47,47,70,70,3158236.0,0.0,6322588.0,7,2008
200807,MX,0203129000,47,47,70,70,11153181.0,0.0,22118934.0,7,2008
200807,MX,0203192000,47,47,70,70,614917.0,0.0,1501759.0,7,2008
200807,MX,0203194000,47,47,70,70,2382405.0,0.0,6535212.0,7,2008
200807,MX,0203210000,47,47,70,70,225170.0,0.0,308438.0,7,2008
200807,MX,0203221000,47,47,70,70,386801.0,0.0,827302.0,7,2008
200807,MX,0203229000,47,47,70,70,35924.0,0.0,75365.0,7,2008
200807,MX,0203292000,47,47,70,70,1573000.0,0.0,2250419.0,7,2008
200807,MX,0203294000,47,47,70,70,1577496.0,0.0,3406820.0,7,2008
200808,MX,0203110000,47,47,70,70,619191.0,0.0,1308049.0,8,2008
200808,MX,0203121000,47,47,70,70,3659764.0,0.0,7635719.0,8,2008
200808,MX,0203129000,47,47,70,70,9047144.0,0.0,19759705.0,8,2008
200808,MX,0203192000,47,47,70,70,404904.0,0.0,1071557.0,8,2008
200808,MX,0203194000,47,47,70,70,1707805.0,0.0,5226993.0,8,2008
200808,MX,0203210000,47,47,70,70,24772.0,0.0,57470.0,8,2008
200808,MX,0203221000,47,47,70,70,372770.0,0.0,871072.0,8,2008
200808,MX,0203229000,47,47,70,70,39792.0,0.0,76860.0,8,2008
200808,MX,0203292000,47,47,70,70,949049.0,0.0,1892465.0,8,2008
200808,MX,0203294000,47,47,70,70,1473912.0,0.0,3159391.0,8,2008
200809,MX,0203110000,47,47,70,70,272301.0,0.0,452613.0,9,2008
200809,MX,0203121000,47,47,70,70,1852024.0,0.0,3543739.0,9,2008
200809,MX,0203129000,47,47,70,70,6944010.0,0.0,13594567.0,9,2008
200809,MX,0203192000,47,47,70,70,273832.0,0.0,652950.0,9,2008
200809,MX,0203194000,47,47,70,70,1323162.0,0.0,3280454.0,9,2008
200809,MX,0203221000,47,47,70,70,458110.0,0.0,959223.0,9,2008
200809,MX,0203229000,47,47,70,70,116430.0,0.0,136196.0,9,2008
200809,MX,0203292000,47,47,70,70,711080.0,0.0,1506076.0,9,2008
200809,MX,0203294000,47,47,70,70,2159095.0,0.0,3806660.0,9,2008
200810,MX,0203110000,47,47,70,70,506015.0,0.0,871341.0,10,2008
200810,MX,0203121000,47,47,70,70,3370333.0,0.0,5348804.0,10,2008
200810,MX,0203129000,47,47,70,70,9228240.0,0.0,14733611.0,10,2008
200810,MX,0203192000,47,47,70,70,460424.0,0.0,1066227.0,10,2008
200810,MX,0203194000,47,47,70,70,1541801.0,0.0,4021503.0,10,2008
200810,MX,0203221000,47,47,70,70,469414.0,0.0,970620.0,10,2008
200810,MX,0203229000,47,47,70,70,815159.0,0.0,1517023.0,10,2008
200810,MX,0203292000,47,47,70,70,1143583.0,0.0,2095349.0,10,2008
200810,MX,0203294000,47,47,70,70,1923489.0,0.0,2901086.0,10,2008
200811,MX,0203110000,47,47,70,70,423609.0,0.0,724438.0,11,2008
200811,MX,0203121000,47,47,70,70,5009328.0,0.0,6436100.0,11,2008
200811,MX,0203129000,47,47,70,70,11376026.0,0.0,15062464.0,11,2008
200811,MX,0203192000,47,47,70,70,330922.0,0.0,768835.0,11,2008
200811,MX,0203194000,47,47,70,70,1850086.0,0.0,4591722.0,11,2008
200811,MX,0203210000,47,47,70,70,7593.0,0.0,7700.0,11,2008
200811,MX,0203221000,47,47,70,70,156318.0,0.0,337845.0,11,2008
200811,MX,0203229000,47,47,70,70,767052.0,0.0,1187828.0,11,2008
200811,MX,0203292000,47,47,70,70,624054.0,0.0,1187828.0,11,2008
200811,MX,0203294000,47,47,70,70,1895182.0,0.0,2806012.0,11,2008
200812,MX,0203110000,47,47,70,70,668131.0,0.0,1008196.0,12,2008
200812,MX,0203121000,47,47,70,70,5004849.0,0.0,6867147.0,12,2008
200812,MX,0203129000,47,47,70,70,14138550.0,0.0,20182377.0,12,2008
200812,MX,0203192000,47,47,70,70,548476.0,0.0,1210136.0,12,2008
200812,MX,0203194000,47,47,70,70,2161348.0,0.0,5510485.0,12,2008
200812,MX,0203221000,47,47,70,70,488987.0,0.0,874991.0,12,2008
200812,MX,0203229000,47,47,70,70,93774.0,0.0,72172.0,12,2008
200812,MX,0203292000,47,47,70,70,740648.0,0.0,1284308.0,12,2008
200812,MX,0203294000,47,47,70,70,3302969.0,0.0,4171050.0,12,2008
200901,MX,0203110000,47,47,70,70,788737.0,0.0,1291352.0,1,2009
200901,MX,0203121000,47,47,70,70,5813582.0,0.0,7345566.0,1,2009
200901,MX,0203129000,47,47,70,70,12698945.0,0.0,18102864.0,1,2009
200901,MX,0203192000,47,47,70,70,438598.0,0.0,1077904.0,1,2009
200901,MX,0203194000,47,47,70,70,1370773.0,0.0,4439922.0,1,2009
200901,MX,0203210000,47,47,70,70,18258.0,0.0,22139.0,1,2009
200901,MX,0203221000,47,47,70,70,481834.0,0.0,822398.0,1,2009
200901,MX,0203229000,47,47,70,70,1998466.0,0.0,2749153.0,1,2009
200901,MX,0203292000,47,47,70,70,683500.0,0.0,1390589.0,1,2009
200901,MX,0203294000,47,47,70,70,2513828.0,0.0,3631338.0,1,2009
200902,MX,0203110000,47,47,70,70,603547.0,0.0,979580.0,2,2009
200902,MX,0203121000,47,47,70,70,5419212.0,0.0,6555532.0,2,2009
200902,MX,0203129000,47,47,70,70,10742881.0,0.0,15763458.0,2,2009
200902,MX,0203192000,47,47,70,70,378862.0,0.0,896502.0,2,2009
200902,MX,0203194000,47,47,70,70,1273844.0,0.0,3865212.0,2,2009
200902,MX,0203221000,47,47,70,70,344295.0,0.0,695094.0,2,2009
200902,MX,0203229000,47,47,70,70,808535.0,0.0,1269151.0,2,2009
200902,MX,0203292000,47,47,70,70,766413.0,0.0,1474436.0,2,2009
200902,MX,0203294000,47,47,70,70,2016290.0,0.0,3141877.0,2,2009
200903,MX,0203110000,47,47,70,70,660979.0,0.0,1030772.0,3,2009
200903,MX,0203121000,47,47,70,70,6437359.0,0.0,7728208.0,3,2009
200903,MX,0203129000,47,47,70,70,12333145.0,0.0,17405152.0,3,2009
200903,MX,0203192000,47,47,70,70,252411.0,0.0,662282.0,3,2009
200903,MX,0203194000,47,47,70,70,1336837.0,0.0,3920598.0,3,2009
200903,MX,0203210000,47,47,70,70,46699.0,0.0,299965.0,3,2009
200903,MX,0203221000,47,47,70,70,579995.0,0.0,1096442.0,3,2009
200903,MX,0203229000,47,47,70,70,573583.0,0.0,882327.0,3,2009
200903,MX,0203292000,47,47,70,70,571832.0,0.0,1129409.0,3,2009
200903,MX,0203294000,47,47,70,70,1273547.0,0.0,2037230.0,3,2009
200904,MX,0203110000,47,47,70,70,579519.0,0.0,1012546.0,4,2009
200904,MX,0203121000,47,47,70,70,5445903.0,0.0,7017793.0,4,2009
200904,MX,0203129000,47,47,70,70,10796203.0,0.0,15470335.0,4,2009
200904,MX,0203192000,47,47,70,70,229235.0,0.0,605824.0,4,2009
200904,MX,0203194000,47,47,70,70,514339.0,0.0,2125718.0,4,2009
200904,MX,0203221000,47,47,70,70,563339.0,0.0,1094746.0,4,2009
200904,MX,0203229000,47,47,70,70,595884.0,0.0,963216.0,4,2009
200904,MX,0203292000,47,47,70,70,591924.0,0.0,1197262.0,4,2009
200904,MX,0203294000,47,47,70,70,1194753.0,0.0,1933718.0,4,2009
200905,MX,0203110000,47,47,70,70,268721.0,0.0,569555.0,5,2009
200905,MX,0203121000,47,47,70,70,4824840.0,0.0,5830857.0,5,2009
200905,MX,0203129000,47,47,70,70,7973317.0,0.0,10618643.0,5,2009
200905,MX,0203192000,47,47,70,70,281853.0,0.0,732164.0,5,2009
200905,MX,0203194000,47,47,70,70,430421.0,0.0,1736207.0,5,2009
200905,MX,0203210000,47,47,70,70,18387.0,0.0,25110.0,5,2009
200905,MX,0203221000,47,47,70,70,226202.0,0.0,462137.0,5,2009
200905,MX,0203229000,47,47,70,70,1081861.0,0.0,1628356.0,5,2009
200905,MX,0203292000,47,47,70,70,415618.0,0.0,805436.0,5,2009
200905,MX,0203294000,47,47,70,70,1542605.0,0.0,2363985.0,5,2009
200906,MX,0203110000,47,47,70,70,185922.0,0.0,344643.0,6,2009
200906,MX,0203121000,47,47,70,70,6142757.0,0.0,7249147.0,6,2009
200906,MX,0203129000,47,47,70,70,8637226.0,0.0,11085746.0,6,2009
200906,MX,0203192000,47,47,70,70,302841.0,0.0,804423.0,6,2009
200906,MX,0203194000,47,47,70,70,823580.0,0.0,3285524.0,6,2009
200906,MX,0203221000,47,47,70,70,318568.0,0.0,644893.0,6,2009
200906,MX,0203229000,47,47,70,70,1168753.0,0.0,1798298.0,6,2009
200906,MX,0203292000,47,47,70,70,674019.0,0.0,1289814.0,6,2009
200906,MX,0203294000,47,47,70,70,2637862.0,0.0,3781389.0,6,2009
200907,MX,0203110000,47,47,70,70,232673.0,0.0,344981.0,7,2009
200907,MX,0203121000,47,47,70,70,5260778.0,0.0,6683073.0,7,2009
200907,MX,0203129000,47,47,70,70,10829606.0,0.0,14528491.0,7,2009
200907,MX,0203192000,47,47,70,70,321919.0,0.0,814502.0,7,2009
200907,MX,0203194000,47,47,70,70,768875.0,0.0,2848298.0,7,2009
200907,MX,0203210000,47,47,70,70,268788.0,0.0,501406.0,7,2009
200907,MX,0203221000,47,47,70,70,288035.0,0.0,607687.0,7,2009
200907,MX,0203229000,47,47,70,70,860082.0,0.0,1433322.0,7,2009
200907,MX,0203292000,47,47,70,70,546429.0,0.0,992870.0,7,2009
200907,MX,0203294000,47,47,70,70,2476929.0,0.0,3573003.0,7,2009
200908,MX,0203110000,47,47,70,70,500988.0,0.0,906634.0,8,2009
200908,MX,0203121000,47,47,70,70,5323975.0,0.0,6611079.0,8,2009
200908,MX,0203129000,47,47,70,70,12173575.0,0.0,16131000.0,8,2009
200908,MX,0203192000,47,47,70,70,296011.0,0.0,748276.0,8,2009
200908,MX,0203194000,47,47,70,70,957299.0,0.0,3777088.0,8,2009
200908,MX,0203221000,47,47,70,70,244945.0,0.0,497488.0,8,2009
200908,MX,0203229000,47,47,70,70,463902.0,0.0,739804.0,8,2009
200908,MX,0203292000,47,47,70,70,695783.0,0.0,1278692.0,8,2009
200908,MX,0203294000,47,47,70,70,1653130.0,0.0,2592408.0,8,2009
200909,MX,0203110000,47,47,70,70,623691.0,0.0,981693.0,9,2009
200909,MX,0203121000,47,47,70,70,5797618.0,0.0,7718327.0,9,2009
200909,MX,0203129000,47,47,70,70,11749692.0,0.0,16528650.0,9,2009
200909,MX,0203192000,47,47,70,70,308073.0,0.0,733596.0,9,2009
200909,MX,0203194000,47,47,70,70,1000695.0,0.0,3405553.0,9,2009
200909,MX,0203221000,47,47,70,70,316419.0,0.0,621616.0,9,2009
200909,MX,0203229000,47,47,70,70,804971.0,0.0,1406667.0,9,2009
200909,MX,0203292000,47,47,70,70,898688.0,0.0,1422910.0,9,2009
200909,MX,0203294000,47,47,70,70,1657029.0,0.0,2547028.0,9,2009
200910,MX,0203110000,47,47,70,70,389475.0,0.0,641501.0,10,2009
200910,MX,0203121000,47,47,70,70,6065187.0,0.0,7886508.0,10,2009
200910,MX,0203129000,47,47,70,70,11317948.0,0.0,15512384.0,10,2009
200910,MX,0203192000,47,47,70,70,230786.0,0.0,547395.0,10,2009
200910,MX,0203194000,47,47,70,70,733504.0,0.0,2797856.0,10,2009
200910,MX,0203221000,47,47,70,70,236115.0,0.0,431242.0,10,2009
200910,MX,0203229000,47,47,70,70,905256.0,0.0,1442369.0,10,2009
200910,MX,0203292000,47,47,70,70,859434.0,0.0,1396253.0,10,2009
200910,MX,0203294000,47,47,70,70,1403807.0,0.0,2130921.0,10,2009
200911,MX,0203110000,47,47,70,70,279674.0,0.0,442408.0,11,2009
200911,MX,0203121000,47,47,70,70,6858169.0,0.0,10010765.0,11,2009
200911,MX,0203129000,47,47,70,70,10522627.0,0.0,16241145.0,11,2009
200911,MX,0203192000,47,47,70,70,380408.0,0.0,972287.0,11,2009
200911,MX,0203194000,47,47,70,70,1074065.0,0.0,4000489.0,11,2009
200911,MX,0203221000,47,47,70,70,154027.0,0.0,279273.0,11,2009
200911,MX,0203229000,47,47,70,70,794060.0,0.0,1310861.0,11,2009
200911,MX,0203292000,47,47,70,70,699127.0,0.0,1121476.0,11,2009
200911,MX,0203294000,47,47,70,70,1106820.0,0.0,1736378.0,11,2009
200912,MX,0203110000,47,47,70,70,702931.0,0.0,1198897.0,12,2009
200912,MX,0203121000,47,47,70,70,6363554.0,0.0,10448714.0,12,2009
200912,MX,0203129000,47,47,70,70,15664996.0,0.0,26950249.0,12,2009
200912,MX,0203192000,47,47,70,70,260291.0,0.0,643010.0,12,2009
200912,MX,0203194000,47,47,70,70,1537762.0,0.0,5495049.0,12,2009
200912,MX,0203210000,47,47,70,70,468.0,0.0,3480.0,12,2009
200912,MX,0203221000,47,47,70,70,408982.0,0.0,807928.0,12,2009
200912,MX,0203229000,47,47,70,70,1008658.0,0.0,1749289.0,12,2009
200912,MX,0203292000,47,47,70,70,948785.0,0.0,1575662.0,12,2009
200912,MX,0203294000,47,47,70,70,1632580.0,0.0,2640931.0,12,2009
201001,MX,0203110000,47,47,70,70,686021.0,0.0,1221782.0,1,2010
201001,MX,0203121000,47,47,70,70,5911207.0,0.0,9790237.0,1,2010
201001,MX,0203129000,47,47,70,70,15253572.0,0.0,26070495.0,1,2010
201001,MX,0203192000,47,47,70,70,370003.0,0.0,894293.0,1,2010
201001,MX,0203194000,47,47,70,70,1377664.0,0.0,4565460.0,1,2010
201001,MX,0203221000,47,47,70,70,344202.0,0.0,675931.0,1,2010
201001,MX,0203229000,47,47,70,70,1195385.0,0.0,2272505.0,1,2010
201001,MX,0203292000,47,47,70,70,713424.0,0.0,1257612.0,1,2010
201001,MX,0203294000,47,47,70,70,1984924.0,0.0,3701613.0,1,2010
201002,MX,0203110000,47,47,70,70,780632.0,0.0,1409314.0,2,2010
201002,MX,0203121000,47,47,70,70,4237502.0,0.0,6979679.0,2,2010
201002,MX,0203129000,47,47,70,70,12467878.0,0.0,21056929.0,2,2010
201002,MX,0203192000,47,47,70,70,360336.0,0.0,901547.0,2,2010
201002,MX,0203194000,47,47,70,70,1209411.0,0.0,4511471.0,2,2010
201002,MX,0203210000,47,47,70,70,1929.0,0.0,4764.0,2,2010
201002,MX,0203221000,47,47,70,70,241209.0,0.0,530302.0,2,2010
201002,MX,0203229000,47,47,70,70,588316.0,0.0,1183209.0,2,2010
201002,MX,0203292000,47,47,70,70,726593.0,0.0,1290338.0,2,2010
201002,MX,0203294000,47,47,70,70,936085.0,0.0,2020340.0,2,2010
201003,MX,0203110000,47,47,70,70,897493.0,0.0,1720359.0,3,2010
201003,MX,0203121000,47,47,70,70,3494990.0,0.0,6122038.0,3,2010
201003,MX,0203129000,47,47,70,70,13041357.0,0.0,23449097.0,3,2010
201003,MX,0203192000,47,47,70,70,528066.0,0.0,1339816.0,3,2010
201003,MX,0203194000,47,47,70,70,1692494.0,0.0,5211924.0,3,2010
201003,MX,0203221000,47,47,70,70,377779.0,0.0,833686.0,3,2010
201003,MX,0203229000,47,47,70,70,1049085.0,0.0,2215297.0,3,2010
201003,MX,0203292000,47,47,70,70,691298.0,0.0,1216765.0,3,2010
201003,MX,0203294000,47,47,70,70,1419222.0,0.0,3112762.0,3,2010
201004,MX,0203110000,47,47,70,70,608452.0,0.0,1251618.0,4,2010
201004,MX,0203121000,47,47,70,70,2633059.0,0.0,4837155.0,4,2010
201004,MX,0203129000,47,47,70,70,10832853.0,0.0,20142692.0,4,2010
201004,MX,0203192000,47,47,70,70,408243.0,0.0,1015880.0,4,2010
201004,MX,0203194000,47,47,70,70,2622127.0,0.0,5554098.0,4,2010
201004,MX,0203221000,47,47,70,70,427791.0,0.0,1001736.0,4,2010
201004,MX,0203229000,47,47,70,70,1147430.0,0.0,2574947.0,4,2010
201004,MX,0203292000,47,47,70,70,618488.0,0.0,1121501.0,4,2010
201004,MX,0203294000,47,47,70,70,987394.0,0.0,2185412.0,4,2010
201005,MX,0203110000,47,47,70,70,449554.0,0.0,981181.0,5,2010
201005,MX,0203121000,47,47,70,70,3146183.0,0.0,5987298.0,5,2010
201005,MX,0203129000,47,47,70,70,10311597.0,0.0,20309941.0,5,2010
201005,MX,0203192000,47,47,70,70,244018.0,0.0,655618.0,5,2010
201005,MX,0203194000,47,47,70,70,1818519.0,0.0,3990630.0,5,2010
201005,MX,0203221000,47,47,70,70,547818.0,0.0,1269909.0,5,2010
201005,MX,0203229000,47,47,70,70,519474.0,0.0,1238850.0,5,2010
201005,MX,0203292000,47,47,70,70,611543.0,0.0,1200899.0,5,2010
201005,MX,0203294000,47,47,70,70,1386786.0,0.0,3044897.0,5,2010
201006,MX,0203110000,47,47,70,70,703894.0,0.0,1435129.0,6,2010
201006,MX,0203121000,47,47,70,70,4034869.0,0.0,7606639.0,6,2010
201006,MX,0203129000,47,47,70,70,12920217.0,0.0,24972665.0,6,2010
201006,MX,0203192000,47,47,70,70,429484.0,0.0,1074298.0,6,2010
201006,MX,0203194000,47,47,70,70,2910742.0,0.0,6187766.0,6,2010
201006,MX,0203210000,47,47,70,70,3986.0,0.0,9843.0,6,2010
201006,MX,0203221000,47,47,70,70,255595.0,0.0,587662.0,6,2010
201006,MX,0203229000,47,47,70,70,599819.0,0.0,1478634.0,6,2010
201006,MX,0203292000,47,47,70,70,883657.0,0.0,1819566.0,6,2010
201006,MX,0203294000,47,47,70,70,1183134.0,0.0,2620063.0,6,2010
201007,MX,0203110000,47,47,70,70,861398.0,0.0,1762691.0,7,2010
201007,MX,0203121000,47,47,70,70,3213816.0,0.0,6242453.0,7,2010
201007,MX,0203129000,47,47,70,70,11651527.0,0.0,23315935.0,7,2010
201007,MX,0203192000,47,47,70,70,286914.0,0.0,782044.0,7,2010
201007,MX,0203194000,47,47,70,70,2447906.0,0.0,5324541.0,7,2010
201007,MX,0203210000,47,47,70,70,5336.0,0.0,13176.0,7,2010
201007,MX,0203221000,47,47,70,70,356119.0,0.0,717217.0,7,2010
201007,MX,0203229000,47,47,70,70,759670.0,0.0,1822033.0,7,2010
201007,MX,0203292000,47,47,70,70,843059.0,0.0,1774269.0,7,2010
201007,MX,0203294000,47,47,70,70,1064826.0,0.0,2409893.0,7,2010
201008,MX,0203110000,47,47,70,70,784544.0,0.0,1690375.0,8,2010
201008,MX,0203121000,47,47,70,70,3035155.0,0.0,5652052.0,8,2010
201008,MX,0203129000,47,47,70,70,12691838.0,0.0,25743531.0,8,2010
201008,MX,0203192000,47,47,70,70,389299.0,0.0,847185.0,8,2010
201008,MX,0203194000,47,47,70,70,3042703.0,0.0,6606369.0,8,2010
201008,MX,0203221000,47,47,70,70,519275.0,0.0,1073229.0,8,2010
201008,MX,0203229000,47,47,70,70,1152657.0,0.0,2737206.0,8,2010
201008,MX,0203292000,47,47,70,70,863795.0,0.0,1719872.0,8,2010
201008,MX,0203294000,47,47,70,70,1654186.0,0.0,3733741.0,8,2010
201009,MX,0203110000,47,47,70,70,989433.0,0.0,2082717.0,9,2010
201009,MX,0203121000,47,47,70,70,2813686.0,0.0,5659148.0,9,2010
201009,MX,0203129000,47,47,70,70,8997217.0,0.0,18886388.0,9,2010
201009,MX,0203192000,47,47,70,70,509490.0,0.0,1103082.0,9,2010
201009,MX,0203194000,47,47,70,70,2930933.0,0.0,6534314.0,9,2010
201009,MX,0203221000,47,47,70,70,141068.0,0.0,322540.0,9,2010
201009,MX,0203229000,47,47,70,70,864534.0,0.0,2131351.0,9,2010
201009,MX,0203292000,47,47,70,70,396590.0,0.0,769366.0,9,2010
201009,MX,0203294000,47,47,70,70,1542494.0,0.0,3447891.0,9,2010
201010,MX,0203110000,47,47,70,70,991612.0,0.0,1867383.0,10,2010
201010,MX,0203121000,47,47,70,70,3198028.0,0.0,6029560.0,10,2010
201010,MX,0203129000,47,47,70,70,11398167.0,0.0,22636807.0,10,2010
201010,MX,0203192000,47,47,70,70,370212.0,0.0,846031.0,10,2010
201010,MX,0203194000,47,47,70,70,3310192.0,0.0,7344911.0,10,2010
201010,MX,0203210000,47,47,70,70,317075.0,0.0,326849.0,10,2010
201010,MX,0203221000,47,47,70,70,119051.0,0.0,245572.0,10,2010
201010,MX,0203229000,47,47,70,70,901566.0,0.0,2108168.0,10,2010
201010,MX,0203292000,47,47,70,70,424553.0,0.0,1030067.0,10,2010
201010,MX,0203294000,47,47,70,70,1447705.0,0.0,3180470.0,10,2010
201011,MX,0203110000,47,47,70,70,1238776.0,0.0,2181480.0,11,2010
201011,MX,0203121000,47,47,70,70,6979355.0,0.0,12714392.0,11,2010
201011,MX,0203129000,47,47,70,70,12773359.0,0.0,24232246.0,11,2010
201011,MX,0203192000,47,47,70,70,408036.0,0.0,972300.0,11,2010
201011,MX,0203194000,47,47,70,70,3764529.0,0.0,8367106.0,11,2010
201011,MX,0203210000,47,47,70,70,369375.0,0.0,356567.0,11,2010
201011,MX,0203221000,47,47,70,70,394748.0,0.0,868626.0,11,2010
201011,MX,0203229000,47,47,70,70,1160313.0,0.0,2681607.0,11,2010
201011,MX,0203292000,47,47,70,70,452992.0,0.0,1099032.0,11,2010
201011,MX,0203294000,47,47,70,70,2522544.0,0.0,5172842.0,11,2010
201012,MX,0203110000,47,47,70,70,1018549.0,0.0,1873097.0,12,2010
201012,MX,0203121000,47,47,70,70,9117932.0,0.0,16536322.0,12,2010
201012,MX,0203129000,47,47,70,70,10353547.0,0.0,19708684.0,12,2010
201012,MX,0203192000,47,47,70,70,577528.0,0.0,1447900.0,12,2010
201012,MX,0203194000,47,47,70,70,3781661.0,0.0,8577688.0,12,2010
201012,MX,0203210000,47,47,70,70,383142.0,0.0,373963.0,12,2010
201012,MX,0203221000,47,47,70,70,136215.0,0.0,296341.0,12,2010
201012,MX,0203229000,47,47,70,70,1208069.0,0.0,2613122.0,12,2010
201012,MX,0203292000,47,47,70,70,522461.0,0.0,1215922.0,12,2010
201012,MX,0203294000,47,47,70,70,2894935.0,0.0,5721709.0,12,2010
201101,MX,0203110000,47,47,70,70,1250677.0,0.0,2437435.0,1,2011
201101,MX,0203121000,47,47,70,70,10199296.0,0.0,18103179.0,1,2011
201101,MX,0203129000,47,47,70,70,7971743.0,0.0,14220906.0,1,2011
201101,MX,0203192000,47,47,70,70,441581.0,0.0,1030911.0,1,2011
201101,MX,0203194000,47,47,70,70,2883128.0,0.0,6453153.0,1,2011
201101,MX,0203210000,47,47,70,70,516349.0,0.0,538835.0,1,2011
201101,MX,0203221000,47,47,70,70,204145.0,0.0,466586.0,1,2011
201101,MX,0203229000,47,47,70,70,1382625.0,0.0,3324078.0,1,2011
201101,MX,0203292000,47,47,70,70,452741.0,0.0,1060337.0,1,2011
201101,MX,0203294000,47,47,70,70,1306351.0,0.0,2967483.0,1,2011
201102,MX,0203110000,47,47,70,70,1104457.0,0.0,2375911.0,2,2011
201102,MX,0203121000,47,47,70,70,7691188.0,0.0,14802065.0,2,2011
201102,MX,0203129000,47,47,70,70,6675364.0,0.0,12815095.0,2,2011
201102,MX,0203192000,47,47,70,70,488081.0,0.0,1253179.0,2,2011
201102,MX,0203194000,47,47,70,70,1873069.0,0.0,4302648.0,2,2011
201102,MX,0203210000,47,47,70,70,184844.0,0.0,198288.0,2,2011
201102,MX,0203221000,47,47,70,70,319290.0,0.0,739294.0,2,2011
201102,MX,0203229000,47,47,70,70,792779.0,0.0,1943272.0,2,2011
201102,MX,0203292000,47,47,70,70,365207.0,0.0,900681.0,2,2011
201102,MX,0203294000,47,47,70,70,1070843.0,0.0,2422670.0,2,2011
201103,MX,0203110000,47,47,70,70,1082328.0,0.0,2313858.0,3,2011
201103,MX,0203121000,47,47,70,70,8275231.0,0.0,16368194.0,3,2011
201103,MX,0203129000,47,47,70,70,5871934.0,0.0,11565877.0,3,2011
201103,MX,0203192000,47,47,70,70,1154719.0,0.0,3018811.0,3,2011
201103,MX,0203194000,47,47,70,70,2726824.0,0.0,6157020.0,3,2011
201103,MX,0203210000,47,47,70,70,129054.0,0.0,152516.0,3,2011
201103,MX,0203221000,47,47,70,70,87379.0,0.0,235624.0,3,2011
201103,MX,0203229000,47,47,70,70,986329.0,0.0,2481263.0,3,2011
201103,MX,0203292000,47,47,70,70,368216.0,0.0,982936.0,3,2011
201103,MX,0203294000,47,47,70,70,931313.0,0.0,2111505.0,3,2011
201104,MX,0203110000,47,47,70,70,699523.0,0.0,1548778.0,4,2011
201104,MX,0203121000,47,47,70,70,5855534.0,0.0,11249404.0,4,2011
201104,MX,0203129000,47,47,70,70,4514482.0,0.0,8779346.0,4,2011
201104,MX,0203192000,47,47,70,70,396779.0,0.0,879562.0,4,2011
201104,MX,0203194000,47,47,70,70,1944343.0,0.0,4724944.0,4,2011
201104,MX,0203210000,47,47,70,70,165054.0,0.0,178138.0,4,2011
201104,MX,0203221000,47,47,70,70,96367.0,0.0,245324.0,4,2011
201104,MX,0203229000,47,47,70,70,1079897.0,0.0,2615751.0,4,2011
201104,MX,0203292000,47,47,70,70,217107.0,0.0,542218.0,4,2011
201104,MX,0203294000,47,47,70,70,589261.0,0.0,1438442.0,4,2011
201105,MX,0203110000,47,47,70,70,636417.0,0.0,1354577.0,5,2011
201105,MX,0203121000,47,47,70,70,6529907.0,0.0,12904390.0,5,2011
201105,MX,0203129000,47,47,70,70,7255685.0,0.0,14161639.0,5,2011
201105,MX,0203192000,47,47,70,70,485028.0,0.0,1069709.0,5,2011
201105,MX,0203194000,47,47,70,70,2665862.0,0.0,6111224.0,5,2011
201105,MX,0203210000,47,47,70,70,173664.0,0.0,208974.0,5,2011
201105,MX,0203221000,47,47,70,70,162038.0,0.0,376654.0,5,2011
201105,MX,0203229000,47,47,70,70,1280531.0,0.0,3030578.0,5,2011
201105,MX,0203292000,47,47,70,70,419195.0,0.0,1133356.0,5,2011
201105,MX,0203294000,47,47,70,70,900614.0,0.0,2284265.0,5,2011
201106,MX,0203110000,47,47,70,70,731510.0,0.0,1557774.0,6,2011
201106,MX,0203121000,47,47,70,70,5990240.0,0.0,11429539.0,6,2011
201106,MX,0203129000,47,47,70,70,5947018.0,0.0,11177507.0,6,2011
201106,MX,0203192000,47,47,70,70,299767.0,0.0,807723.0,6,2011
201106,MX,0203194000,47,47,70,70,1909412.0,0.0,4441388.0,6,2011
201106,MX,0203221000,47,47,70,70,272528.0,0.0,589326.0,6,2011
201106,MX,0203229000,47,47,70,70,1270601.0,0.0,3067035.0,6,2011
201106,MX,0203292000,47,47,70,70,355702.0,0.0,961314.0,6,2011
201106,MX,0203294000,47,47,70,70,1567194.0,0.0,3747372.0,6,2011
201107,MX,0203110000,47,47,70,70,725877.0,0.0,1519780.0,7,2011
201107,MX,0203121000,47,47,70,70,5609946.0,0.0,11399135.0,7,2011
201107,MX,0203129000,47,47,70,70,5828435.0,0.0,11923074.0,7,2011
201107,MX,0203192000,47,47,70,70,508808.0,0.0,1191956.0,7,2011
201107,MX,0203194000,47,47,70,70,1512480.0,0.0,3641174.0,7,2011
201107,MX,0203221000,47,47,70,70,175898.0,0.0,415650.0,7,2011
201107,MX,0203229000,47,47,70,70,1176729.0,0.0,2721917.0,7,2011
201107,MX,0203292000,47,47,70,70,333085.0,0.0,856816.0,7,2011
201107,MX,0203294000,47,47,70,70,1075029.0,0.0,2611675.0,7,2011
201108,MX,0203110000,47,47,70,70,867386.0,0.0,1918118.0,8,2011
201108,MX,0203121000,47,47,70,70,7992706.0,0.0,17197486.0,8,2011
201108,MX,0203129000,47,47,70,70,5932216.0,0.0,13151341.0,8,2011
201108,MX,0203192000,47,47,70,70,489933.0,0.0,1112564.0,8,2011
201108,MX,0203194000,47,47,70,70,2243304.0,0.0,5759263.0,8,2011
201108,MX,0203221000,47,47,70,70,359223.0,0.0,803889.0,8,2011
201108,MX,0203229000,47,47,70,70,1089214.0,0.0,2745695.0,8,2011
201108,MX,0203292000,47,47,70,70,312451.0,0.0,850473.0,8,2011
201108,MX,0203294000,47,47,70,70,1184272.0,0.0,2724288.0,8,2011
201109,MX,0203110000,47,47,70,70,982495.0,0.0,2141137.0,9,2011
201109,MX,0203121000,47,47,70,70,7682936.0,0.0,16598013.0,9,2011
201109,MX,0203129000,47,47,70,70,10834171.0,0.0,23477676.0,9,2011
201109,MX,0203192000,47,47,70,70,274281.0,0.0,822498.0,9,2011
201109,MX,0203194000,47,47,70,70,2354491.0,0.0,5649924.0,9,2011
201109,MX,0203221000,47,47,70,70,161207.0,0.0,377678.0,9,2011
201109,MX,0203229000,47,47,70,70,1291258.0,0.0,2958549.0,9,2011
201109,MX,0203292000,47,47,70,70,322664.0,0.0,886864.0,9,2011
201109,MX,0203294000,47,47,70,70,1488452.0,0.0,3399469.0,9,2011
201110,MX,0203110000,47,47,70,70,689465.0,0.0,1484448.0,10,2011
201110,MX,0203121000,47,47,70,70,6281473.0,0.0,13569708.0,10,2011
201110,MX,0203129000,47,47,70,70,14395423.0,0.0,31325076.0,10,2011
201110,MX,0203192000,47,47,70,70,360759.0,0.0,900130.0,10,2011
201110,MX,0203194000,47,47,70,70,2922808.0,0.0,7007132.0,10,2011
201110,MX,0203221000,47,47,70,70,320472.0,0.0,756364.0,10,2011
201110,MX,0203229000,47,47,70,70,1086268.0,0.0,2425570.0,10,2011
201110,MX,0203292000,47,47,70,70,399047.0,0.0,1077306.0,10,2011
201110,MX,0203294000,47,47,70,70,1711538.0,0.0,3819891.0,10,2011
201111,MX,0203110000,47,47,70,70,1077472.0,0.0,2183026.0,11,2011
201111,MX,0203121000,47,47,70,70,8233169.0,0.0,16684611.0,11,2011
201111,MX,0203129000,47,47,70,70,14161855.0,0.0,28713894.0,11,2011
201111,MX,0203192000,47,47,70,70,367070.0,0.0,929079.0,11,2011
201111,MX,0203194000,47,47,70,70,3769942.0,0.0,8281230.0,11,2011
201111,MX,0203221000,47,47,70,70,190447.0,0.0,424872.0,11,2011
201111,MX,0203229000,47,47,70,70,1099463.0,0.0,2337036.0,11,2011
201111,MX,0203292000,47,47,70,70,494539.0,0.0,1302224.0,11,2011
201111,MX,0203294000,47,47,70,70,2342294.0,0.0,4996753.0,11,2011
201112,MX,0203110000,47,47,70,70,2232581.0,0.0,4509476.0,12,2011
201112,MX,0203121000,47,47,70,70,10346125.0,0.0,20200047.0,12,2011
201112,MX,0203129000,47,47,70,70,16611304.0,0.0,32320108.0,12,2011
201112,MX,0203192000,47,47,70,70,824326.0,0.0,2282037.0,12,2011
201112,MX,0203194000,47,47,70,70,4790876.0,0.0,10713791.0,12,2011
201112,MX,0203210000,47,47,70,70,17637.0,0.0,38106.0,12,2011
201112,MX,0203221000,47,47,70,70,396296.0,0.0,885345.0,12,2011
201112,MX,0203229000,47,47,70,70,1679008.0,0.0,3501444.0,12,2011
201112,MX,0203292000,47,47,70,70,395355.0,0.0,931676.0,12,2011
201112,MX,0203294000,47,47,70,70,2875374.0,0.0,6234023.0,12,2011
201201,MX,0203110000,47,47,70,70,3266972.0,0.0,6388919.0,1,2012
201201,MX,0203121000,47,47,70,70,8606415.0,0.0,15554304.0,1,2012
201201,MX,0203129000,47,47,70,70,17437111.0,0.0,31145285.0,1,2012
201201,MX,0203192000,47,47,70,70,503983.0,0.0,1285610.0,1,2012
201201,MX,0203194000,47,47,70,70,5513179.0,0.0,11254548.0,1,2012
201201,MX,0203210000,47,47,70,70,37911.0,0.0,66450.0,1,2012
201201,MX,0203221000,47,47,70,70,257311.0,0.0,557063.0,1,2012
201201,MX,0203229000,47,47,70,70,1489732.0,0.0,3296885.0,1,2012
201201,MX,0203292000,47,47,70,70,469029.0,0.0,1144595.0,1,2012
201201,MX,0203294000,47,47,70,70,3116862.0,0.0,6146577.0,1,2012
201202,MX,0203110000,47,47,70,70,2865295.0,0.0,5626697.0,2,2012
201202,MX,0203121000,47,47,70,70,8451110.0,0.0,15165076.0,2,2012
201202,MX,0203129000,47,47,70,70,14637325.0,0.0,26195442.0,2,2012
201202,MX,0203192000,47,47,70,70,539027.0,0.0,1292728.0,2,2012
201202,MX,0203194000,47,47,70,70,4312319.0,0.0,9338355.0,2,2012
201202,MX,0203221000,47,47,70,70,188624.0,0.0,402895.0,2,2012
201202,MX,0203229000,47,47,70,70,1628270.0,0.0,3447799.0,2,2012
201202,MX,0203292000,47,47,70,70,360017.0,0.0,970552.0,2,2012
201202,MX,0203294000,47,47,70,70,2533835.0,0.0,5130074.0,2,2012
201203,MX,0203110000,47,47,70,70,1716894.0,0.0,3264310.0,3,2012
201203,MX,0203121000,47,47,70,70,6427802.0,0.0,11536660.0,3,2012
201203,MX,0203129000,47,47,70,70,16013707.0,0.0,28363127.0,3,2012
201203,MX,0203192000,47,47,70,70,661054.0,0.0,1771723.0,3,2012
201203,MX,0203194000,47,47,70,70,4287176.0,0.0,9128796.0,3,2012
201203,MX,0203221000,47,47,70,70,95388.0,0.0,244481.0,3,2012
201203,MX,0203229000,47,47,70,70,1253515.0,0.0,3098661.0,3,2012
201203,MX,0203292000,47,47,70,70,229081.0,0.0,709161.0,3,2012
201203,MX,0203294000,47,47,70,70,2028748.0,0.0,4323897.0,3,2012
201204,MX,0203110000,47,47,70,70,1183648.0,0.0,2178064.0,4,2012
201204,MX,0203121000,47,47,70,70,5157685.0,0.0,8196016.0,4,2012
201204,MX,0203129000,47,47,70,70,16202853.0,0.0,25958985.0,4,2012
201204,MX,0203192000,47,47,70,70,590087.0,0.0,1347277.0,4,2012
201204,MX,0203194000,47,47,70,70,3796584.0,0.0,7442008.0,4,2012
201204,MX,0203221000,47,47,70,70,286108.0,0.0,577766.0,4,2012
201204,MX,0203229000,47,47,70,70,1028138.0,0.0,2335933.0,4,2012
201204,MX,0203292000,47,47,70,70,254559.0,0.0,697417.0,4,2012
201204,MX,0203294000,47,47,70,70,2040352.0,0.0,4310034.0,4,2012
201205,MX,0203110000,47,47,70,70,1168901.0,0.0,2162211.0,5,2012
201205,MX,0203121000,47,47,70,70,6820159.0,0.0,11634227.0,5,2012
201205,MX,0203129000,47,47,70,70,17509050.0,0.0,29541752.0,5,2012
201205,MX,0203192000,47,47,70,70,499420.0,0.0,1118215.0,5,2012
201205,MX,0203194000,47,47,70,70,1879530.0,0.0,3989520.0,5,2012
201205,MX,0203221000,47,47,70,70,160566.0,0.0,404889.0,5,2012
201205,MX,0203229000,47,47,70,70,1068474.0,0.0,2424367.0,5,2012
201205,MX,0203292000,47,47,70,70,368872.0,0.0,916735.0,5,2012
201205,MX,0203294000,47,47,70,70,2649956.0,0.0,5145358.0,5,2012
201206,MX,0203110000,47,47,70,70,690323.0,0.0,1350754.0,6,2012
201206,MX,0203121000,47,47,70,70,4285027.0,0.0,7626022.0,6,2012
201206,MX,0203129000,47,47,70,70,15190795.0,0.0,26420712.0,6,2012
201206,MX,0203192000,47,47,70,70,506542.0,0.0,1167453.0,6,2012
201206,MX,0203194000,47,47,70,70,1592585.0,0.0,3291088.0,6,2012
201206,MX,0203221000,47,47,70,70,137629.0,0.0,315158.0,6,2012
201206,MX,0203229000,47,47,70,70,1274506.0,0.0,2568053.0,6,2012
201206,MX,0203292000,47,47,70,70,268331.0,0.0,666593.0,6,2012
201206,MX,0203294000,47,47,70,70,2523414.0,0.0,5183849.0,6,2012
201207,MX,0203110000,47,47,70,70,895752.0,0.0,1729016.0,7,2012
201207,MX,0203121000,47,47,70,70,4775293.0,0.0,8852280.0,7,2012
201207,MX,0203129000,47,47,70,70,18046147.0,0.0,33961530.0,7,2012
201207,MX,0203192000,47,47,70,70,475374.0,0.0,1019656.0,7,2012
201207,MX,0203194000,47,47,70,70,1668632.0,0.0,3935320.0,7,2012
201207,MX,0203210000,47,47,70,70,18602.0,0.0,86227.0,7,2012
201207,MX,0203221000,47,47,70,70,242662.0,0.0,519114.0,7,2012
201207,MX,0203229000,47,47,70,70,1634014.0,0.0,3340700.0,7,2012
201207,MX,0203292000,47,47,70,70,427601.0,0.0,1489875.0,7,2012
201207,MX,0203294000,47,47,70,70,2543883.0,0.0,5132130.0,7,2012
201208,MX,0203110000,47,47,70,70,1859819.0,0.0,3592514.0,8,2012
201208,MX,0203121000,47,47,70,70,5446691.0,0.0,10287623.0,8,2012
201208,MX,0203129000,47,47,70,70,19662658.0,0.0,37842628.0,8,2012
201208,MX,0203192000,47,47,70,70,358969.0,0.0,731919.0,8,2012
201208,MX,0203194000,47,47,70,70,2197143.0,0.0,4983563.0,8,2012
201208,MX,0203210000,47,47,70,70,18500.0,0.0,34222.0,8,2012
201208,MX,0203221000,47,47,70,70,109202.0,0.0,264086.0,8,2012
201208,MX,0203229000,47,47,70,70,1595687.0,0.0,3519961.0,8,2012
201208,MX,0203292000,47,47,70,70,262084.0,0.0,972562.0,8,2012
201208,MX,0203294000,47,47,70,70,3344727.0,0.0,6920426.0,8,2012
201209,MX,0203110000,47,47,70,70,2379869.0,0.0,4167885.0,9,2012
201209,MX,0203121000,47,47,70,70,5527331.0,0.0,9559397.0,9,2012
201209,MX,0203129000,47,47,70,70,18106779.0,0.0,30796572.0,9,2012
201209,MX,0203192000,47,47,70,70,444859.0,0.0,1062420.0,9,2012
201209,MX,0203194000,47,47,70,70,3419093.0,0.0,6568187.0,9,2012
201209,MX,0203221000,47,47,70,70,179363.0,0.0,419513.0,9,2012
201209,MX,0203229000,47,47,70,70,1597080.0,0.0,3532487.0,9,2012
201209,MX,0203292000,47,47,70,70,212855.0,0.0,722350.0,9,2012
201209,MX,0203294000,47,47,70,70,2945130.0,0.0,6252013.0,9,2012
201210,MX,0203110000,47,47,70,70,2787524.0,0.0,5432912.0,10,2012
201210,MX,0203121000,47,47,70,70,5845522.0,0.0,11392078.0,10,2012
201210,MX,0203129000,47,47,70,70,20631099.0,0.0,40048871.0,10,2012
201210,MX,0203192000,47,47,70,70,607025.0,0.0,1305518.0,10,2012
201210,MX,0203194000,47,47,70,70,2973032.0,0.0,5714795.0,10,2012
201210,MX,0203210000,47,47,70,70,18140.0,0.0,27744.0,10,2012
201210,MX,0203221000,47,47,70,70,258926.0,0.0,563453.0,10,2012
201210,MX,0203229000,47,47,70,70,1361576.0,0.0,3031483.0,10,2012
201210,MX,0203292000,47,47,70,70,509490.0,0.0,1355620.0,10,2012
201210,MX,0203294000,47,47,70,70,3062325.0,0.0,6345636.0,10,2012
201211,MX,0203110000,47,47,70,70,2392582.0,0.0,4859491.0,11,2012
201211,MX,0203121000,47,47,70,70,4773356.0,0.0,8912704.0,11,2012
201211,MX,0203129000,47,47,70,70,21192712.0,0.0,40334108.0,11,2012
201211,MX,0203192000,47,47,70,70,717048.0,0.0,1535584.0,11,2012
201211,MX,0203194000,47,47,70,70,2367000.0,0.0,5168614.0,11,2012
201211,MX,0203210000,47,47,70,70,19300.0,0.0,39454.0,11,2012
201211,MX,0203221000,47,47,70,70,187484.0,0.0,370461.0,11,2012
201211,MX,0203229000,47,47,70,70,1029188.0,0.0,2183187.0,11,2012
201211,MX,0203292000,47,47,70,70,489044.0,0.0,1532385.0,11,2012
201211,MX,0203294000,47,47,70,70,2897735.0,0.0,5976164.0,11,2012
201212,MX,0203110000,47,47,70,70,2161995.0,0.0,4485054.0,12,2012
201212,MX,0203121000,47,47,70,70,5871353.0,0.0,10870420.0,12,2012
201212,MX,0203129000,47,47,70,70,21451264.0,0.0,40935429.0,12,2012
201212,MX,0203192000,47,47,70,70,545410.0,0.0,1184338.0,12,2012
201212,MX,0203194000,47,47,70,70,2645298.0,0.0,6330219.0,12,2012
201212,MX,0203210000,47,47,70,70,5807.0,0.0,27206.0,12,2012
201212,MX,0203221000,47,47,70,70,327664.0,0.0,745401.0,12,2012
201212,MX,0203229000,47,47,70,70,1180172.0,0.0,2733942.0,12,2012
201212,MX,0203292000,47,47,70,70,226873.0,0.0,687774.0,12,2012
201212,MX,0203294000,47,47,70,70,2746394.0,0.0,5352675.0,12,2012
201301,MX,0203110000,47,47,70,70,3090635.0,0.0,5781374.0,1,2013
201301,MX,0203121000,47,47,70,70,7010912.0,0.0,12072690.0,1,2013
201301,MX,0203129000,47,47,70,70,19635130.0,0.0,34783433.0,1,2013
201301,MX,0203192000,47,47,70,70,505065.0,0.0,1063143.0,1,2013
201301,MX,0203194000,47,47,70,70,2610113.0,0.0,5909360.0,1,2013
201301,MX,0203210000,47,47,70,70,17962.0,0.0,48312.0,1,2013
201301,MX,0203221000,47,47,70,70,507614.0,0.0,1023369.0,1,2013
201301,MX,0203229000,47,47,70,70,1299917.0,0.0,2947179.0,1,2013
201301,MX,0203292000,47,47,70,70,299900.0,0.0,801380.0,1,2013
201301,MX,0203294000,47,47,70,70,3316075.0,0.0,6904395.0,1,2013
201302,MX,0203110000,47,47,70,70,1224454.0,0.0,2342636.0,2,2013
201302,MX,0203121000,47,47,70,70,4436088.0,0.0,7966674.0,2,2013
201302,MX,0203129000,47,47,70,70,16468340.0,0.0,31022336.0,2,2013
201302,MX,0203192000,47,47,70,70,520380.0,0.0,1086093.0,2,2013
201302,MX,0203194000,47,47,70,70,1996522.0,0.0,4045263.0,2,2013
201302,MX,0203210000,47,47,70,70,19077.0,0.0,44160.0,2,2013
201302,MX,0203221000,47,47,70,70,317697.0,0.0,599974.0,2,2013
201302,MX,0203229000,47,47,70,70,539371.0,0.0,1259068.0,2,2013
201302,MX,0203292000,47,47,70,70,363154.0,0.0,881671.0,2,2013
201302,MX,0203294000,47,47,70,70,2588118.0,0.0,5529500.0,2,2013
201303,MX,0203110000,47,47,70,70,1069352.0,0.0,1829687.0,3,2013
201303,MX,0203121000,47,47,70,70,4328924.0,0.0,6834846.0,3,2013
201303,MX,0203129000,47,47,70,70,14478930.0,0.0,22939841.0,3,2013
201303,MX,0203192000,47,47,70,70,446575.0,0.0,840139.0,3,2013
201303,MX,0203194000,47,47,70,70,2033331.0,0.0,3731826.0,3,2013
201303,MX,0203221000,47,47,70,70,144394.0,0.0,291289.0,3,2013
201303,MX,0203229000,47,47,70,70,946819.0,0.0,2166662.0,3,2013
201303,MX,0203292000,47,47,70,70,454503.0,0.0,1267636.0,3,2013
201303,MX,0203294000,47,47,70,70,2191869.0,0.0,4830636.0,3,2013
201304,MX,0203110000,47,47,70,70,1253159.0,0.0,2153594.0,4,2013
201304,MX,0203121000,47,47,70,70,5251177.0,0.0,8567986.0,4,2013
201304,MX,0203129000,47,47,70,70,18092958.0,0.0,29922482.0,4,2013
201304,MX,0203192000,47,47,70,70,570928.0,0.0,1081170.0,4,2013
201304,MX,0203194000,47,47,70,70,2643000.0,0.0,5295870.0,4,2013
201304,MX,0203221000,47,47,70,70,401857.0,0.0,760947.0,4,2013
201304,MX,0203229000,47,47,70,70,1374940.0,0.0,3110020.0,4,2013
201304,MX,0203292000,47,47,70,70,398479.0,0.0,1106567.0,4,2013
201304,MX,0203294000,47,47,70,70,2766616.0,0.0,5790350.0,4,2013
201305,MX,0203110000,47,47,70,70,1482205.0,0.0,2788477.0,5,2013
201305,MX,0203121000,47,47,70,70,7831014.0,0.0,13324717.0,5,2013
201305,MX,0203129000,47,47,70,70,19144577.0,0.0,33928223.0,5,2013
201305,MX,0203192000,47,47,70,70,404041.0,0.0,884773.0,5,2013
201305,MX,0203194000,47,47,70,70,1760065.0,0.0,3767689.0,5,2013
201305,MX,0203221000,47,47,70,70,318914.0,0.0,624569.0,5,2013
201305,MX,0203229000,47,47,70,70,1427803.0,0.0,3221889.0,5,2013
201305,MX,0203292000,47,47,70,70,382339.0,0.0,1039366.0,5,2013
201305,MX,0203294000,47,47,70,70,2430144.0,0.0,4965794.0,5,2013
201306,MX,0203110000,47,47,70,70,611210.0,0.0,1292254.0,6,2013
201306,MX,0203121000,47,47,70,70,6759524.0,0.0,11772207.0,6,2013
201306,MX,0203129000,47,47,70,70,16814894.0,0.0,30564229.0,6,2013
201306,MX,0203192000,47,47,70,70,379341.0,0.0,794980.0,6,2013
201306,MX,0203194000,47,47,70,70,3297386.0,0.0,6227097.0,6,2013
201306,MX,0203221000,47,47,70,70,619626.0,0.0,1229139.0,6,2013
201306,MX,0203229000,47,47,70,70,966007.0,0.0,2152197.0,6,2013
201306,MX,0203292000,47,47,70,70,304692.0,0.0,835798.0,6,2013
201306,MX,0203294000,47,47,70,70,2869695.0,0.0,5976435.0,6,2013
201307,MX,0203110000,47,47,70,70,405997.0,0.0,873306.0,7,2013
201307,MX,0203121000,47,47,70,70,9442220.0,0.0,19406635.0,7,2013
201307,MX,0203129000,47,47,70,70,18769017.0,0.0,40623151.0,7,2013
201307,MX,0203192000,47,47,70,70,584221.0,0.0,1287983.0,7,2013
201307,MX,0203194000,47,47,70,70,3180287.0,0.0,6580468.0,7,2013
201307,MX,0203210000,47,47,70,70,1047.0,0.0,6894.0,7,2013
201307,MX,0203221000,47,47,70,70,529695.0,0.0,1134940.0,7,2013
201307,MX,0203229000,47,47,70,70,1321971.0,0.0,3054757.0,7,2013
201307,MX,0203292000,47,47,70,70,388632.0,0.0,1141141.0,7,2013
201307,MX,0203294000,47,47,70,70,2907249.0,0.0,6425802.0,7,2013
201308,MX,0203110000,47,47,70,70,89315.0,0.0,219002.0,8,2013
201308,MX,0203121000,47,47,70,70,8874344.0,0.0,17901090.0,8,2013
201308,MX,0203129000,47,47,70,70,16171987.0,0.0,34415120.0,8,2013
201308,MX,0203192000,47,47,70,70,580171.0,0.0,1271302.0,8,2013
201308,MX,0203194000,47,47,70,70,3222733.0,0.0,6562851.0,8,2013
201308,MX,0203210000,47,47,70,70,37184.0,0.0,85444.0,8,2013
201308,MX,0203221000,47,47,70,70,345792.0,0.0,763777.0,8,2013
201308,MX,0203229000,47,47,70,70,1187528.0,0.0,2804633.0,8,2013
201308,MX,0203292000,47,47,70,70,524173.0,0.0,1519039.0,8,2013
201308,MX,0203294000,47,47,70,70,2786660.0,0.0,6326192.0,8,2013
201309,MX,0203110000,47,47,70,70,272556.0,0.0,588072.0,9,2013
201309,MX,0203121000,47,47,70,70,8485684.0,0.0,17472385.0,9,2013
201309,MX,0203129000,47,47,70,70,16018146.0,0.0,34239780.0,9,2013
201309,MX,0203192000,47,47,70,70,457742.0,0.0,969624.0,9,2013
201309,MX,0203194000,47,47,70,70,3852066.0,0.0,7410400.0,9,2013
201309,MX,0203210000,47,47,70,70,19376.0,0.0,41855.0,9,2013
201309,MX,0203221000,47,47,70,70,247659.0,0.0,543480.0,9,2013
201309,MX,0203229000,47,47,70,70,1567689.0,0.0,3626980.0,9,2013
201309,MX,0203292000,47,47,70,70,453198.0,0.0,1271684.0,9,2013
201309,MX,0203294000,47,47,70,70,3113128.0,0.0,6982577.0,9,2013
201310,MX,0203110000,47,47,70,70,557606.0,0.0,1141196.0,10,2013
201310,MX,0203121000,47,47,70,70,8450613.0,0.0,17322061.0,10,2013
201310,MX,0203129000,47,47,70,70,19141630.0,0.0,40936267.0,10,2013
201310,MX,0203192000,47,47,70,70,755277.0,0.0,1771980.0,10,2013
201310,MX,0203194000,47,47,70,70,3286719.0,0.0,6647166.0,10,2013
201310,MX,0203221000,47,47,70,70,339627.0,0.0,747214.0,10,2013
201310,MX,0203229000,47,47,70,70,1769031.0,0.0,3711353.0,10,2013
201310,MX,0203292000,47,47,70,70,544659.0,0.0,1450867.0,10,2013
201310,MX,0203294000,47,47,70,70,3308685.0,0.0,7422152.0,10,2013
201311,MX,0203110000,47,47,70,70,431426.0,0.0,895948.0,11,2013
201311,MX,0203121000,47,47,70,70,9736873.0,0.0,20224741.0,11,2013
201311,MX,0203129000,47,47,70,70,19903075.0,0.0,43275008.0,11,2013
201311,MX,0203192000,47,47,70,70,726644.0,0.0,1690599.0,11,2013
201311,MX,0203194000,47,47,70,70,4130732.0,0.0,8612734.0,11,2013
201311,MX,0203210000,47,47,70,70,54687.0,0.0,105517.0,11,2013
201311,MX,0203221000,47,47,70,70,574489.0,0.0,1223206.0,11,2013
201311,MX,0203229000,47,47,70,70,1798076.0,0.0,3995667.0,11,2013
201311,MX,0203292000,47,47,70,70,673790.0,0.0,1856705.0,11,2013
201311,MX,0203294000,47,47,70,70,3468201.0,0.0,8641631.0,11,2013
201312,MX,0203110000,47,47,70,70,668683.0,0.0,1440390.0,12,2013
201312,MX,0203121000,47,47,70,70,12679155.0,0.0,25147696.0,12,2013
201312,MX,0203129000,47,47,70,70,21924393.0,0.0,45859249.0,12,2013
201312,MX,0203192000,47,47,70,70,1104046.0,0.0,2608771.0,12,2013
201312,MX,0203194000,47,47,70,70,5349675.0,0.0,11604133.0,12,2013
201312,MX,0203221000,47,47,70,70,564542.0,0.0,1202477.0,12,2013
201312,MX,0203229000,47,47,70,70,1833967.0,0.0,4131217.0,12,2013
201312,MX,0203292000,47,47,70,70,619911.0,0.0,1782269.0,12,2013
201312,MX,0203294000,47,47,70,70,3432979.0,0.0,7382104.0,12,2013
201401,MX,0203110000,47,47,70,70,995890.0,0.0,1985634.0,1,2014
201401,MX,0203121000,47,47,70,70,10112125.0,0.0,17900856.0,1,2014
201401,MX,0203129000,47,47,70,70,21019516.0,0.0,39145051.0,1,2014
201401,MX,0203192000,47,47,70,70,656890.0,0.0,1490917.0,1,2014
201401,MX,0203194000,47,47,70,70,4125799.0,0.0,8369090.0,1,2014
201401,MX,0203210000,47,47,70,70,18289.0,0.0,46973.0,1,2014
201401,MX,0203221000,47,47,70,70,311402.0,0.0,709363.0,1,2014
201401,MX,0203229000,47,47,70,70,1846811.0,0.0,3976759.0,1,2014
201401,MX,0203292000,47,47,70,70,673292.0,0.0,1711511.0,1,2014
201401,MX,0203294000,47,47,70,70,4241331.0,0.0,9541270.0,1,2014
201402,MX,0203110000,47,47,70,70,809537.0,0.0,1695827.0,2,2014
201402,MX,0203121000,47,47,70,70,9222564.0,0.0,17718067.0,2,2014
201402,MX,0203129000,47,47,70,70,18548888.0,0.0,37972860.0,2,2014
201402,MX,0203192000,47,47,70,70,712650.0,0.0,1686215.0,2,2014
201402,MX,0203194000,47,47,70,70,3733114.0,0.0,7603303.0,2,2014
201402,MX,0203221000,47,47,70,70,372791.0,0.0,818892.0,2,2014
201402,MX,0203229000,47,47,70,70,2050820.0,0.0,4403839.0,2,2014
201402,MX,0203292000,47,47,70,70,735251.0,0.0,1945332.0,2,2014
201402,MX,0203294000,47,47,70,70,3160305.0,0.0,7242689.0,2,2014
201403,MX,0203110000,47,47,70,70,344866.0,0.0,825386.0,3,2014
201403,MX,0203121000,47,47,70,70,9957318.0,0.0,21020658.0,3,2014
201403,MX,0203129000,47,47,70,70,19064330.0,0.0,44980207.0,3,2014
201403,MX,0203192000,47,47,70,70,499757.0,0.0,1184441.0,3,2014
201403,MX,0203194000,47,47,70,70,1948836.0,0.0,5429405.0,3,2014
201403,MX,0203210000,47,47,70,70,57279.0,0.0,171265.0,3,2014
201403,MX,0203221000,47,47,70,70,315767.0,0.0,767163.0,3,2014
201403,MX,0203229000,47,47,70,70,1864285.0,0.0,4546132.0,3,2014
201403,MX,0203292000,47,47,70,70,578431.0,0.0,1611385.0,3,2014
201403,MX,0203294000,47,47,70,70,2709990.0,0.0,6937150.0,3,2014
201404,MX,0203110000,47,47,70,70,301227.0,0.0,826039.0,4,2014
201404,MX,0203121000,47,47,70,70,8790376.0,0.0,19640323.0,4,2014
201404,MX,0203129000,47,47,70,70,18581309.0,0.0,47495586.0,4,2014
201404,MX,0203192000,47,47,70,70,838821.0,0.0,2163644.0,4,2014
201404,MX,0203194000,47,47,70,70,2083079.0,0.0,6124212.0,4,2014
201404,MX,0203221000,47,47,70,70,672413.0,0.0,1872595.0,4,2014
201404,MX,0203229000,47,47,70,70,2112178.0,0.0,5616684.0,4,2014
201404,MX,0203292000,47,47,70,70,900679.0,0.0,3031317.0,4,2014
201404,MX,0203294000,47,47,70,70,2423204.0,0.0,7503011.0,4,2014
201405,MX,0203110000,47,47,70,70,305411.0,0.0,835027.0,5,2014
201405,MX,0203121000,47,47,70,70,9259068.0,0.0,20818245.0,5,2014
201405,MX,0203129000,47,47,70,70,19399509.0,0.0,49052271.0,5,2014
201405,MX,0203192000,47,47,70,70,452069.0,0.0,1216851.0,5,2014
201405,MX,0203194000,47,47,70,70,1853508.0,0.0,5523779.0,5,2014
201405,MX,0203221000,47,47,70,70,759168.0,0.0,2357239.0,5,2014
201405,MX,0203229000,47,47,70,70,2815739.0,0.0,7591305.0,5,2014
201405,MX,0203292000,47,47,70,70,593689.0,0.0,1917684.0,5,2014
201405,MX,0203294000,47,47,70,70,3345047.0,0.0,9380587.0,5,2014
201406,MX,0203110000,47,47,70,70,508268.0,0.0,1467583.0,6,2014
201406,MX,0203121000,47,47,70,70,11074550.0,0.0,21450176.0,6,2014
201406,MX,0203129000,47,47,70,70,18728634.0,0.0,53700558.0,6,2014
201406,MX,0203192000,47,47,70,70,453141.0,0.0,1204374.0,6,2014
201406,MX,0203194000,47,47,70,70,1855567.0,0.0,5873546.0,6,2014
201406,MX,0203221000,47,47,70,70,373482.0,0.0,1189964.0,6,2014
201406,MX,0203229000,47,47,70,70,2730889.0,0.0,6986556.0,6,2014
201406,MX,0203292000,47,47,70,70,400775.0,0.0,1343105.0,6,2014
201406,MX,0203294000,47,47,70,70,2369550.0,0.0,6599004.0,6,2014
201407,MX,0203110000,47,47,70,70,192919.0,0.0,557651.0,7,2014
201407,MX,0203121000,47,47,70,70,13387261.0,0.0,21164004.0,7,2014
201407,MX,0203129000,47,47,70,70,16079683.0,0.0,52370146.0,7,2014
201407,MX,0203192000,47,47,70,70,564294.0,0.0,1390582.0,7,2014
201407,MX,0203194000,47,47,70,70,1703593.0,0.0,5573976.0,7,2014
201407,MX,0203210000,47,47,70,70,14214.0,0.0,42304.0,7,2014
201407,MX,0203221000,47,47,70,70,340162.0,0.0,1076706.0,7,2014
201407,MX,0203229000,47,47,70,70,2201442.0,0.0,6167470.0,7,2014
201407,MX,0203292000,47,47,70,70,530246.0,0.0,1697409.0,7,2014
201407,MX,0203294000,47,47,70,70,3187399.0,0.0,8644398.0,7,2014
201408,MX,0203110000,47,47,70,70,266645.0,0.0,713956.0,8,2014
201408,MX,0203121000,47,47,70,70,11938208.0,0.0,21519219.0,8,2014
201408,MX,0203129000,47,47,70,70,16266326.0,0.0,46291684.0,8,2014
201408,MX,0203192000,47,47,70,70,494558.0,0.0,1322763.0,8,2014
201408,MX,0203194000,47,47,70,70,3139171.0,0.0,9392940.0,8,2014
201408,MX,0203210000,47,47,70,70,39039.0,0.0,125263.0,8,2014
201408,MX,0203221000,47,47,70,70,541468.0,0.0,1565176.0,8,2014
201408,MX,0203229000,47,47,70,70,2683775.0,0.0,6435729.0,8,2014
201408,MX,0203292000,47,47,70,70,771863.0,0.0,2352659.0,8,2014
201408,MX,0203294000,47,47,70,70,2843039.0,0.0,8353238.0,8,2014
201409,MX,0203110000,47,47,70,70,144041.0,0.0,355749.0,9,2014
201409,MX,0203121000,47,47,70,70,9011820.0,0.0,18345497.0,9,2014
201409,MX,0203129000,47,47,70,70,20109620.0,0.0,53201745.0,9,2014
201409,MX,0203192000,47,47,70,70,473592.0,0.0,1303754.0,9,2014
201409,MX,0203194000,47,47,70,70,3009704.0,0.0,7705207.0,9,2014
201409,MX,0203221000,47,47,70,70,637424.0,0.0,1952223.0,9,2014
201409,MX,0203229000,47,47,70,70,2553878.0,0.0,7074661.0,9,2014
201409,MX,0203292000,47,47,70,70,715603.0,0.0,2306604.0,9,2014
201409,MX,0203294000,47,47,70,70,3649467.0,0.0,10108609.0,9,2014
201410,MX,0203110000,47,47,70,70,306115.0,0.0,756096.0,10,2014
201410,MX,0203121000,47,47,70,70,10920744.0,0.0,19251409.0,10,2014
201410,MX,0203129000,47,47,70,70,21089033.0,0.0,60175675.0,10,2014
201410,MX,0203192000,47,47,70,70,328541.0,0.0,859294.0,10,2014
201410,MX,0203194000,47,47,70,70,2032780.0,0.0,5588108.0,10,2014
201410,MX,0203221000,47,47,70,70,452296.0,0.0,1328102.0,10,2014
201410,MX,0203229000,47,47,70,70,2519016.0,0.0,7438586.0,10,2014
201410,MX,0203292000,47,47,70,70,515009.0,0.0,1784042.0,10,2014
201410,MX,0203294000,47,47,70,70,2776336.0,0.0,8125934.0,10,2014
201411,MX,0203110000,47,47,70,70,266881.0,0.0,561748.0,11,2014
201411,MX,0203121000,47,47,70,70,6631341.0,0.0,14874511.0,11,2014
201411,MX,0203129000,47,47,70,70,22850078.0,0.0,52575726.0,11,2014
201411,MX,0203192000,47,47,70,70,283335.0,0.0,693232.0,11,2014
201411,MX,0203194000,47,47,70,70,2226029.0,0.0,5779676.0,11,2014
201411,MX,0203210000,47,47,70,70,6372.0,0.0,15735.0,11,2014
201411,MX,0203221000,47,47,70,70,369682.0,0.0,937182.0,11,2014
201411,MX,0203229000,47,47,70,70,1557704.0,0.0,3849452.0,11,2014
201411,MX,0203292000,47,47,70,70,540728.0,0.0,1699662.0,11,2014
201411,MX,0203294000,47,47,70,70,2731144.0,0.0,7501186.0,11,2014
201412,MX,0203110000,47,47,70,70,405469.0,0.0,831980.0,12,2014
201412,MX,0203121000,47,47,70,70,8583002.0,0.0,16707496.0,12,2014
201412,MX,0203129000,47,47,70,70,26026059.0,0.0,52273903.0,12,2014
201412,MX,0203192000,47,47,70,70,319106.0,0.0,718496.0,12,2014
201412,MX,0203194000,47,47,70,70,3488396.0,0.0,9202541.0,12,2014
201412,MX,0203210000,47,47,70,70,19522.0,0.0,25088.0,12,2014
201412,MX,0203221000,47,47,70,70,265945.0,0.0,633583.0,12,2014
201412,MX,0203229000,47,47,70,70,1976821.0,0.0,4769491.0,12,2014
201412,MX,0203292000,47,47,70,70,636334.0,0.0,2022297.0,12,2014
201412,MX,0203294000,47,47,70,70,3117157.0,0.0,7883309.0,12,2014
201501,MX,0203110000,47,47,70,70,304698.0,0.0,609097.0,1,2015
201501,MX,0203121000,47,47,70,70,7850251.0,0.0,13681047.0,1,2015
201501,MX,0203129000,47,47,70,70,21580791.0,0.0,37929971.0,1,2015
201501,MX,0203192000,47,47,70,70,177489.0,0.0,388163.0,1,2015
201501,MX,0203194000,47,47,70,70,4963532.0,0.0,9816752.0,1,2015
201501,MX,0203210000,47,47,70,70,52079.0,0.0,99151.0,1,2015
201501,MX,0203221000,47,47,70,70,218069.0,0.0,580026.0,1,2015
201501,MX,0203229000,47,47,70,70,2148707.0,0.0,5292853.0,1,2015
201501,MX,0203292000,47,47,70,70,813711.0,0.0,2328619.0,1,2015
201501,MX,0203294000,47,47,70,70,2341231.0,0.0,5474803.0,1,2015
201502,MX,0203110000,47,47,70,70,578747.0,0.0,1079641.0,2,2015
201502,MX,0203121000,47,47,70,70,7112146.0,0.0,10989396.0,2,2015
201502,MX,0203129000,47,47,70,70,21759258.0,0.0,34520064.0,2,2015
201502,MX,0203192000,47,47,70,70,314561.0,0.0,612878.0,2,2015
201502,MX,0203194000,47,47,70,70,5449097.0,0.0,10572809.0,2,2015
201502,MX,0203210000,47,47,70,70,38514.0,0.0,58382.0,2,2015
201502,MX,0203221000,47,47,70,70,315726.0,0.0,693135.0,2,2015
201502,MX,0203229000,47,47,70,70,2085058.0,0.0,4814351.0,2,2015
201502,MX,0203292000,47,47,70,70,561395.0,0.0,1501631.0,2,2015
201502,MX,0203294000,47,47,70,70,2638167.0,0.0,5660595.0,2,2015
201503,MX,0203110000,47,47,70,70,643563.0,0.0,1072923.0,3,2015
201503,MX,0203121000,47,47,70,70,7489928.0,0.0,10165753.0,3,2015
201503,MX,0203129000,47,47,70,70,26025936.0,0.0,37594277.0,3,2015
201503,MX,0203192000,47,47,70,70,293522.0,0.0,506599.0,3,2015
201503,MX,0203194000,47,47,70,70,4948773.0,0.0,8349608.0,3,2015
201503,MX,0203210000,47,47,70,70,18059.0,0.0,24935.0,3,2015
201503,MX,0203221000,47,47,70,70,216172.0,0.0,506839.0,3,2015
201503,MX,0203229000,47,47,70,70,2147002.0,0.0,4901612.0,3,2015
201503,MX,0203292000,47,47,70,70,589830.0,0.0,1393925.0,3,2015
201503,MX,0203294000,47,47,70,70,3589997.0,0.0,7000943.0,3,2015
201504,MX,0203110000,47,47,70,70,649586.0,0.0,1047977.0,4,2015
201504,MX,0203121000,47,47,70,70,7030762.0,0.0,9392330.0,4,2015
201504,MX,0203129000,47,47,70,70,23237722.0,0.0,33105254.0,4,2015
201504,MX,0203192000,47,47,70,70,285787.0,0.0,498561.0,4,2015
201504,MX,0203194000,47,47,70,70,5061908.0,0.0,8376914.0,4,2015
201504,MX,0203221000,47,47,70,70,217227.0,0.0,446391.0,4,2015
201504,MX,0203229000,47,47,70,70,1729437.0,0.0,3870593.0,4,2015
201504,MX,0203292000,47,47,70,70,478942.0,0.0,1111725.0,4,2015
201504,MX,0203294000,47,47,70,70,3380857.0,0.0,6768589.0,4,2015
201505,MX,0203110000,47,47,70,70,442142.0,0.0,744685.0,5,2015
201505,MX,0203121000,47,47,70,70,6798290.0,0.0,10976662.0,5,2015
201505,MX,0203129000,47,47,70,70,23512349.0,0.0,41737510.0,5,2015
201505,MX,0203192000,47,47,70,70,230705.0,0.0,468726.0,5,2015
201505,MX,0203194000,47,47,70,70,2525561.0,0.0,4937737.0,5,2015
201505,MX,0203210000,47,47,70,70,42127.0,0.0,66485.0,5,2015
201505,MX,0203221000,47,47,70,70,329032.0,0.0,710943.0,5,2015
201505,MX,0203229000,47,47,70,70,1753949.0,0.0,3876657.0,5,2015
201505,MX,0203292000,47,47,70,70,768359.0,0.0,1737889.0,5,2015
201505,MX,0203294000,47,47,70,70,2802720.0,0.0,5428879.0,5,2015
201506,MX,0203110000,47,47,70,70,535561.0,0.0,956368.0,6,2015
201506,MX,0203121000,47,47,70,70,8479021.0,0.0,13294807.0,6,2015
201506,MX,0203129000,47,47,70,70,27673420.0,0.0,49976657.0,6,2015
201506,MX,0203192000,47,47,70,70,249950.0,0.0,588419.0,6,2015
201506,MX,0203194000,47,47,70,70,3468445.0,0.0,6842980.0,6,2015
201506,MX,0203221000,47,47,70,70,494498.0,0.0,970758.0,6,2015
201506,MX,0203229000,47,47,70,70,1994255.0,0.0,4266055.0,6,2015
201506,MX,0203292000,47,47,70,70,931561.0,0.0,2334580.0,6,2015
201506,MX,0203294000,47,47,70,70,3916811.0,0.0,7408233.0,6,2015
201507,MX,0203110000,47,47,70,70,703383.0,0.0,1259829.0,7,2015
201507,MX,0203121000,47,47,70,70,7762771.0,0.0,11147978.0,7,2015
201507,MX,0203129000,47,47,70,70,22159983.0,0.0,35823775.0,7,2015
201507,MX,0203192000,47,47,70,70,536221.0,0.0,1238145.0,7,2015
201507,MX,0203194000,47,47,70,70,4669283.0,0.0,8433544.0,7,2015
201507,MX,0203221000,47,47,70,70,361713.0,0.0,699264.0,7,2015
201507,MX,0203229000,47,47,70,70,2217251.0,0.0,4612550.0,7,2015
201507,MX,0203292000,47,47,70,70,807864.0,0.0,2084154.0,7,2015
201507,MX,0203294000,47,47,70,70,5046529.0,0.0,8936585.0,7,2015
201508,MX,0203110000,47,47,70,70,440287.0,0.0,723200.0,8,2015
201508,MX,0203121000,47,47,70,70,7841383.0,0.0,13499250.0,8,2015
201508,MX,0203129000,47,47,70,70,20962307.0,0.0,38360988.0,8,2015
201508,MX,0203192000,47,47,70,70,792275.0,0.0,1803895.0,8,2015
201508,MX,0203194000,47,47,70,70,4838752.0,0.0,8891328.0,8,2015
201508,MX,0203210000,47,47,70,70,19432.0,0.0,30600.0,8,2015
201508,MX,0203221000,47,47,70,70,400992.0,0.0,751399.0,8,2015
201508,MX,0203229000,47,47,70,70,2527180.0,0.0,5281725.0,8,2015
201508,MX,0203292000,47,47,70,70,965135.0,0.0,2144911.0,8,2015
201508,MX,0203294000,47,47,70,70,5532117.0,0.0,10173285.0,8,2015
201509,MX,0203110000,47,47,70,70,444818.0,0.0,734350.0,9,2015
201509,MX,0203121000,47,47,70,70,8097460.0,0.0,12859539.0,9,2015
201509,MX,0203129000,47,47,70,70,19626588.0,0.0,33715112.0,9,2015
201509,MX,0203192000,47,47,70,70,473468.0,0.0,1051318.0,9,2015
201509,MX,0203194000,47,47,70,70,4370971.0,0.0,7864042.0,9,2015
201509,MX,0203210000,47,47,70,70,23525.0,0.0,49880.0,9,2015
201509,MX,0203221000,47,47,70,70,216993.0,0.0,376689.0,9,2015
201509,MX,0203229000,47,47,70,70,2094094.0,0.0,4272154.0,9,2015
201509,MX,0203292000,47,47,70,70,1024332.0,0.0,2332416.0,9,2015
201509,MX,0203294000,47,47,70,70,5666328.0,0.0,10284181.0,9,2015
201510,MX,0203110000,47,47,70,70,474014.0,0.0,783427.0,10,2015
201510,MX,0203121000,47,47,70,70,9921682.0,0.0,16586655.0,10,2015
201510,MX,0203129000,47,47,70,70,19808946.0,0.0,35587331.0,10,2015
201510,MX,0203192000,47,47,70,70,697512.0,0.0,1428097.0,10,2015
201510,MX,0203194000,47,47,70,70,4793163.0,0.0,8924460.0,10,2015
201510,MX,0203210000,47,47,70,70,53729.0,0.0,111080.0,10,2015
201510,MX,0203221000,47,47,70,70,446512.0,0.0,811373.0,10,2015
201510,MX,0203229000,47,47,70,70,2714708.0,0.0,5173779.0,10,2015
201510,MX,0203292000,47,47,70,70,1040767.0,0.0,2388124.0,10,2015
201510,MX,0203294000,47,47,70,70,5376266.0,0.0,10613492.0,10,2015
201511,MX,0203110000,47,47,70,70,363941.0,0.0,546230.0,11,2015
201511,MX,0203121000,47,47,70,70,9792620.0,0.0,14908752.0,11,2015
201511,MX,0203129000,47,47,70,70,22021159.0,0.0,36182848.0,11,2015
201511,MX,0203192000,47,47,70,70,926524.0,0.0,1830409.0,11,2015
201511,MX,0203194000,47,47,70,70,5293467.0,0.0,9329380.0,11,2015
201511,MX,0203210000,47,47,70,70,11437.0,0.0,28240.0,11,2015
201511,MX,0203221000,47,47,70,70,380767.0,0.0,716360.0,11,2015
201511,MX,0203229000,47,47,70,70,2245999.0,0.0,4587904.0,11,2015
201511,MX,0203292000,47,47,70,70,770385.0,0.0,1775079.0,11,2015
201511,MX,0203294000,47,47,70,70,5250543.0,0.0,10110672.0,11,2015
201512,MX,0203110000,47,47,70,70,368566.0,0.0,597862.0,12,2015
201512,MX,0203121000,47,47,70,70,10285093.0,0.0,16450231.0,12,2015
201512,MX,0203129000,47,47,70,70,25369055.0,0.0,43979950.0,12,2015
201512,MX,0203192000,47,47,70,70,643370.0,0.0,1602168.0,12,2015
201512,MX,0203194000,47,47,70,70,6235958.0,0.0,11265269.0,12,2015
201512,MX,0203210000,47,47,70,70,13522.0,0.0,36358.0,12,2015
201512,MX,0203221000,47,47,70,70,395543.0,0.0,621718.0,12,2015
201512,MX,0203229000,47,47,70,70,2274664.0,0.0,4315760.0,12,2015
201512,MX,0203292000,47,47,70,70,801057.0,0.0,1802483.0,12,2015
201512,MX,0203294000,47,47,70,70,4744901.0,0.0,9691122.0,12,2015
201601,MX,0203110000,47,47,70,70,327725.0,0.0,498800.0,1,2016
201601,MX,0203121000,47,47,70,70,8762915.0,0.0,12166428.0,1,2016
201601,MX,0203129000,47,47,70,70,19796401.0,0.0,29559465.0,1,2016
201601,MX,0203192000,47,47,70,70,454786.0,0.0,1131828.0,1,2016
201601,MX,0203194000,47,47,70,70,5444198.0,0.0,8956728.0,1,2016
201601,MX,0203210000,47,47,70,70,37421.0,0.0,68065.0,1,2016
201601,MX,0203221000,47,47,70,70,429198.0,0.0,680255.0,1,2016
201601,MX,0203229000,47,47,70,70,2053331.0,0.0,3464184.0,1,2016
201601,MX,0203292000,47,47,70,70,836153.0,0.0,1824405.0,1,2016
201601,MX,0203294000,47,47,70,70,4433070.0,0.0,8020818.0,1,2016
201602,MX,0203110000,47,47,70,70,418272.0,0.0,686685.0,2,2016
201602,MX,0203121000,47,47,70,70,9195553.0,0.0,13504309.0,2,2016
201602,MX,0203129000,47,47,70,70,14109024.0,0.0,23311630.0,2,2016
201602,MX,0203192000,47,47,70,70,698290.0,0.0,1451104.0,2,2016
201602,MX,0203194000,47,47,70,70,7810055.0,0.0,13823790.0,2,2016
201602,MX,0203210000,47,47,70,70,60285.0,0.0,130616.0,2,2016
201602,MX,0203221000,47,47,70,70,82127.0,0.0,183918.0,2,2016
201602,MX,0203229000,47,47,70,70,2094863.0,0.0,3802234.0,2,2016
201602,MX,0203292000,47,47,70,70,977603.0,0.0,2098889.0,2,2016
201602,MX,0203294000,47,47,70,70,4329779.0,0.0,8443336.0,2,2016
201603,MX,0203110000,47,47,70,70,453168.0,0.0,703603.0,3,2016
201603,MX,0203121000,47,47,70,70,8318621.0,0.0,11426801.0,3,2016
201603,MX,0203129000,47,47,70,70,15538111.0,0.0,24191780.0,3,2016
201603,MX,0203192000,47,47,70,70,595970.0,0.0,1180728.0,3,2016
201603,MX,0203194000,47,47,70,70,6003567.0,0.0,10532017.0,3,2016
201603,MX,0203210000,47,47,70,70,19395.0,0.0,39528.0,3,2016
201603,MX,0203221000,47,47,70,70,126289.0,0.0,294694.0,3,2016
201603,MX,0203229000,47,47,70,70,1595420.0,0.0,2924059.0,3,2016
201603,MX,0203292000,47,47,70,70,861780.0,0.0,1818260.0,3,2016
201603,MX,0203294000,47,47,70,70,3859384.0,0.0,7153040.0,3,2016
201604,MX,0203110000,47,47,70,70,968468.0,0.0,1570845.0,4,2016
201604,MX,0203121000,47,47,70,70,10338755.0,0.0,15505793.0,4,2016
201604,MX,0203129000,47,47,70,70,17202224.0,0.0,30170520.0,4,2016
201604,MX,0203192000,47,47,70,70,382926.0,0.0,745540.0,4,2016
201604,MX,0203194000,47,47,70,70,2709915.0,0.0,5276314.0,4,2016
201604,MX,0203210000,47,47,70,70,72078.0,0.0,156021.0,4,2016
201604,MX,0203221000,47,47,70,70,232070.0,0.0,517686.0,4,2016
201604,MX,0203229000,47,47,70,70,2043152.0,0.0,4132976.0,4,2016
201604,MX,0203292000,47,47,70,70,887056.0,0.0,1919881.0,4,2016
201604,MX,0203294000,47,47,70,70,4563678.0,0.0,9095710.0,4,2016
201605,MX,0203110000,47,47,70,70,1328673.0,0.0,2302471.0,5,2016
201605,MX,0203121000,47,47,70,70,12985427.0,0.0,21054239.0,5,2016
201605,MX,0203129000,47,47,70,70,18402211.0,0.0,34749324.0,5,2016
201605,MX,0203192000,47,47,70,70,689755.0,0.0,1472310.0,5,2016
201605,MX,0203194000,47,47,70,70,2011669.0,0.0,4195053.0,5,2016
201605,MX,0203210000,47,47,70,70,102514.0,0.0,247775.0,5,2016
201605,MX,0203221000,47,47,70,70,290414.0,0.0,660053.0,5,2016
201605,MX,0203229000,47,47,70,70,1273813.0,0.0,2979527.0,5,2016
201605,MX,0203292000,47,47,70,70,785322.0,0.0,1965901.0,5,2016
201605,MX,0203294000,47,47,70,70,4655300.0,0.0,9067721.0,5,2016
201606,MX,0203110000,47,47,70,70,1823834.0,0.0,3368925.0,6,2016
201606,MX,0203121000,47,47,70,70,12069173.0,0.0,20935040.0,6,2016
201606,MX,0203129000,47,47,70,70,17262632.0,0.0,34427057.0,6,2016
201606,MX,0203192000,47,47,70,70,608684.0,0.0,1479469.0,6,2016
201606,MX,0203194000,47,47,70,70,2097876.0,0.0,4238088.0,6,2016
201606,MX,0203210000,47,47,70,70,160433.0,0.0,342863.0,6,2016
201606,MX,0203221000,47,47,70,70,237091.0,0.0,532003.0,6,2016
201606,MX,0203229000,47,47,70,70,1835574.0,0.0,4024145.0,6,2016
201606,MX,0203292000,47,47,70,70,977805.0,0.0,2354671.0,6,2016
201606,MX,0203294000,47,47,70,70,3691062.0,0.0,8174609.0,6,2016
201607,MX,0203110000,47,47,70,70,1390626.0,0.0,2728975.0,7,2016
201607,MX,0203121000,47,47,70,70,12913344.0,0.0,24497525.0,7,2016
201607,MX,0203129000,47,47,70,70,18414350.0,0.0,39854385.0,7,2016
201607,MX,0203192000,47,47,70,70,566217.0,0.0,1181304.0,7,2016
201607,MX,0203194000,47,47,70,70,1503253.0,0.0,3082425.0,7,2016
201607,MX,0203210000,47,47,70,70,166074.0,0.0,336998.0,7,2016
201607,MX,0203221000,47,47,70,70,143000.0,0.0,319059.0,7,2016
201607,MX,0203229000,47,47,70,70,1714386.0,0.0,3819986.0,7,2016
201607,MX,0203292000,47,47,70,70,774842.0,0.0,1952882.0,7,2016
201607,MX,0203294000,47,47,70,70,3351291.0,0.0,7801038.0,7,2016
201608,MX,0203110000,47,47,70,70,1778505.0,0.0,3025559.0,8,2016
201608,MX,0203121000,47,47,70,70,14327737.0,0.0,23528931.0,8,2016
201608,MX,0203129000,47,47,70,70,20123444.0,0.0,40022578.0,8,2016
201608,MX,0203192000,47,47,70,70,759958.0,0.0,1641978.0,8,2016
201608,MX,0203194000,47,47,70,70,4844933.0,0.0,9828136.0,8,2016
201608,MX,0203210000,47,47,70,70,231614.0,0.0,515455.0,8,2016
201608,MX,0203221000,47,47,70,70,241357.0,0.0,596727.0,8,2016
201608,MX,0203229000,47,47,70,70,2051937.0,0.0,4543052.0,8,2016
201608,MX,0203292000,47,47,70,70,801502.0,0.0,1935471.0,8,2016
201608,MX,0203294000,47,47,70,70,2742392.0,0.0,6425395.0,8,2016
201609,MX,0203110000,47,47,70,70,1486763.0,0.0,2559781.0,9,2016
201609,MX,0203121000,47,47,70,70,13859285.0,0.0,24158424.0,9,2016
201609,MX,0203129000,47,47,70,70,21257118.0,0.0,42983621.0,9,2016
201609,MX,0203192000,47,47,70,70,625111.0,0.0,1274831.0,9,2016
201609,MX,0203194000,47,47,70,70,6390237.0,0.0,11817101.0,9,2016
201609,MX,0203210000,47,47,70,70,287077.0,0.0,548880.0,9,2016
201609,MX,0203221000,47,47,70,70,388770.0,0.0,1011876.0,9,2016
201609,MX,0203229000,47,47,70,70,1145987.0,0.0,2719218.0,9,2016
201609,MX,0203292000,47,47,70,70,951841.0,0.0,2456842.0,9,2016
201609,MX,0203294000,47,47,70,70,2785811.0,0.0,6393215.0,9,2016
201610,MX,0203110000,47,47,70,70,733469.0,0.0,1649660.0,10,2016
201610,MX,0203121000,47,47,70,70,13531625.0,0.0,17924316.0,10,2016
201610,MX,0203129000,47,47,70,70,22150163.0,0.0,39622226.0,10,2016
201610,MX,0203192000,47,47,70,70,583742.0,0.0,1286505.0,10,2016
201610,MX,0203194000,47,47,70,70,8079612.0,0.0,13147658.0,10,2016
201610,MX,0203210000,47,47,70,70,203015.0,0.0,436548.0,10,2016
201610,MX,0203221000,47,47,70,70,297250.0,0.0,751910.0,10,2016
201610,MX,0203229000,47,47,70,70,1549700.0,0.0,3581278.0,10,2016
201610,MX,0203292000,47,47,70,70,1126503.0,0.0,2842141.0,10,2016
201610,MX,0203294000,47,47,70,70,2874971.0,0.0,6410414.0,10,2016
201611,MX,0203110000,47,47,70,70,479889.0,0.0,727438.0,11,2016
201611,MX,0203121000,47,47,70,70,16733049.0,0.0,26743834.0,11,2016
201611,MX,0203129000,47,47,70,70,22533478.0,0.0,44537286.0,11,2016
201611,MX,0203192000,47,47,70,70,1038243.0,0.0,2457346.0,11,2016
201611,MX,0203194000,47,47,70,70,9754604.0,0.0,17425271.0,11,2016
201611,MX,0203210000,47,47,70,70,396742.0,0.0,818258.0,11,2016
201611,MX,0203221000,47,47,70,70,198828.0,0.0,423711.0,11,2016
201611,MX,0203229000,47,47,70,70,1544758.0,0.0,3225903.0,11,2016
201611,MX,0203292000,47,47,70,70,1145747.0,0.0,3019762.0,11,2016
201611,MX,0203294000,47,47,70,70,4160442.0,0.0,8992914.0,11,2016
201612,MX,0203110000,47,47,70,70,479727.0,0.0,772085.0,12,2016
201612,MX,0203121000,47,47,70,70,15340740.0,0.0,28106030.0,12,2016
201612,MX,0203129000,47,47,70,70,28084595.0,0.0,60203498.0,12,2016
201612,MX,0203192000,47,47,70,70,1327612.0,0.0,3048446.0,12,2016
201612,MX,0203194000,47,47,70,70,10699618.0,0.0,20082380.0,12,2016
201612,MX,0203210000,47,47,70,70,411171.0,0.0,846174.0,12,2016
201612,MX,0203221000,47,47,70,70,213976.0,0.0,461335.0,12,2016
201612,MX,0203229000,47,47,70,70,2052939.0,0.0,4444602.0,12,2016
201612,MX,0203292000,47,47,70,70,956055.0,0.0,2471090.0,12,2016
201612,MX,0203294000,47,47,70,70,3963156.0,0.0,8367828.0,12,2016
201701,MX,0203110000,47,47,70,70,488304.0,0.0,792036.0,1,2017
201701,MX,0203121000,47,47,70,70,17448470.0,0.0,25964295.0,1,2017
201701,MX,0203129000,47,47,70,70,21961535.0,0.0,39912414.0,1,2017
201701,MX,0203192000,47,47,70,70,614818.0,0.0,1314393.0,1,2017
201701,MX,0203194000,47,47,70,70,9726130.0,0.0,16121778.0,1,2017
201701,MX,0203210000,47,47,70,70,174855.0,0.0,349252.0,1,2017
201701,MX,0203221000,47,47,70,70,340099.0,0.0,782711.0,1,2017
201701,MX,0203229000,47,47,70,70,1378313.0,0.0,3155713.0,1,2017
201701,MX,0203292000,47,47,70,70,1087741.0,0.0,2801716.0,1,2017
201701,MX,0203294000,47,47,70,70,2961975.0,0.0,6743756.0,1,2017
201702,MX,0203110000,47,47,70,70,370458.0,0.0,573965.0,2,2017
201702,MX,0203121000,47,47,70,70,15163720.0,0.0,22897419.0,2,2017
201702,MX,0203129000,47,47,70,70,19011052.0,0.0,34651362.0,2,2017
201702,MX,0203192000,47,47,70,70,752502.0,0.0,1479378.0,2,2017
201702,MX,0203194000,47,47,70,70,8796047.0,0.0,14589045.0,2,2017
201702,MX,0203210000,47,47,70,70,25855.0,0.0,58867.0,2,2017
201702,MX,0203221000,47,47,70,70,104413.0,0.0,211929.0,2,2017
201702,MX,0203229000,47,47,70,70,1539024.0,0.0,3432417.0,2,2017
201702,MX,0203292000,47,47,70,70,713721.0,0.0,1731989.0,2,2017
201702,MX,0203294000,47,47,70,70,3472047.0,0.0,7791611.0,2,2017
201703,MX,0203110000,47,47,70,70,444886.0,0.0,693801.0,3,2017
201703,MX,0203121000,47,47,70,70,16223097.0,0.0,24828204.0,3,2017
201703,MX,0203129000,47,47,70,70,19854531.0,0.0,37169626.0,3,2017
201703,MX,0203192000,47,47,70,70,844902.0,0.0,1646383.0,3,2017
201703,MX,0203194000,47,47,70,70,9224289.0,0.0,15886823.0,3,2017
201703,MX,0203210000,47,47,70,70,172324.0,0.0,380691.0,3,2017
201703,MX,0203221000,47,47,70,70,196591.0,0.0,492572.0,3,2017
201703,MX,0203229000,47,47,70,70,1557961.0,0.0,3482834.0,3,2017
201703,MX,0203292000,47,47,70,70,1081275.0,0.0,2610788.0,3,2017
201703,MX,0203294000,47,47,70,70,3312066.0,0.0,7665292.0,3,2017
201704,MX,0203110000,47,47,70,70,269764.0,0.0,426307.0,4,2017
201704,MX,0203121000,47,47,70,70,13518096.0,0.0,19819289.0,4,2017
201704,MX,0203129000,47,47,70,70,17328540.0,0.0,31996063.0,4,2017
201704,MX,0203192000,47,47,70,70,633603.0,0.0,1424578.0,4,2017
201704,MX,0203194000,47,47,70,70,8098370.0,0.0,13781372.0,4,2017
201704,MX,0203210000,47,47,70,70,19277.0,0.0,43462.0,4,2017
201704,MX,0203221000,47,47,70,70,162126.0,0.0,399686.0,4,2017
201704,MX,0203229000,47,47,70,70,1102896.0,0.0,2499950.0,4,2017
201704,MX,0203292000,47,47,70,70,646967.0,0.0,1545846.0,4,2017
201704,MX,0203294000,47,47,70,70,2333123.0,0.0,5071701.0,4,2017
201705,MX,0203110000,47,47,70,70,268014.0,0.0,419813.0,5,2017
201705,MX,0203121000,47,47,70,70,15362715.0,0.0,25676737.0,5,2017
201705,MX,0203129000,47,47,70,70,22436875.0,0.0,42685160.0,5,2017
201705,MX,0203192000,47,47,70,70,693686.0,0.0,1489613.0,5,2017
201705,MX,0203194000,47,47,70,70,8260487.0,0.0,15131753.0,5,2017
201705,MX,0203210000,47,47,70,70,24942.0,0.0,48550.0,5,2017
201705,MX,0203221000,47,47,70,70,299321.0,0.0,755682.0,5,2017
201705,MX,0203229000,47,47,70,70,1160863.0,0.0,2667908.0,5,2017
201705,MX,0203292000,47,47,70,70,918166.0,0.0,2250427.0,5,2017
201705,MX,0203294000,47,47,70,70,3472847.0,0.0,7896848.0,5,2017
201706,MX,0203110000,47,47,70,70,359763.0,0.0,616600.0,6,2017
201706,MX,0203121000,47,47,70,70,12551628.0,0.0,21401173.0,6,2017
201706,MX,0203129000,47,47,70,70,21544236.0,0.0,41862591.0,6,2017
201706,MX,0203192000,47,47,70,70,713853.0,0.0,1461284.0,6,2017
201706,MX,0203194000,47,47,70,70,7205693.0,0.0,13623333.0,6,2017
201706,MX,0203210000,47,47,70,70,36950.0,0.0,79938.0,6,2017
201706,MX,0203221000,47,47,70,70,261101.0,0.0,645968.0,6,2017
201706,MX,0203229000,47,47,70,70,1334942.0,0.0,3044551.0,6,2017
201706,MX,0203292000,47,47,70,70,570726.0,0.0,1432299.0,6,2017
201706,MX,0203294000,47,47,70,70,3933524.0,0.0,9268244.0,6,2017
201707,MX,0203110000,47,47,70,70,288975.0,0.0,538124.0,7,2017
201707,MX,0203121000,47,47,70,70,12649955.0,0.0,24387114.0,7,2017
201707,MX,0203129000,47,47,70,70,18886682.0,0.0,40081752.0,7,2017
201707,MX,0203192000,47,47,70,70,596325.0,0.0,1273651.0,7,2017
201707,MX,0203194000,47,47,70,70,6685209.0,0.0,13836935.0,7,2017
201707,MX,0203210000,47,47,70,70,37756.0,0.0,65035.0,7,2017
201707,MX,0203221000,47,47,70,70,169278.0,0.0,432057.0,7,2017
201707,MX,0203229000,47,47,70,70,1306179.0,0.0,3163275.0,7,2017
201707,MX,0203292000,47,47,70,70,618649.0,0.0,1561741.0,7,2017
201707,MX,0203294000,47,47,70,70,2924423.0,0.0,6918344.0,7,2017
201708,MX,0203110000,47,47,70,70,364589.0,0.0,636271.0,8,2017
201708,MX,0203121000,47,47,70,70,13819843.0,0.0,23441100.0,8,2017
201708,MX,0203129000,47,47,70,70,19812942.0,0.0,39083191.0,8,2017
201708,MX,0203192000,47,47,70,70,881990.0,0.0,1793568.0,8,2017
201708,MX,0203194000,47,47,70,70,8812514.0,0.0,16278616.0,8,2017
201708,MX,0203221000,47,47,70,70,251414.0,0.0,674384.0,8,2017
201708,MX,0203229000,47,47,70,70,1352991.0,0.0,3232322.0,8,2017
201708,MX,0203292000,47,47,70,70,930993.0,0.0,2282208.0,8,2017
201708,MX,0203294000,47,47,70,70,3573169.0,0.0,7973315.0,8,2017
201709,MX,0203110000,47,47,70,70,361420.0,0.0,640820.0,9,2017
201709,MX,0203121000,47,47,70,70,13984985.0,0.0,23484529.0,9,2017
201709,MX,0203129000,47,47,70,70,20386552.0,0.0,39956257.0,9,2017
201709,MX,0203192000,47,47,70,70,802354.0,0.0,1788334.0,9,2017
201709,MX,0203194000,47,47,70,70,9462590.0,0.0,17185875.0,9,2017
201709,MX,0203221000,47,47,70,70,155446.0,0.0,345808.0,9,2017
201709,MX,0203229000,47,47,70,70,1188572.0,0.0,2772809.0,9,2017
201709,MX,0203292000,47,47,70,70,947387.0,0.0,2341120.0,9,2017
201709,MX,0203294000,47,47,70,70,3108858.0,0.0,6902419.0,9,2017
201710,MX,0203110000,47,47,70,70,329061.0,0.0,553488.0,10,2017
201710,MX,0203121000,47,47,70,70,14888222.0,0.0,24406734.0,10,2017
201710,MX,0203129000,47,47,70,70,23245390.0,0.0,43904455.0,10,2017
201710,MX,0203192000,47,47,70,70,885841.0,0.0,1982366.0,10,2017
201710,MX,0203194000,47,47,70,70,9675315.0,0.0,17800818.0,10,2017
201710,MX,0203221000,47,47,70,70,141871.0,0.0,354898.0,10,2017
201710,MX,0203229000,47,47,70,70,1369168.0,0.0,3048983.0,10,2017
201710,MX,0203292000,47,47,70,70,930689.0,0.0,2302449.0,10,2017
201710,MX,0203294000,47,47,70,70,3146087.0,0.0,6918587.0,10,2017
201711,MX,0203110000,47,47,70,70,288226.0,0.0,471185.0,11,2017
201711,MX,0203121000,47,47,70,70,15739436.0,0.0,27177639.0,11,2017
201711,MX,0203129000,47,47,70,70,23508980.0,0.0,45880932.0,11,2017
201711,MX,0203192000,47,47,70,70,1060028.0,0.0,2488249.0,11,2017
201711,MX,0203194000,47,47,70,70,8793774.0,0.0,16865035.0,11,2017
201711,MX,0203210000,47,47,70,70,95246.0,0.0,181117.0,11,2017
201711,MX,0203221000,47,47,70,70,168077.0,0.0,377526.0,11,2017
201711,MX,0203229000,47,47,70,70,2616982.0,0.0,6296626.0,11,2017
201711,MX,0203292000,47,47,70,70,599809.0,0.0,1477302.0,11,2017
201711,MX,0203294000,47,47,70,70,3414257.0,0.0,6750565.0,11,2017
201712,MX,0203110000,47,47,70,70,337517.0,0.0,537007.0,12,2017
201712,MX,0203121000,47,47,70,70,16233230.0,0.0,26135624.0,12,2017
201712,MX,0203129000,47,47,70,70,27472122.0,0.0,50440996.0,12,2017
201712,MX,0203192000,47,47,70,70,1263645.0,0.0,2718516.0,12,2017
201712,MX,0203194000,47,47,70,70,10390712.0,0.0,19064734.0,12,2017
201712,MX,0203221000,47,47,70,70,198684.0,0.0,435073.0,12,2017
201712,MX,0203229000,47,47,70,70,2105040.0,0.0,4385073.0,12,2017
201712,MX,0203292000,47,47,70,70,707156.0,0.0,1779275.0,12,2017
201712,MX,0203294000,47,47,70,70,3064177.0,0.0,6581964.0,12,2017
201801,MX,0203110000,47,47,70,70,483898.0,0.0,748416.0,1,2018
201801,MX,0203121000,47,47,70,70,15098280.0,0.0,23758649.0,1,2018
201801,MX,0203129000,47,47,70,70,24491025.0,0.0,43758065.0,1,2018
201801,MX,0203192000,47,47,70,70,709720.0,0.0,1581359.0,1,2018
201801,MX,0203194000,47,47,70,70,9933884.0,0.0,18490012.0,1,2018
201801,MX,0203210000,47,47,70,70,2592.0,0.0,12619.0,1,2018
201801,MX,0203221000,47,47,70,70,201546.0,0.0,439614.0,1,2018
201801,MX,0203229000,47,47,70,70,1964853.0,0.0,4382709.0,1,2018
201801,MX,0203292000,47,47,70,70,798143.0,0.0,1980394.0,1,2018
201801,MX,0203294000,47,47,70,70,2805585.0,0.0,6100975.0,1,2018
201802,MX,0203110000,47,47,70,70,331182.0,0.0,518367.0,2,2018
201802,MX,0203121000,47,47,70,70,13558148.0,0.0,20884369.0,2,2018
201802,MX,0203129000,47,47,70,70,21524320.0,0.0,38090252.0,2,2018
201802,MX,0203192000,47,47,70,70,473575.0,0.0,978960.0,2,2018
201802,MX,0203194000,47,47,70,70,9268883.0,0.0,17426558.0,2,2018
201802,MX,0203210000,47,47,70,70,5806.0,0.0,18175.0,2,2018
201802,MX,0203221000,47,47,70,70,56300.0,0.0,125411.0,2,2018
201802,MX,0203229000,47,47,70,70,1650350.0,0.0,3670369.0,2,2018
201802,MX,0203292000,47,47,70,70,731842.0,0.0,1866050.0,2,2018
201802,MX,0203294000,47,47,70,70,2333957.0,0.0,5042834.0,2,2018
201803,MX,0203110000,47,47,70,70,304814.0,0.0,460302.0,3,2018
201803,MX,0203121000,47,47,70,70,14415838.0,0.0,21762958.0,3,2018
201803,MX,0203129000,47,47,70,70,23199967.0,0.0,40961686.0,3,2018
201803,MX,0203192000,47,47,70,70,508191.0,0.0,1063394.0,3,2018
201803,MX,0203194000,47,47,70,70,8745470.0,0.0,15667324.0,3,2018
201803,MX,0203210000,47,47,70,70,1255.0,0.0,5891.0,3,2018
201803,MX,0203221000,47,47,70,70,68322.0,0.0,162064.0,3,2018
201803,MX,0203229000,47,47,70,70,1537097.0,0.0,3362641.0,3,2018
201803,MX,0203292000,47,47,70,70,958879.0,0.0,2216846.0,3,2018
201803,MX,0203294000,47,47,70,70,2298600.0,0.0,5098117.0,3,2018
201804,MX,0203110000,47,47,70,70,406989.0,0.0,612815.0,4,2018
201804,MX,0203121000,47,47,70,70,18180830.0,0.0,26055340.0,4,2018
201804,MX,0203129000,47,47,70,70,28628667.0,0.0,46363832.0,4,2018
201804,MX,0203192000,47,47,70,70,510527.0,0.0,1072231.0,4,2018
201804,MX,0203194000,47,47,70,70,10291858.0,0.0,17499357.0,4,2018
201804,MX,0203210000,47,47,70,70,1471.0,0.0,9837.0,4,2018
201804,MX,0203221000,47,47,70,70,255040.0,0.0,565309.0,4,2018
201804,MX,0203229000,47,47,70,70,1860139.0,0.0,3952385.0,4,2018
201804,MX,0203292000,47,47,70,70,1007032.0,0.0,2214997.0,4,2018
201804,MX,0203294000,47,47,70,70,3219220.0,0.0,7169694.0,4,2018
201805,MX,0203110000,47,47,70,70,344930.0,0.0,514469.0,5,2018
201805,MX,0203121000,47,47,70,70,14836723.0,0.0,20027518.0,5,2018
201805,MX,0203129000,47,47,70,70,26629403.0,0.0,40704556.0,5,2018
201805,MX,0203192000,47,47,70,70,802263.0,0.0,1708199.0,5,2018
201805,MX,0203194000,47,47,70,70,8938821.0,0.0,14908341.0,5,2018
201805,MX,0203221000,47,47,70,70,138506.0,0.0,320267.0,5,2018
201805,MX,0203229000,47,47,70,70,1952770.0,0.0,4180963.0,5,2018
201805,MX,0203292000,47,47,70,70,926498.0,0.0,2108370.0,5,2018
201805,MX,0203294000,47,47,70,70,2707449.0,0.0,5991360.0,5,2018
201806,MX,0203110000,47,47,70,70,368145.0,0.0,557026.0,6,2018
201806,MX,0203121000,47,47,70,70,13069945.0,0.0,20160504.0,6,2018
201806,MX,0203129000,47,47,70,70,21528670.0,0.0,36489270.0,6,2018
201806,MX,0203192000,47,47,70,70,805107.0,0.0,1714459.0,6,2018
201806,MX,0203194000,47,47,70,70,7065116.0,0.0,12956110.0,6,2018
201806,MX,0203210000,47,47,70,70,1697.0,0.0,3293.0,6,2018
201806,MX,0203221000,47,47,70,70,58616.0,0.0,115570.0,6,2018
201806,MX,0203229000,47,47,70,70,1216884.0,0.0,2579402.0,6,2018
201806,MX,0203292000,47,47,70,70,910029.0,0.0,2017296.0,6,2018
201806,MX,0203294000,47,47,70,70,3016017.0,0.0,6209116.0,6,2018
201807,MX,0203110000,47,47,70,70,419471.0,0.0,673777.0,7,2018
201807,MX,0203121000,47,47,70,70,12601849.0,0.0,17630657.0,7,2018
201807,MX,0203129000,47,47,70,70,21127231.0,0.0,30703141.0,7,2018
201807,MX,0203192000,47,47,70,70,747056.0,0.0,1525105.0,7,2018
201807,MX,0203194000,47,47,70,70,5405528.0,0.0,9152744.0,7,2018
201807,MX,0203221000,47,47,70,70,136902.0,0.0,281884.0,7,2018
201807,MX,0203229000,47,47,70,70,1179769.0,0.0,2342701.0,7,2018
201807,MX,0203292000,47,47,70,70,640558.0,0.0,1413604.0,7,2018
201807,MX,0203294000,47,47,70,70,2656907.0,0.0,5281919.0,7,2018
201808,MX,0203110000,47,47,70,70,778061.0,0.0,1327886.0,8,2018
201808,MX,0203121000,47,47,70,70,12785522.0,0.0,18593340.0,8,2018
201808,MX,0203129000,47,47,70,70,22894020.0,0.0,34585402.0,8,2018
201808,MX,0203192000,47,47,70,70,847248.0,0.0,1613180.0,8,2018
201808,MX,0203194000,47,47,70,70,7608450.0,0.0,12701322.0,8,2018
201808,MX,0203210000,47,47,70,70,1728.0,0.0,3331.0,8,2018
201808,MX,0203221000,47,47,70,70,213761.0,0.0,401436.0,8,2018
201808,MX,0203229000,47,47,70,70,1468975.0,0.0,3016347.0,8,2018
201808,MX,0203292000,47,47,70,70,515340.0,0.0,1449070.0,8,2018
201808,MX,0203294000,47,47,70,70,2709904.0,0.0,5251580.0,8,2018
201809,MX,0203110000,47,47,70,70,740343.0,0.0,1233581.0,9,2018
201809,MX,0203121000,47,47,70,70,12851499.0,0.0,17624397.0,9,2018
201809,MX,0203129000,47,47,70,70,21135788.0,0.0,30565740.0,9,2018
201809,MX,0203192000,47,47,70,70,965530.0,0.0,1870685.0,9,2018
201809,MX,0203194000,47,47,70,70,6605337.0,0.0,10943675.0,9,2018
201809,MX,0203210000,47,47,70,70,29521.0,0.0,71659.0,9,2018
201809,MX,0203221000,47,47,70,70,189066.0,0.0,347660.0,9,2018
201809,MX,0203229000,47,47,70,70,1513630.0,0.0,2976453.0,9,2018
201809,MX,0203292000,47,47,70,70,615071.0,0.0,1500525.0,9,2018
201809,MX,0203294000,47,47,70,70,2039671.0,0.0,3866264.0,9,2018
201810,MX,0203110000,47,47,70,70,555687.0,0.0,902214.0,10,2018
201810,MX,0203121000,47,47,70,70,16809964.0,0.0,22747298.0,10,2018
201810,MX,0203129000,47,47,70,70,24284149.0,0.0,35848141.0,10,2018
201810,MX,0203192000,47,47,70,70,752691.0,0.0,1506127.0,10,2018
201810,MX,0203194000,47,47,70,70,6341049.0,0.0,10705756.0,10,2018
201810,MX,0203210000,47,47,70,70,10598.0,0.0,69314.0,10,2018
201810,MX,0203221000,47,47,70,70,158662.0,0.0,306395.0,10,2018
201810,MX,0203229000,47,47,70,70,1410159.0,0.0,2827306.0,10,2018
201810,MX,0203292000,47,47,70,70,619537.0,0.0,1418908.0,10,2018
201810,MX,0203294000,47,47,70,70,3099540.0,0.0,6156398.0,10,2018
201811,MX,0203110000,47,47,70,70,419294.0,0.0,635748.0,11,2018
201811,MX,0203121000,47,47,70,70,14953786.0,0.0,19058946.0,11,2018
201811,MX,0203129000,47,47,70,70,20417646.0,0.0,27220920.0,11,2018
201811,MX,0203192000,47,47,70,70,821433.0,0.0,1643273.0,11,2018
201811,MX,0203194000,47,47,70,70,7601451.0,0.0,11971208.0,11,2018
201811,MX,0203210000,47,47,70,70,1514.0,0.0,9902.0,11,2018
201811,MX,0203221000,47,47,70,70,72200.0,0.0,153165.0,11,2018
201811,MX,0203229000,47,47,70,70,1843415.0,0.0,4586422.0,11,2018
201811,MX,0203292000,47,47,70,70,385222.0,0.0,1091698.0,11,2018
201811,MX,0203294000,47,47,70,70,2689543.0,0.0,5171047.0,11,2018
201812,MX,0203110000,47,47,70,70,424763.0,0.0,632464.0,12,2018
201812,MX,0203121000,47,47,70,70,14449462.0,0.0,19468910.0,12,2018
201812,MX,0203129000,47,47,70,70,19594866.0,0.0,28090753.0,12,2018
201812,MX,0203192000,47,47,70,70,978742.0,0.0,2014578.0,12,2018
201812,MX,0203194000,47,47,70,70,8452601.0,0.0,13053866.0,12,2018
201812,MX,0203210000,47,47,70,70,18207.0,0.0,34433.0,12,2018
201812,MX,0203221000,47,47,70,70,106522.0,0.0,208883.0,12,2018
201812,MX,0203229000,47,47,70,70,1510130.0,0.0,3452498.0,12,2018
201812,MX,0203292000,47,47,70,70,512981.0,0.0,1232764.0,12,2018
201812,MX,0203294000,47,47,70,70,2810815.0,0.0,5227706.0,12,2018
201901,MX,0203110000,47,47,70,70,504763.0,0.0,732979.0,1,2019
201901,MX,0203121000,47,47,70,70,15860712.0,0.0,19884345.0,1,2019
201901,MX,0203129000,47,47,70,70,22414363.0,0.0,28446393.0,1,2019
201901,MX,0203192000,47,47,70,70,567588.0,0.0,1128672.0,1,2019
201901,MX,0203194000,47,47,70,70,6631687.0,0.0,9785543.0,1,2019
201901,MX,0203210000,47,47,70,70,360.0,0.0,2829.0,1,2019
201901,MX,0203221000,47,47,70,70,151257.0,0.0,318602.0,1,2019
201901,MX,0203229000,47,47,70,70,1343507.0,0.0,2711186.0,1,2019
201901,MX,0203292000,47,47,70,70,502771.0,0.0,993381.0,1,2019
201901,MX,0203294000,47,47,70,70,2579524.0,0.0,5189270.0,1,2019
201902,MX,0203110000,47,47,70,70,377879.0,0.0,560185.0,2,2019
201902,MX,0203121000,47,47,70,70,12213551.0,0.0,13513875.0,2,2019
201902,MX,0203129000,47,47,70,70,18499306.0,0.0,22771969.0,2,2019
201902,MX,0203192000,47,47,70,70,519828.0,0.0,1048114.0,2,2019
201902,MX,0203194000,47,47,70,70,6104307.0,0.0,8835640.0,2,2019
201902,MX,0203210000,47,47,70,70,26932.0,0.0,82102.0,2,2019
201902,MX,0203221000,47,47,70,70,145035.0,0.0,289216.0,2,2019
201902,MX,0203229000,47,47,70,70,1035911.0,0.0,2041807.0,2,2019
201902,MX,0203292000,47,47,70,70,592676.0,0.0,1190776.0,2,2019
201902,MX,0203294000,47,47,70,70,2138895.0,0.0,4095968.0,2,2019
201903,MX,0203110000,47,47,70,70,514913.0,0.0,826281.0,3,2019
201903,MX,0203121000,47,47,70,70,13606353.0,0.0,18108176.0,3,2019
201903,MX,0203129000,47,47,70,70,20372078.0,0.0,29026895.0,3,2019
201903,MX,0203192000,47,47,70,70,424263.0,0.0,860154.0,3,2019
201903,MX,0203194000,47,47,70,70,6075395.0,0.0,9997312.0,3,2019
201903,MX,0203221000,47,47,70,70,79726.0,0.0,150656.0,3,2019
201903,MX,0203229000,47,47,70,70,1122212.0,0.0,2235354.0,3,2019
201903,MX,0203292000,47,47,70,70,411751.0,0.0,908378.0,3,2019
201903,MX,0203294000,47,47,70,70,2471790.0,0.0,4691009.0,3,2019
201904,MX,0203110000,47,47,70,70,331131.0,0.0,557490.0,4,2019
201904,MX,0203121000,47,47,70,70,12245125.0,0.0,19587328.0,4,2019
201904,MX,0203129000,47,47,70,70,21382579.0,0.0,34564925.0,4,2019
201904,MX,0203192000,47,47,70,70,486172.0,0.0,1016192.0,4,2019
201904,MX,0203194000,47,47,70,70,3781393.0,0.0,7229346.0,4,2019
201904,MX,0203210000,47,47,70,70,1682.0,0.0,4152.0,4,2019
201904,MX,0203221000,47,47,70,70,101397.0,0.0,181771.0,4,2019
201904,MX,0203229000,47,47,70,70,1198866.0,0.0,2409299.0,4,2019
201904,MX,0203292000,47,47,70,70,370403.0,0.0,772163.0,4,2019
201904,MX,0203294000,47,47,70,70,2322125.0,0.0,4588349.0,4,2019
201905,MX,0203110000,47,47,70,70,445541.0,0.0,681428.0,5,2019
201905,MX,0203121000,47,47,70,70,10959391.0,0.0,19771767.0,5,2019
201905,MX,0203129000,47,47,70,70,18661616.0,0.0,33544439.0,5,2019
201905,MX,0203192000,47,47,70,70,574795.0,0.0,1235861.0,5,2019
201905,MX,0203194000,47,47,70,70,3065908.0,0.0,6658021.0,5,2019
201905,MX,0203210000,47,47,70,70,3621.0,0.0,13479.0,5,2019
201905,MX,0203221000,47,47,70,70,154632.0,0.0,359909.0,5,2019
201905,MX,0203229000,47,47,70,70,1298044.0,0.0,2875931.0,5,2019
201905,MX,0203292000,47,47,70,70,367562.0,0.0,782472.0,5,2019
201905,MX,0203294000,47,47,70,70,2513454.0,0.0,5221480.0,5,2019
201906,MX,0203110000,47,47,70,70,466072.0,0.0,786198.0,6,2019
201906,MX,0203121000,47,47,70,70,11330801.0,0.0,21079837.0,6,2019
201906,MX,0203129000,47,47,70,70,23243448.0,0.0,43133183.0,6,2019
201906,MX,0203192000,47,47,70,70,480734.0,0.0,1043772.0,6,2019
201906,MX,0203194000,47,47,70,70,5134905.0,0.0,10521328.0,6,2019
201906,MX,0203210000,47,47,70,70,13147.0,0.0,36798.0,6,2019
201906,MX,0203221000,47,47,70,70,173009.0,0.0,404514.0,6,2019
201906,MX,0203229000,47,47,70,70,2398306.0,0.0,6140361.0,6,2019
201906,MX,0203292000,47,47,70,70,774527.0,0.0,1876195.0,6,2019
201906,MX,0203294000,47,47,70,70,2612057.0,0.0,5468121.0,6,2019
201907,MX,0203110000,47,47,70,70,494646.0,0.0,819137.0,7,2019
201907,MX,0203121000,47,47,70,70,14006654.0,0.0,23431170.0,7,2019
201907,MX,0203129000,47,47,70,70,25555601.0,0.0,43063899.0,7,2019
201907,MX,0203192000,47,47,70,70,728311.0,0.0,1551898.0,7,2019
201907,MX,0203194000,47,47,70,70,4973738.0,0.0,10275709.0,7,2019
201907,MX,0203210000,47,47,70,70,14802.0,0.0,46170.0,7,2019
201907,MX,0203221000,47,47,70,70,215239.0,0.0,407143.0,7,2019
201907,MX,0203229000,47,47,70,70,2540560.0,0.0,6539231.0,7,2019
201907,MX,0203292000,47,47,70,70,550385.0,0.0,1276756.0,7,2019
201907,MX,0203294000,47,47,70,70,3370354.0,0.0,7450578.0,7,2019
201908,MX,0203110000,47,47,70,70,545319.0,0.0,876054.0,8,2019
201908,MX,0203121000,47,47,70,70,11491078.0,0.0,21291385.0,8,2019
201908,MX,0203129000,47,47,70,70,24043909.0,0.0,44576086.0,8,2019
201908,MX,0203192000,47,47,70,70,632957.0,0.0,1369220.0,8,2019
201908,MX,0203194000,47,47,70,70,5607979.0,0.0,11328789.0,8,2019
201908,MX,0203210000,47,47,70,70,20042.0,0.0,45676.0,8,2019
201908,MX,0203221000,47,47,70,70,164561.0,0.0,339588.0,8,2019
201908,MX,0203229000,47,47,70,70,1516571.0,0.0,3514823.0,8,2019
201908,MX,0203292000,47,47,70,70,791682.0,0.0,1793324.0,8,2019
201908,MX,0203294000,47,47,70,70,3696829.0,0.0,8861712.0,8,2019
201909,MX,0203110000,47,47,70,70,484532.0,0.0,737281.0,9,2019
201909,MX,0203121000,47,47,70,70,11139839.0,0.0,16392728.0,9,2019
201909,MX,0203129000,47,47,70,70,22463223.0,0.0,34339781.0,9,2019
201909,MX,0203192000,47,47,70,70,585872.0,0.0,1296320.0,9,2019
201909,MX,0203194000,47,47,70,70,5550521.0,0.0,10514199.0,9,2019
201909,MX,0203210000,47,47,70,70,2007.0,0.0,10571.0,9,2019
201909,MX,0203221000,47,47,70,70,92058.0,0.0,185925.0,9,2019
201909,MX,0203229000,47,47,70,70,1414755.0,0.0,3238748.0,9,2019
201909,MX,0203292000,47,47,70,70,856627.0,0.0,1772849.0,9,2019
201909,MX,0203294000,47,47,70,70,2496246.0,0.0,5347184.0,9,2019
201910,MX,0203110000,47,47,70,70,522925.0,0.0,784101.0,10,2019
201910,MX,0203121000,47,47,70,70,9892199.0,0.0,15507437.0,10,2019
201910,MX,0203129000,47,47,70,70,22119598.0,0.0,35132942.0,10,2019
201910,MX,0203192000,47,47,70,70,402506.0,0.0,874558.0,10,2019
201910,MX,0203194000,47,47,70,70,4967051.0,0.0,9779457.0,10,2019
201910,MX,0203210000,47,47,70,70,759.0,0.0,6993.0,10,2019
201910,MX,0203221000,47,47,70,70,53311.0,0.0,111416.0,10,2019
201910,MX,0203229000,47,47,70,70,1433283.0,0.0,3403276.0,10,2019
201910,MX,0203292000,47,47,70,70,616024.0,0.0,1500306.0,10,2019
201910,MX,0203294000,47,47,70,70,2433169.0,0.0,5133329.0,10,2019
201911,MX,0203110000,47,47,70,70,463440.0,0.0,727224.0,11,2019
201911,MX,0203121000,47,47,70,70,10458512.0,0.0,21862388.0,11,2019
201911,MX,0203129000,47,47,70,70,24431766.0,0.0,50543225.0,11,2019
201911,MX,0203192000,47,47,70,70,745499.0,0.0,1692755.0,11,2019
201911,MX,0203194000,47,47,70,70,5299187.0,0.0,12099099.0,11,2019
201911,MX,0203221000,47,47,70,70,109309.0,0.0,260143.0,11,2019
201911,MX,0203229000,47,47,70,70,1473710.0,0.0,3544841.0,11,2019
201911,MX,0203292000,47,47,70,70,947193.0,0.0,2282092.0,11,2019
201911,MX,0203294000,47,47,70,70,2287769.0,0.0,5424918.0,11,2019
201912,MX,0203110000,47,47,70,70,499074.0,0.0,845873.0,12,2019
201912,MX,0203121000,47,47,70,70,11818091.0,0.0,23395738.0,12,2019
201912,MX,0203129000,47,47,70,70,27145854.0,0.0,53170460.0,12,2019
201912,MX,0203192000,47,47,70,70,1157646.0,0.0,2677898.0,12,2019
201912,MX,0203194000,47,47,70,70,7662662.0,0.0,17198384.0,12,2019
201912,MX,0203221000,47,47,70,70,47732.0,0.0,116193.0,12,2019
201912,MX,0203229000,47,47,70,70,1798394.0,0.0,4559277.0,12,2019
201912,MX,0203292000,47,47,70,70,914275.0,0.0,2126143.0,12,2019
201912,MX,0203294000,47,47,70,70,2639167.0,0.0,6382995.0,12,2019
202001,MX,0203110000,47,47,70,70,598369.0,0.0,1003813.0,1,2020
202001,MX,0203121000,47,47,70,70,12379402.0,0.0,22189655.0,1,2020
202001,MX,0203129000,47,47,70,70,30121063.0,0.0,54261753.0,1,2020
202001,MX,0203192000,47,47,70,70,1166438.0,0.0,2421835.0,1,2020
202001,MX,0203194000,47,47,70,70,6090322.0,0.0,12730123.0,1,2020
202001,MX,0203221000,47,47,70,70,71932.0,0.0,158987.0,1,2020
202001,MX,0203229000,47,47,70,70,1741941.0,0.0,4277617.0,1,2020
202001,MX,0203292000,47,47,70,70,1072620.0,0.0,2808769.0,1,2020
202001,MX,0203294000,47,47,70,70,3338688.0,0.0,8120551.0,1,2020
202002,MX,0203110000,47,47,70,70,525647.0,0.0,843653.0,2,2020
202002,MX,0203121000,47,47,70,70,10890548.0,0.0,16472830.0,2,2020
202002,MX,0203129000,47,47,70,70,25237569.0,0.0,39251322.0,2,2020
202002,MX,0203192000,47,47,70,70,801386.0,0.0,1711019.0,2,2020
202002,MX,0203194000,47,47,70,70,6136933.0,0.0,12099395.0,2,2020
202002,MX,0203210000,47,47,70,70,46114.0,0.0,78932.0,2,2020
202002,MX,0203221000,47,47,70,70,35258.0,0.0,85156.0,2,2020
202002,MX,0203229000,47,47,70,70,1571393.0,0.0,3831472.0,2,2020
202002,MX,0203292000,47,47,70,70,988716.0,0.0,2500717.0,2,2020
202002,MX,0203294000,47,47,70,70,3733025.0,0.0,9295051.0,2,2020
202003,MX,0203110000,47,47,70,70,365964.0,0.0,628459.0,3,2020
202003,MX,0203121000,47,47,70,70,11654442.0,0.0,17228357.0,3,2020
202003,MX,0203129000,47,47,70,70,27039363.0,0.0,40565901.0,3,2020
202003,MX,0203192000,47,47,70,70,806409.0,0.0,1619228.0,3,2020
202003,MX,0203194000,47,47,70,70,5258768.0,0.0,10881416.0,3,2020
202003,MX,0203210000,47,47,70,70,18570.0,0.0,27961.0,3,2020
202003,MX,0203221000,47,47,70,70,99459.0,0.0,192010.0,3,2020
202003,MX,0203229000,47,47,70,70,1798077.0,0.0,4515377.0,3,2020
202003,MX,0203292000,47,47,70,70,1304599.0,0.0,3309445.0,3,2020
202003,MX,0203294000,47,47,70,70,2684588.0,0.0,6024221.0,3,2020
202004,MX,0203110000,47,47,70,70,44028.0,0.0,212058.0,4,2020
202004,MX,0203121000,47,47,70,70,10847931.0,0.0,10706292.0,4,2020
202004,MX,0203129000,47,47,70,70,17643572.0,0.0,24413328.0,4,2020
202004,MX,0203192000,47,47,70,70,570830.0,0.0,1128446.0,4,2020
202004,MX,0203194000,47,47,70,70,2592947.0,0.0,5004186.0,4,2020
202004,MX,0203221000,47,47,70,70,126298.0,0.0,303050.0,4,2020
202004,MX,0203229000,47,47,70,70,1056151.0,0.0,2337902.0,4,2020
202004,MX,0203292000,47,47,70,70,581358.0,0.0,1125849.0,4,2020
202004,MX,0203294000,47,47,70,70,2013562.0,0.0,4221357.0,4,2020
202005,MX,0203110000,47,47,70,70,87444.0,0.0,367525.0,5,2020
202005,MX,0203121000,47,47,70,70,8085866.0,0.0,9450895.0,5,2020
202005,MX,0203129000,47,47,70,70,16120217.0,0.0,22605800.0,5,2020
202005,MX,0203192000,47,47,70,70,298729.0,0.0,631934.0,5,2020
202005,MX,0203194000,47,47,70,70,2733734.0,0.0,5033976.0,5,2020
202005,MX,0203221000,47,47,70,70,120112.0,0.0,228786.0,5,2020
202005,MX,0203229000,47,47,70,70,1310991.0,0.0,2802278.0,5,2020
202005,MX,0203292000,47,47,70,70,385098.0,0.0,979658.0,5,2020
202005,MX,0203294000,47,47,70,70,1533620.0,0.0,3029117.0,5,2020
202006,MX,0203110000,47,47,70,70,122892.0,0.0,538918.0,6,2020
202006,MX,0203121000,47,47,70,70,10725161.0,0.0,10953976.0,6,2020
202006,MX,0203129000,47,47,70,70,20874758.0,0.0,26210784.0,6,2020
202006,MX,0203192000,47,47,70,70,419367.0,0.0,957489.0,6,2020
202006,MX,0203194000,47,47,70,70,3664644.0,0.0,6526996.0,6,2020
202006,MX,0203210000,47,47,70,70,17194.0,0.0,17391.0,6,2020
202006,MX,0203221000,47,47,70,70,32516.0,0.0,66793.0,6,2020
202006,MX,0203229000,47,47,70,70,1518642.0,0.0,3275626.0,6,2020
202006,MX,0203292000,47,47,70,70,459952.0,0.0,1049482.0,6,2020
202006,MX,0203294000,47,47,70,70,1766675.0,0.0,3453261.0,6,2020
202007,MX,0203110000,47,47,70,70,139564.0,0.0,613953.0,7,2020
202007,MX,0203121000,47,47,70,70,12716175.0,0.0,14474955.0,7,2020
202007,MX,0203129000,47,47,70,70,25160602.0,0.0,32399750.0,7,2020
202007,MX,0203192000,47,47,70,70,726408.0,0.0,1393465.0,7,2020
202007,MX,0203194000,47,47,70,70,3812783.0,0.0,7012265.0,7,2020
202007,MX,0203210000,47,47,70,70,19875.0,0.0,38074.0,7,2020
202007,MX,0203221000,47,47,70,70,177475.0,0.0,345061.0,7,2020
202007,MX,0203229000,47,47,70,70,1300429.0,0.0,2721492.0,7,2020
202007,MX,0203292000,47,47,70,70,409503.0,0.0,890805.0,7,2020
202007,MX,0203294000,47,47,70,70,2307498.0,0.0,4307599.0,7,2020
202008,MX,0203110000,47,47,70,70,124831.0,0.0,601237.0,8,2020
202008,MX,0203121000,47,47,70,70,14480338.0,0.0,16763439.0,8,2020
202008,MX,0203129000,47,47,70,70,22404551.0,0.0,27612891.0,8,2020
202008,MX,0203192000,47,47,70,70,535027.0,0.0,1008438.0,8,2020
202008,MX,0203194000,47,47,70,70,3753726.0,0.0,6702445.0,8,2020
202008,MX,0203210000,47,47,70,70,24238.0,0.0,48657.0,8,2020
202008,MX,0203221000,47,47,70,70,29470.0,0.0,55739.0,8,2020
202008,MX,0203229000,47,47,70,70,1183782.0,0.0,2516405.0,8,2020
202008,MX,0203292000,47,47,70,70,444246.0,0.0,952180.0,8,2020
202008,MX,0203294000,47,47,70,70,2146109.0,0.0,3918363.0,8,2020
202009,MX,0203110000,47,47,70,70,170787.0,0.0,758017.0,9,2020
202009,MX,0203121000,47,47,70,70,15380960.0,0.0,21753254.0,9,2020
202009,MX,0203129000,47,47,70,70,22881570.0,0.0,33123724.0,9,2020
202009,MX,0203192000,47,47,70,70,571618.0,0.0,1078042.0,9,2020
202009,MX,0203194000,47,47,70,70,3307588.0,0.0,6339424.0,9,2020
202009,MX,0203210000,47,47,70,70,18506.0,0.0,35000.0,9,2020
202009,MX,0203221000,47,47,70,70,78747.0,0.0,180315.0,9,2020
202009,MX,0203229000,47,47,70,70,1241031.0,0.0,2748858.0,9,2020
202009,MX,0203292000,47,47,70,70,410894.0,0.0,969805.0,9,2020
202009,MX,0203294000,47,47,70,70,2415518.0,0.0,4264381.0,9,2020
202010,MX,0203110000,47,47,70,70,132806.0,0.0,639634.0,10,2020
202010,MX,0203121000,47,47,70,70,17048774.0,0.0,26887443.0,10,2020
202010,MX,0203129000,47,47,70,70,22958777.0,0.0,37226545.0,10,2020
202010,MX,0203192000,47,47,70,70,710140.0,0.0,1276032.0,10,2020
202010,MX,0203194000,47,47,70,70,3559576.0,0.0,7319407.0,10,2020
202010,MX,0203210000,47,47,70,70,18370.0,0.0,40000.0,10,2020
202010,MX,0203221000,47,47,70,70,151431.0,0.0,337339.0,10,2020
202010,MX,0203229000,47,47,70,70,1131099.0,0.0,2684883.0,10,2020
202010,MX,0203292000,47,47,70,70,586329.0,0.0,1259329.0,10,2020
202010,MX,0203294000,47,47,70,70,2743159.0,0.0,5653940.0,10,2020
202011,MX,0203110000,47,47,70,70,272496.0,0.0,728416.0,11,2020
202011,MX,0203121000,47,47,70,70,17233290.0,0.0,29138595.0,11,2020
202011,MX,0203129000,47,47,70,70,24136618.0,0.0,42427343.0,11,2020
202011,MX,0203192000,47,47,70,70,708295.0,0.0,1515006.0,11,2020
202011,MX,0203194000,47,47,70,70,5528756.0,0.0,11294193.0,11,2020
202011,MX,0203210000,47,47,70,70,37183.0,0.0,64059.0,11,2020
202011,MX,0203221000,47,47,70,70,134243.0,0.0,346859.0,11,2020
202011,MX,0203229000,47,47,70,70,1119644.0,0.0,2764803.0,11,2020
202011,MX,0203292000,47,47,70,70,651054.0,0.0,1532351.0,11,2020
202011,MX,0203294000,47,47,70,70,4018904.0,0.0,8953498.0,11,2020
202012,MX,0203110000,47,47,70,70,507762.0,0.0,807429.0,12,2020
202012,MX,0203121000,47,47,70,70,19233672.0,0.0,31710141.0,12,2020
202012,MX,0203129000,47,47,70,70,27506592.0,0.0,46806420.0,12,2020
202012,MX,0203192000,47,47,70,70,1506303.0,0.0,3254379.0,12,2020
202012,MX,0203194000,47,47,70,70,6833783.0,0.0,14635723.0,12,2020
202012,MX,0203210000,47,47,70,70,74763.0,0.0,146903.0,12,2020
202012,MX,0203221000,47,47,70,70,140117.0,0.0,297315.0,12,2020
202012,MX,0203229000,47,47,70,70,885644.0,0.0,2251820.0,12,2020
202012,MX,0203292000,47,47,70,70,856387.0,0.0,2000259.0,12,2020
202012,MX,0203294000,47,47,70,70,3217704.0,0.0,7316667.0,12,2020
202101,MX,0203110000,47,47,70,70,534564.0,0.0,841257.0,1,2021
202101,MX,0203121000,47,47,70,70,19989383.0,0.0,31485508.0,1,2021
202101,MX,0203129000,47,47,70,70,21745936.0,0.0,33669282.0,1,2021
202101,MX,0203192000,47,47,70,70,953372.0,0.0,2156084.0,1,2021
202101,MX,0203194000,47,47,70,70,4431443.0,0.0,8415646.0,1,2021
202101,MX,0203210000,47,47,70,70,19038.0,0.0,34105.0,1,2021
202101,MX,0203221000,47,47,70,70,131729.0,0.0,305548.0,1,2021
202101,MX,0203229000,47,47,70,70,301127.0,0.0,698047.0,1,2021
202101,MX,0203292000,47,47,70,70,1522759.0,0.0,4222252.0,1,2021
202101,MX,0203294000,47,47,70,70,2927459.0,0.0,6319027.0,1,2021
202102,MX,0203110000,47,47,70,70,516747.0,0.0,852014.0,2,2021
202102,MX,0203121000,47,47,70,70,15592274.0,0.0,26430641.0,2,2021
202102,MX,0203129000,47,47,70,70,21230454.0,0.0,35914732.0,2,2021
202102,MX,0203192000,47,47,70,70,1011759.0,0.0,2153465.0,2,2021
202102,MX,0203194000,47,47,70,70,3374893.0,0.0,6978779.0,2,2021
202102,MX,0203210000,47,47,70,70,35441.0,0.0,88732.0,2,2021
202102,MX,0203221000,47,47,70,70,214568.0,0.0,518005.0,2,2021
202102,MX,0203229000,47,47,70,70,130216.0,0.0,208779.0,2,2021
202102,MX,0203292000,47,47,70,70,1122547.0,0.0,2826666.0,2,2021
202102,MX,0203294000,47,47,70,70,2589096.0,0.0,6058127.0,2,2021
202103,MX,0203110000,47,47,70,70,592502.0,0.0,1117932.0,3,2021
202103,MX,0203121000,47,47,70,70,18892593.0,0.0,34310212.0,3,2021
202103,MX,0203129000,47,47,70,70,24088462.0,0.0,44003486.0,3,2021
202103,MX,0203192000,47,47,70,70,1219269.0,0.0,2548277.0,3,2021
202103,MX,0203194000,47,47,70,70,4314199.0,0.0,9622123.0,3,2021
202103,MX,0203210000,47,47,70,70,89010.0,0.0,229863.0,3,2021
202103,MX,0203221000,47,47,70,70,249697.0,0.0,625943.0,3,2021
202103,MX,0203229000,47,47,70,70,194917.0,0.0,382805.0,3,2021
202103,MX,0203292000,47,47,70,70,1302818.0,0.0,3480594.0,3,2021
202103,MX,0203294000,47,47,70,70,2617319.0,0.0,6399846.0,3,2021
202104,MX,0203110000,47,47,70,70,325864.0,0.0,677910.0,4,2021
202104,MX,0203121000,47,47,70,70,19052576.0,0.0,38176009.0,4,2021
202104,MX,0203129000,47,47,70,70,23923394.0,0.0,48490059.0,4,2021
202104,MX,0203192000,47,47,70,70,2085246.0,0.0,4679596.0,4,2021
202104,MX,0203194000,47,47,70,70,5147697.0,0.0,12064175.0,4,2021
202104,MX,0203210000,47,47,70,70,40626.0,0.0,93217.0,4,2021
202104,MX,0203221000,47,47,70,70,189281.0,0.0,522415.0,4,2021
202104,MX,0203229000,47,47,70,70,291977.0,0.0,872055.0,4,2021
202104,MX,0203292000,47,47,70,70,1127008.0,0.0,3512299.0,4,2021
202104,MX,0203294000,47,47,70,70,2755042.0,0.0,6210344.0,4,2021
202105,MX,0203110000,47,47,70,70,659711.0,0.0,1388218.0,5,2021
202105,MX,0203121000,47,47,70,70,20670059.0,0.0,41274187.0,5,2021
202105,MX,0203129000,47,47,70,70,25878585.0,0.0,52364623.0,5,2021
202105,MX,0203192000,47,47,70,70,2372778.0,0.0,4986491.0,5,2021
202105,MX,0203194000,47,47,70,70,5832119.0,0.0,12363971.0,5,2021
202105,MX,0203210000,47,47,70,70,35361.0,0.0,102415.0,5,2021
202105,MX,0203221000,47,47,70,70,295117.0,0.0,749923.0,5,2021
202105,MX,0203229000,47,47,70,70,331643.0,0.0,990815.0,5,2021
202105,MX,0203292000,47,47,70,70,1390743.0,0.0,3884050.0,5,2021
202105,MX,0203294000,47,47,70,70,2281342.0,0.0,5949900.0,5,2021
202106,MX,0203110000,47,47,70,70,367852.0,0.0,850250.0,6,2021
202106,MX,0203121000,47,47,70,70,23007783.0,0.0,44580688.0,6,2021
202106,MX,0203129000,47,47,70,70,24418422.0,0.0,48493080.0,6,2021
202106,MX,0203192000,47,47,70,70,1399954.0,0.0,3012121.0,6,2021
202106,MX,0203194000,47,47,70,70,5250362.0,0.0,11044436.0,6,2021
202106,MX,0203210000,47,47,70,70,39750.0,0.0,111145.0,6,2021
202106,MX,0203221000,47,47,70,70,175521.0,0.0,497305.0,6,2021
202106,MX,0203229000,47,47,70,70,236438.0,0.0,490036.0,6,2021
202106,MX,0203292000,47,47,70,70,1475382.0,0.0,4718689.0,6,2021
202106,MX,0203294000,47,47,70,70,2916097.0,0.0,7768699.0,6,2021
202107,MX,0203110000,47,47,70,70,400896.0,0.0,919639.0,7,2021
202107,MX,0203121000,47,47,70,70,19113764.0,0.0,39831755.0,7,2021
202107,MX,0203129000,47,47,70,70,24375861.0,0.0,50765760.0,7,2021
202107,MX,0203192000,47,47,70,70,1286865.0,0.0,2836138.0,7,2021
202107,MX,0203194000,47,47,70,70,4929763.0,0.0,10715057.0,7,2021
202107,MX,0203210000,47,47,70,70,18912.0,0.0,35000.0,7,2021
202107,MX,0203221000,47,47,70,70,169008.0,0.0,442858.0,7,2021
202107,MX,0203229000,47,47,70,70,192136.0,0.0,411063.0,7,2021
202107,MX,0203292000,47,47,70,70,1609035.0,0.0,5209207.0,7,2021
202107,MX,0203294000,47,47,70,70,3348902.0,0.0,9224246.0,7,2021
202108,MX,0203110000,47,47,70,70,343873.0,0.0,710211.0,8,2021
202108,MX,0203121000,47,47,70,70,23587169.0,0.0,43806878.0,8,2021
202108,MX,0203129000,47,47,70,70,27383261.0,0.0,51495116.0,8,2021
202108,MX,0203192000,47,47,70,70,1658396.0,0.0,3320529.0,8,2021
202108,MX,0203194000,47,47,70,70,8861672.0,0.0,17588500.0,8,2021
202108,MX,0203210000,47,47,70,70,18414.0,0.0,42220.0,8,2021
202108,MX,0203221000,47,47,70,70,259445.0,0.0,731688.0,8,2021
202108,MX,0203229000,47,47,70,70,228290.0,0.0,493227.0,8,2021
202108,MX,0203292000,47,47,70,70,1605500.0,0.0,4881199.0,8,2021
202108,MX,0203294000,47,47,70,70,2624266.0,0.0,6462639.0,8,2021
202109,MX,0203110000,47,47,70,70,358778.0,0.0,667179.0,9,2021
202109,MX,0203121000,47,47,70,70,24119542.0,0.0,38855417.0,9,2021
202109,MX,0203129000,47,47,70,70,25488733.0,0.0,40949878.0,9,2021
202109,MX,0203192000,47,47,70,70,1184532.0,0.0,2443952.0,9,2021
202109,MX,0203194000,47,47,70,70,10694851.0,0.0,17865308.0,9,2021
202109,MX,0203210000,47,47,70,70,55655.0,0.0,146950.0,9,2021
202109,MX,0203221000,47,47,70,70,153623.0,0.0,456802.0,9,2021
202109,MX,0203229000,47,47,70,70,113421.0,0.0,213650.0,9,2021
202109,MX,0203292000,47,47,70,70,2091590.0,0.0,6488414.0,9,2021
202109,MX,0203294000,47,47,70,70,2199028.0,0.0,5406316.0,9,2021
202110,MX,0203110000,47,47,70,70,462859.0,0.0,826022.0,10,2021
202110,MX,0203121000,47,47,70,70,27260690.0,0.0,42203281.0,10,2021
202110,MX,0203129000,47,47,70,70,25550114.0,0.0,39399713.0,10,2021
202110,MX,0203192000,47,47,70,70,1577618.0,0.0,3332178.0,10,2021
202110,MX,0203194000,47,47,70,70,12547782.0,0.0,19925315.0,10,2021
202110,MX,0203210000,47,47,70,70,17701.0,0.0,51173.0,10,2021
202110,MX,0203221000,47,47,70,70,105193.0,0.0,267248.0,10,2021
202110,MX,0203229000,47,47,70,70,107556.0,0.0,188565.0,10,2021
202110,MX,0203292000,47,47,70,70,1705046.0,0.0,5595198.0,10,2021
202110,MX,0203294000,47,47,70,70,2226007.0,0.0,4922638.0,10,2021
202111,MX,0203110000,47,47,70,70,482630.0,0.0,780543.0,11,2021
202111,MX,0203121000,47,47,70,70,27690186.0,0.0,43111922.0,11,2021
202111,MX,0203129000,47,47,70,70,27628556.0,0.0,42429963.0,11,2021
202111,MX,0203192000,47,47,70,70,1595405.0,0.0,3524844.0,11,2021
202111,MX,0203194000,47,47,70,70,12462773.0,0.0,19841214.0,11,2021
202111,MX,0203210000,47,47,70,70,36578.0,0.0,134054.0,11,2021
202111,MX,0203221000,47,47,70,70,170056.0,0.0,425623.0,11,2021
202111,MX,0203229000,47,47,70,70,106075.0,0.0,213186.0,11,2021
202111,MX,0203292000,47,47,70,70,1259740.0,0.0,3294224.0,11,2021
202111,MX,0203294000,47,47,70,70,3074996.0,0.0,7477498.0,11,2021
202112,MX,0203110000,47,47,70,70,526748.0,0.0,869321.0,12,2021
202112,MX,0203121000,47,47,70,70,26295665.0,0.0,40891679.0,12,2021
202112,MX,0203129000,47,47,70,70,25237181.0,0.0,37976833.0,12,2021
202112,MX,0203192000,47,47,70,70,1198702.0,0.0,2581975.0,12,2021
202112,MX,0203194000,47,47,70,70,10970875.0,0.0,18758310.0,12,2021
202112,MX,0203210000,47,47,70,70,21080.0,0.0,36176.0,12,2021
202112,MX,0203221000,47,47,70,70,79592.0,0.0,170930.0,12,2021
202112,MX,0203229000,47,47,70,70,76191.0,0.0,161215.0,12,2021
202112,MX,0203292000,47,47,70,70,882591.0,0.0,2381719.0,12,2021
202112,MX,0203294000,47,47,70,70,3032053.0,0.0,7433751.0,12,2021
202201,MX,0203110000,47,47,70,70,318711.0,0.0,510403.0,1,2022
202201,MX,0203121000,47,47,70,70,26235279.0,0.0,37591192.0,1,2022
202201,MX,0203129000,47,47,70,70,29742512.0,0.0,41006459.0,1,2022
202201,MX,0203192000,47,47,70,70,758908.0,0.0,1535765.0,1,2022
202201,MX,0203194000,47,47,70,70,15032193.0,0.0,21415135.0,1,2022
202201,MX,0203221000,47,47,70,70,151549.0,0.0,365323.0,1,2022
202201,MX,0203229000,47,47,70,70,51974.0,0.0,90935.0,1,2022
202201,MX,0203292000,47,47,70,70,1299149.0,0.0,3354868.0,1,2022
202201,MX,0203294000,47,47,70,70,2860783.0,0.0,6755853.0,1,2022
202202,MX,0203110000,47,47,70,70,404314.0,0.0,665757.0,2,2022
202202,MX,0203121000,47,47,70,70,23858520.0,0.0,34799423.0,2,2022
202202,MX,0203129000,47,47,70,70,23886165.0,0.0,32932465.0,2,2022
202202,MX,0203192000,47,47,70,70,505611.0,0.0,1084295.0,2,2022
202202,MX,0203194000,47,47,70,70,9983695.0,0.0,15147159.0,2,2022
202202,MX,0203221000,47,47,70,70,149717.0,0.0,324165.0,2,2022
202202,MX,0203229000,47,47,70,70,110862.0,0.0,208908.0,2,2022
202202,MX,0203292000,47,47,70,70,907402.0,0.0,2290682.0,2,2022
202202,MX,0203294000,47,47,70,70,3220698.0,0.0,7025058.0,2,2022
202203,MX,0203110000,47,47,70,70,437452.0,0.0,742078.0,3,2022
202203,MX,0203121000,47,47,70,70,25777228.0,0.0,43849054.0,3,2022
202203,MX,0203129000,47,47,70,70,27492319.0,0.0,45049839.0,3,2022
202203,MX,0203192000,47,47,70,70,834243.0,0.0,1744555.0,3,2022
202203,MX,0203194000,47,47,70,70,11215386.0,0.0,19388598.0,3,2022
202203,MX,0203210000,47,47,70,70,84196.0,0.0,216668.0,3,2022
202203,MX,0203221000,47,47,70,70,86865.0,0.0,205943.0,3,2022
202203,MX,0203229000,47,47,70,70,143540.0,0.0,389773.0,3,2022
202203,MX,0203292000,47,47,70,70,851534.0,0.0,2202123.0,3,2022
202203,MX,0203294000,47,47,70,70,3291708.0,0.0,7293691.0,3,2022
202204,MX,0203110000,47,47,70,70,514702.0,0.0,896732.0,4,2022
202204,MX,0203121000,47,47,70,70,22435075.0,0.0,41191795.0,4,2022
202204,MX,0203129000,47,47,70,70,25561411.0,0.0,45669999.0,4,2022
202204,MX,0203192000,47,47,70,70,833113.0,0.0,1737598.0,4,2022
202204,MX,0203194000,47,47,70,70,11267590.0,0.0,20016802.0,4,2022
202204,MX,0203210000,47,47,70,70,37056.0,0.0,96761.0,4,2022
202204,MX,0203221000,47,47,70,70,211656.0,0.0,421790.0,4,2022
202204,MX,0203229000,47,47,70,70,135825.0,0.0,359318.0,4,2022
202204,MX,0203292000,47,47,70,70,812003.0,0.0,2168092.0,4,2022
202204,MX,0203294000,47,47,70,70,2075468.0,0.0,4717760.0,4,2022
202205,MX,0203110000,47,47,70,70,438341.0,0.0,815955.0,5,2022
202205,MX,0203121000,47,47,70,70,23599950.0,0.0,50481751.0,5,2022
202205,MX,0203129000,47,47,70,70,26508060.0,0.0,55244102.0,5,2022
202205,MX,0203192000,47,47,70,70,1038934.0,0.0,2389363.0,5,2022
202205,MX,0203194000,47,47,70,70,11738569.0,0.0,24308971.0,5,2022
202205,MX,0203210000,47,47,70,70,63791.0,0.0,193905.0,5,2022
202205,MX,0203221000,47,47,70,70,341424.0,0.0,887887.0,5,2022
202205,MX,0203229000,47,47,70,70,111777.0,0.0,281255.0,5,2022
202205,MX,0203292000,47,47,70,70,693754.0,0.0,1917581.0,5,2022
202205,MX,0203294000,47,47,70,70,2216331.0,0.0,5431251.0,5,2022
202206,MX,0203110000,47,47,70,70,466312.0,0.0,928231.0,6,2022
202206,MX,0203121000,47,47,70,70,21067808.0,0.0,48090096.0,6,2022
202206,MX,0203129000,47,47,70,70,24493640.0,0.0,55466203.0,6,2022
202206,MX,0203192000,47,47,70,70,1026542.0,0.0,2369040.0,6,2022
202206,MX,0203194000,47,47,70,70,10742450.0,0.0,24085682.0,6,2022
202206,MX,0203210000,47,47,70,70,13313.0,0.0,32872.0,6,2022
202206,MX,0203221000,47,47,70,70,251393.0,0.0,594345.0,6,2022
202206,MX,0203229000,47,47,70,70,223413.0,0.0,587660.0,6,2022
202206,MX,0203292000,47,47,70,70,1137353.0,0.0,3346059.0,6,2022
202206,MX,0203294000,47,47,70,70,2509671.0,0.0,5865554.0,6,2022
202207,MX,0203110000,47,47,70,70,396112.0,0.0,875742.0,7,2022
202207,MX,0203121000,47,47,70,70,21524283.0,0.0,50245839.0,7,2022
202207,MX,0203129000,47,47,70,70,21863555.0,0.0,55649263.0,7,2022
202207,MX,0203192000,47,47,70,70,943373.0,0.0,2493858.0,7,2022
202207,MX,0203194000,47,47,70,70,9084597.0,0.0,21992158.0,7,2022
202207,MX,0203221000,47,47,70,70,148393.0,0.0,394743.0,7,2022
202207,MX,0203229000,47,47,70,70,94395.0,0.0,243675.0,7,2022
202207,MX,0203292000,47,47,70,70,1769195.0,0.0,4960202.0,7,2022
202207,MX,0203294000,47,47,70,70,2953829.0,0.0,7599783.0,7,2022
202208,MX,0203110000,47,47,70,70,498416.0,0.0,1108668.0,8,2022
202208,MX,0203121000,47,47,70,70,27172837.0,0.0,60205241.0,8,2022
202208,MX,0203129000,47,47,70,70,24086757.0,0.0,61462236.0,8,2022
202208,MX,0203192000,47,47,70,70,884662.0,0.0,2299508.0,8,2022
202208,MX,0203194000,47,47,70,70,10080031.0,0.0,25089737.0,8,2022
202208,MX,0203210000,47,47,70,70,52849.0,0.0,104708.0,8,2022
202208,MX,0203221000,47,47,70,70,303487.0,0.0,843634.0,8,2022
202208,MX,0203229000,47,47,70,70,140315.0,0.0,409763.0,8,2022
202208,MX,0203292000,47,47,70,70,1825426.0,0.0,5383592.0,8,2022
202208,MX,0203294000,47,47,70,70,2814840.0,0.0,8443046.0,8,2022
202209,MX,0203110000,47,47,70,70,401726.0,0.0,871138.0,9,2022
202209,MX,0203121000,47,47,70,70,25199431.0,0.0,52814296.0,9,2022
202209,MX,0203129000,47,47,70,70,21431054.0,0.0,52834763.0,9,2022
202209,MX,0203192000,47,47,70,70,1069840.0,0.0,2919504.0,9,2022
202209,MX,0203194000,47,47,70,70,10522625.0,0.0,25151217.0,9,2022
202209,MX,0203221000,47,47,70,70,331912.0,0.0,890593.0,9,2022
202209,MX,0203229000,47,47,70,70,77780.0,0.0,191313.0,9,2022
202209,MX,0203292000,47,47,70,70,2344762.0,0.0,6740771.0,9,2022
202209,MX,0203294000,47,47,70,70,2683173.0,0.0,6868559.0,9,2022
202210,MX,0203110000,47,47,70,70,516504.0,0.0,1186226.0,10,2022
202210,MX,0203121000,47,47,70,70,27633933.0,0.0,58798565.0,10,2022
202210,MX,0203129000,47,47,70,70,23212769.0,0.0,60920223.0,10,2022
202210,MX,0203192000,47,47,70,70,1488436.0,0.0,3745620.0,10,2022
202210,MX,0203194000,47,47,70,70,12247508.0,0.0,31100020.0,10,2022
202210,MX,0203210000,47,47,70,70,18189.0,0.0,62567.0,10,2022
202210,MX,0203221000,47,47,70,70,408113.0,0.0,1152207.0,10,2022
202210,MX,0203229000,47,47,70,70,125637.0,0.0,374164.0,10,2022
202210,MX,0203292000,47,47,70,70,2442186.0,0.0,7061092.0,10,2022
202210,MX,0203294000,47,47,70,70,2663121.0,0.0,6910671.0,10,2022
202211,MX,0203110000,47,47,70,70,479918.0,0.0,1102372.0,11,2022
202211,MX,0203121000,47,47,70,70,28763098.0,0.0,61396165.0,11,2022
202211,MX,0203129000,47,47,70,70,23341854.0,0.0,57790672.0,11,2022
202211,MX,0203192000,47,47,70,70,2363615.0,0.0,6355576.0,11,2022
202211,MX,0203194000,47,47,70,70,12350674.0,0.0,31226778.0,11,2022
202211,MX,0203210000,47,47,70,70,18201.0,0.0,57421.0,11,2022
202211,MX,0203221000,47,47,70,70,493853.0,0.0,1319157.0,11,2022
202211,MX,0203229000,47,47,70,70,202297.0,0.0,604610.0,11,2022
202211,MX,0203292000,47,47,70,70,2375699.0,0.0,6597774.0,11,2022
202211,MX,0203294000,47,47,70,70,3596924.0,0.0,10464637.0,11,2022
202212,MX,0203110000,47,47,70,70,485622.0,0.0,1087194.0,12,2022
202212,MX,0203121000,47,47,70,70,29911561.0,0.0,57110774.0,12,2022
202212,MX,0203129000,47,47,70,70,25009989.0,0.0,55811236.0,12,2022
202212,MX,0203192000,47,47,70,70,3790311.0,0.0,9118207.0,12,2022
202212,MX,0203194000,47,47,70,70,10041258.0,0.0,23174831.0,12,2022
202212,MX,0203210000,47,47,70,70,4515.0,0.0,16483.0,12,2022
202212,MX,0203221000,47,47,70,70,497981.0,0.0,1341520.0,12,2022
202212,MX,0203229000,47,47,70,70,48421.0,0.0,153517.0,12,2022
202212,MX,0203292000,47,47,70,70,2494396.0,0.0,6855833.0,12,2022
202212,MX,0203294000,47,47,70,70,3617889.0,0.0,9998983.0,12,2022
202301,MX,0203110000,47,47,70,70,476637.0,0.0,1011698.0,1,2023
202301,MX,0203121000,47,47,70,70,29058813.0,0.0,51902056.0,1,2023
202301,MX,0203129000,47,47,70,70,29129172.0,0.0,57634024.0,1,2023
202301,MX,0203192000,47,47,70,70,2434632.0,0.0,5947829.0,1,2023
202301,MX,0203194000,47,47,70,70,13190755.0,0.0,26018437.0,1,2023
202301,MX,0203210000,47,47,70,70,26902.0,0.0,56034.0,1,2023
202301,MX,0203221000,47,47,70,70,390755.0,0.0,996056.0,1,2023
202301,MX,0203229000,47,47,70,70,138453.0,0.0,375963.0,1,2023
202301,MX,0203292000,47,47,70,70,1768822.0,0.0,4852536.0,1,2023
202301,MX,0203294000,47,47,70,70,3753913.0,0.0,9940216.0,1,2023
202302,MX,0203110000,47,47,70,70,462875.0,0.0,955278.0,2,2023
202302,MX,0203121000,47,47,70,70,22463263.0,0.0,39083089.0,2,2023
202302,MX,0203129000,47,47,70,70,24204058.0,0.0,47780053.0,2,2023
202302,MX,0203192000,47,47,70,70,1745107.0,0.0,4109130.0,2,2023
202302,MX,0203194000,47,47,70,70,8481718.0,0.0,16552921.0,2,2023
202302,MX,0203210000,47,47,70,70,55636.0,0.0,127322.0,2,2023
202302,MX,0203221000,47,47,70,70,239843.0,0.0,527103.0,2,2023
202302,MX,0203229000,47,47,70,70,21494.0,0.0,53157.0,2,2023
202302,MX,0203292000,47,47,70,70,2513218.0,0.0,6901831.0,2,2023
202302,MX,0203294000,47,47,70,70,2845564.0,0.0,7126452.0,2,2023
202303,MX,0203110000,47,47,70,70,558883.0,0.0,1240342.0,3,2023
202303,MX,0203121000,47,47,70,70,27793236.0,0.0,51874364.0,3,2023
202303,MX,0203129000,47,47,70,70,32763896.0,0.0,67887315.0,3,2023
202303,MX,0203192000,47,47,70,70,2569672.0,0.0,6163307.0,3,2023
202303,MX,0203194000,47,47,70,70,9673171.0,0.0,19685853.0,3,2023
202303,MX,0203210000,47,47,70,70,126837.0,0.0,331245.0,3,2023
202303,MX,0203221000,47,47,70,70,401726.0,0.0,1126708.0,3,2023
202303,MX,0203229000,47,47,70,70,86258.0,0.0,223673.0,3,2023
202303,MX,0203292000,47,47,70,70,2244351.0,0.0,6094263.0,3,2023
202303,MX,0203294000,47,47,70,70,4087274.0,0.0,10536188.0,3,2023
202304,MX,0203110000,47,47,70,70,428010.0,0.0,709588.0,4,2023
202304,MX,0203121000,47,47,70,70,26272642.0,0.0,43473404.0,4,2023
202304,MX,0203129000,47,47,70,70,26318804.0,0.0,47973722.0,4,2023
202304,MX,0203192000,47,47,70,70,2186672.0,0.0,4931971.0,4,2023
202304,MX,0203194000,47,47,70,70,8849900.0,0.0,16502921.0,4,2023
202304,MX,0203210000,47,47,70,70,19051.0,0.0,63446.0,4,2023
202304,MX,0203221000,47,47,70,70,350967.0,0.0,879052.0,4,2023
202304,MX,0203229000,47,47,70,70,74784.0,0.0,202253.0,4,2023
202304,MX,0203292000,47,47,70,70,1173916.0,0.0,3267897.0,4,2023
202304,MX,0203294000,47,47,70,70,2132060.0,0.0,5143933.0,4,2023
202305,MX,0203110000,47,47,70,70,571041.0,0.0,928474.0,5,2023
202305,MX,0203121000,47,47,70,70,30251273.0,0.0,57386993.0,5,2023
202305,MX,0203129000,47,47,70,70,31843409.0,0.0,67119771.0,5,2023
202305,MX,0203192000,47,47,70,70,2700245.0,0.0,5719672.0,5,2023
202305,MX,0203194000,47,47,70,70,10528862.0,0.0,21063953.0,5,2023
202305,MX,0203210000,47,47,70,70,38568.0,0.0,128647.0,5,2023
202305,MX,0203221000,47,47,70,70,559346.0,0.0,1491964.0,5,2023
202305,MX,0203229000,47,47,70,70,81420.0,0.0,217604.0,5,2023
202305,MX,0203292000,47,47,70,70,1737990.0,0.0,4713721.0,5,2023
202305,MX,0203294000,47,47,70,70,3029267.0,0.0,7640839.0,5,2023
202306,MX,0203110000,47,47,70,70,438325.0,0.0,790538.0,6,2023
202306,MX,0203121000,47,47,70,70,30191456.0,0.0,57658457.0,6,2023
202306,MX,0203129000,47,47,70,70,26638944.0,0.0,57350024.0,6,2023
202306,MX,0203192000,47,47,70,70,2126307.0,0.0,4807381.0,6,2023
202306,MX,0203194000,47,47,70,70,6240542.0,0.0,12627239.0,6,2023
202306,MX,0203221000,47,47,70,70,221087.0,0.0,561611.0,6,2023
202306,MX,0203229000,47,47,70,70,36378.0,0.0,121565.0,6,2023
202306,MX,0203292000,47,47,70,70,2049078.0,0.0,5619042.0,6,2023
202306,MX,0203294000,47,47,70,70,2565400.0,0.0,6763403.0,6,2023
202307,MX,0203110000,47,47,70,70,429523.0,0.0,909471.0,7,2023
202307,MX,0203121000,47,47,70,70,27254215.0,0.0,60905271.0,7,2023
202307,MX,0203129000,47,47,70,70,26813781.0,0.0,66515650.0,7,2023
202307,MX,0203192000,47,47,70,70,1814232.0,0.0,4579726.0,7,2023
202307,MX,0203194000,47,47,70,70,6878544.0,0.0,14901438.0,7,2023
202307,MX,0203210000,47,47,70,70,19021.0,0.0,50647.0,7,2023
202307,MX,0203221000,47,47,70,70,223556.0,0.0,714385.0,7,2023
202307,MX,0203229000,47,47,70,70,14484.0,0.0,52568.0,7,2023
202307,MX,0203292000,47,47,70,70,1739338.0,0.0,4669171.0,7,2023
202307,MX,0203294000,47,47,70,70,2100310.0,0.0,5646563.0,7,2023
202308,MX,0203110000,47,47,70,70,493870.0,0.0,1023288.0,8,2023
202308,MX,0203121000,47,47,70,70,29615041.0,0.0,63872956.0,8,2023
202308,MX,0203129000,47,47,70,70,29765820.0,0.0,71459556.0,8,2023
202308,MX,0203192000,47,47,70,70,2671763.0,0.0,7080317.0,8,2023
202308,MX,0203194000,47,47,70,70,7214549.0,0.0,15827934.0,8,2023
202308,MX,0203210000,47,47,70,70,18296.0,0.0,44695.0,8,2023
202308,MX,0203221000,47,47,70,70,331134.0,0.0,825740.0,8,2023
202308,MX,0203229000,47,47,70,70,50363.0,0.0,135238.0,8,2023
202308,MX,0203292000,47,47,70,70,2519757.0,0.0,6778466.0,8,2023
202308,MX,0203294000,47,47,70,70,2504083.0,0.0,7118430.0,8,2023
202309,MX,0203110000,47,47,70,70,476339.0,0.0,946923.0,9,2023
202309,MX,0203121000,47,47,70,70,28428989.0,0.0,58005028.0,9,2023
202309,MX,0203129000,47,47,70,70,29044990.0,0.0,68904028.0,9,2023
202309,MX,0203192000,47,47,70,70,2617137.0,0.0,6257387.0,9,2023
202309,MX,0203194000,47,47,70,70,6509056.0,0.0,14075496.0,9,2023
202309,MX,0203210000,47,47,70,70,106699.0,0.0,332834.0,9,2023
202309,MX,0203221000,47,47,70,70,403659.0,0.0,1186646.0,9,2023
202309,MX,0203229000,47,47,70,70,71400.0,0.0,197685.0,9,2023
202309,MX,0203292000,47,47,70,70,2579935.0,0.0,7776437.0,9,2023
202309,MX,0203294000,47,47,70,70,3341915.0,0.0,9737422.0,9,2023
202310,MX,0203110000,47,47,70,70,515400.0,0.0,1005298.0,10,2023
202310,MX,0203121000,47,47,70,70,31111817.0,0.0,61028904.0,10,2023
202310,MX,0203129000,47,47,70,70,34107736.0,0.0,75085428.0,10,2023
202310,MX,0203192000,47,47,70,70,3911309.0,0.0,9420569.0,10,2023
202310,MX,0203194000,47,47,70,70,8260901.0,0.0,17572833.0,10,2023
202310,MX,0203210000,47,47,70,70,236010.0,0.0,765703.0,10,2023
202310,MX,0203221000,47,47,70,70,356052.0,0.0,983468.0,10,2023
202310,MX,0203229000,47,47,70,70,190811.0,0.0,497104.0,10,2023
202310,MX,0203292000,47,47,70,70,2463189.0,0.0,7412741.0,10,2023
202310,MX,0203294000,47,47,70,70,3515430.0,0.0,9884706.0,10,2023
202311,MX,0203110000,47,47,70,70,433614.0,0.0,847429.0,11,2023
202311,MX,0203121000,47,47,70,70,27575047.0,0.0,55180666.0,11,2023
202311,MX,0203129000,47,47,70,70,35357662.0,0.0,77438430.0,11,2023
202311,MX,0203192000,47,47,70,70,5306159.0,0.0,12398049.0,11,2023
202311,MX,0203194000,47,47,70,70,9040378.0,0.0,19742181.0,11,2023
202311,MX,0203210000,47,47,70,70,36388.0,0.0,57758.0,11,2023
202311,MX,0203221000,47,47,70,70,315570.0,0.0,813774.0,11,2023
202311,MX,0203229000,47,47,70,70,33876.0,0.0,102207.0,11,2023
202311,MX,0203292000,47,47,70,70,2648794.0,0.0,8040306.0,11,2023
202311,MX,0203294000,47,47,70,70,2822470.0,0.0,7633900.0,11,2023
202312,MX,0203110000,47,47,70,70,408155.0,0.0,811530.0,12,2023
202312,MX,0203121000,47,47,70,70,30224242.0,0.0,59713079.0,12,2023
202312,MX,0203129000,47,47,70,70,37348265.0,0.0,80676298.0,12,2023
202312,MX,0203192000,47,47,70,70,5845330.0,0.0,13636240.0,12,2023
202312,MX,0203194000,47,47,70,70,9992486.0,0.0,23538967.0,12,2023
202312,MX,0203210000,47,47,70,70,17759.0,0.0,56378.0,12,2023
202312,MX,0203221000,47,47,70,70,144199.0,0.0,343899.0,12,2023
202312,MX,0203229000,47,47,70,70,230548.0,0.0,663176.0,12,2023
202312,MX,0203292000,47,47,70,70,2183250.0,0.0,6774432.0,12,2023
202312,MX,0203294000,47,47,70,70,3755290.0,0.0,11043356.0,12,2023
202401,MX,0203110000,47,47,70,70,398258.0,0.0,744547.0,1,2024
202401,MX,0203121000,47,47,70,70,29509334.0,0.0,55270405.0,1,2024
202401,MX,0203129000,47,47,70,70,36956102.0,0.0,71284461.0,1,2024
202401,MX,0203192000,47,47,70,70,4702927.0,0.0,10246402.0,1,2024
202401,MX,0203194000,47,47,70,70,8507889.0,0.0,17959190.0,1,2024
202401,MX,0203210000,47,47,70,70,22751.0,0.0,44357.0,1,2024
202401,MX,0203221000,47,47,70,70,65974.0,0.0,137407.0,1,2024
202401,MX,0203229000,47,47,70,70,61440.0,0.0,175177.0,1,2024
202401,MX,0203292000,47,47,70,70,2056248.0,0.0,6214594.0,1,2024
202401,MX,0203294000,47,47,70,70,3081900.0,0.0,8571397.0,1,2024
202402,MX,0203110000,47,47,70,70,461411.0,0.0,847085.0,2,2024
202402,MX,0203121000,47,47,70,70,27286568.0,0.0,49699180.0,2,2024
202402,MX,0203129000,47,47,70,70,30650804.0,0.0,60961867.0,2,2024
202402,MX,0203192000,47,47,70,70,4967622.0,0.0,10696741.0,2,2024
202402,MX,0203194000,47,47,70,70,9034212.0,0.0,18718592.0,2,2024
202402,MX,0203210000,47,47,70,70,37273.0,0.0,97108.0,2,2024
202402,MX,0203221000,47,47,70,70,174703.0,0.0,343579.0,2,2024
202402,MX,0203229000,47,47,70,70,24124.0,0.0,79634.0,2,2024
202402,MX,0203292000,47,47,70,70,2546098.0,0.0,7675190.0,2,2024
202402,MX,0203294000,47,47,70,70,3286389.0,0.0,9048006.0,2,2024
202403,MX,0203110000,47,47,70,70,459639.0,0.0,839100.0,3,2024
202403,MX,0203121000,47,47,70,70,21719603.0,0.0,40399827.0,3,2024
202403,MX,0203129000,47,47,70,70,33081954.0,0.0,66699162.0,3,2024
202403,MX,0203192000,47,47,70,70,3801792.0,0.0,9332306.0,3,2024
202403,MX,0203194000,47,47,70,70,6649110.0,0.0,14472422.0,3,2024
202403,MX,0203221000,47,47,70,70,214547.0,0.0,495379.0,3,2024
202403,MX,0203229000,47,47,70,70,130144.0,0.0,363406.0,3,2024
202403,MX,0203292000,47,47,70,70,2088707.0,0.0,6884647.0,3,2024
202403,MX,0203294000,47,47,70,70,2997894.0,0.0,8730225.0,3,2024
202404,MX,0203110000,47,47,70,70,579380.0,0.0,1213733.0,4,2024
202404,MX,0203121000,47,47,70,70,23972087.0,0.0,48832462.0,4,2024
202404,MX,0203129000,47,47,70,70,43321428.0,0.0,95484536.0,4,2024
202404,MX,0203192000,47,47,70,70,5483186.0,0.0,12733989.0,4,2024
202404,MX,0203194000,47,47,70,70,10726261.0,0.0,25335586.0,4,2024
202404,MX,0203221000,47,47,70,70,237190.0,0.0,533593.0,4,2024
202404,MX,0203229000,47,47,70,70,85360.0,0.0,255764.0,4,2024
202404,MX,0203292000,47,47,70,70,2164199.0,0.0,6724082.0,4,2024
202404,MX,0203294000,47,47,70,70,3230558.0,0.0,9554672.0,4,2024
202405,MX,0203110000,47,47,70,70,515642.0,0.0,1015218.0,5,2024
202405,MX,0203121000,47,47,70,70,18526408.0,0.0,36446389.0,5,2024
202405,MX,0203129000,47,47,70,70,41266098.0,0.0,88993715.0,5,2024
202405,MX,0203192000,47,47,70,70,3600312.0,0.0,8621794.0,5,2024
202405,MX,0203194000,47,47,70,70,7421051.0,0.0,18408388.0,5,2024
202405,MX,0203210000,47,47,70,70,18335.0,0.0,35535.0,5,2024
202405,MX,0203221000,47,47,70,70,229463.0,0.0,537229.0,5,2024
202405,MX,0203229000,47,47,70,70,185400.0,0.0,594376.0,5,2024
202405,MX,0203292000,47,47,70,70,1863765.0,0.0,5949092.0,5,2024
202405,MX,0203294000,47,47,70,70,3168343.0,0.0,9574093.0,5,2024
202406,MX,0203110000,47,47,70,70,485603.0,0.0,1021619.0,6,2024
202406,MX,0203121000,47,47,70,70,15538291.0,0.0,31691255.0,6,2024
202406,MX,0203129000,47,47,70,70,39237609.0,0.0,88211844.0,6,2024
202406,MX,0203192000,47,47,70,70,3601593.0,0.0,8723375.0,6,2024
202406,MX,0203194000,47,47,70,70,5692307.0,0.0,13951954.0,6,2024
202406,MX,0203221000,47,47,70,70,205274.0,0.0,484457.0,6,2024
202406,MX,0203229000,47,47,70,70,249658.0,0.0,589448.0,6,2024
202406,MX,0203292000,47,47,70,70,1569560.0,0.0,4936973.0,6,2024
202406,MX,0203294000,47,47,70,70,2725762.0,0.0,8022483.0,6,2024
202407,MX,0203110000,47,47,70,70,662254.0,0.0,1897646.0,7,2024
202407,MX,0203121000,47,47,70,70,21197917.0,0.0,43410536.0,7,2024
202407,MX,0203129000,47,47,70,70,43462575.0,0.0,109334518.0,7,2024
202407,MX,0203192000,47,47,70,70,5011706.0,0.0,13045748.0,7,2024
202407,MX,0203194000,47,47,70,70,9340053.0,0.0,24590716.0,7,2024
202407,MX,0203210000,47,47,70,70,18216.0,0.0,45145.0,7,2024
202407,MX,0203221000,47,47,70,70,265372.0,0.0,726214.0,7,2024
202407,MX,0203229000,47,47,70,70,111431.0,0.0,355721.0,7,2024
202407,MX,0203292000,47,47,70,70,2508853.0,0.0,7814689.0,7,2024
202407,MX,0203294000,47,47,70,70,3782924.0,0.0,11304713.0,7,2024
202408,MX,0203110000,47,47,70,70,502630.0,0.0,1051922.0,8,2024
202408,MX,0203121000,47,47,70,70,19112410.0,0.0,41165619.0,8,2024
202408,MX,0203129000,47,47,70,70,40490549.0,0.0,97932059.0,8,2024
202408,MX,0203192000,47,47,70,70,4164058.0,0.0,10611599.0,8,2024
202408,MX,0203194000,47,47,70,70,7879918.0,0.0,20341247.0,8,2024
202408,MX,0203221000,47,47,70,70,231652.0,0.0,616631.0,8,2024
202408,MX,0203229000,47,47,70,70,101935.0,0.0,337542.0,8,2024
202408,MX,0203292000,47,47,70,70,3606442.0,0.0,12350769.0,8,2024
202408,MX,0203294000,47,47,70,70,4070191.0,0.0,11679303.0,8,2024
202409,MX,0203110000,47,47,70,70,558869.0,0.0,1191462.0,9,2024
202409,MX,0203121000,47,47,70,70,19649774.0,0.0,39788311.0,9,2024
202409,MX,0203129000,47,47,70,70,39479125.0,0.0,88525814.0,9,2024
202409,MX,0203192000,47,47,70,70,2308504.0,0.0,5789436.0,9,2024
202409,MX,0203194000,47,47,70,70,7707961.0,0.0,18437297.0,9,2024
202409,MX,0203221000,47,47,70,70,387079.0,0.0,992172.0,9,2024
202409,MX,0203229000,47,47,70,70,61833.0,0.0,152877.0,9,2024
202409,MX,0203292000,47,47,70,70,2887365.0,0.0,9363409.0,9,2024
202409,MX,0203294000,47,47,70,70,2758199.0,0.0,7912436.0,9,2024
202410,MX,0203110000,47,47,70,70,561400.0,0.0,1101626.0,10,2024
202410,MX,0203121000,47,47,70,70,21507008.0,0.0,41890068.0,10,2024
202410,MX,0203129000,47,47,70,70,44188962.0,0.0,94101898.0,10,2024
202410,MX,0203192000,47,47,70,70,3475700.0,0.0,8414574.0,10,2024
202410,MX,0203194000,47,47,70,70,7216255.0,0.0,17893085.0,10,2024
202410,MX,0203210000,47,47,70,70,84.0,0.0,2654.0,10,2024
202410,MX,0203221000,47,47,70,70,436275.0,0.0,1216694.0,10,2024
202410,MX,0203229000,47,47,70,70,45369.0,0.0,136820.0,10,2024
202410,MX,0203292000,47,47,70,70,2261689.0,0.0,6960849.0,10,2024
202410,MX,0203294000,47,47,70,70,2655599.0,0.0,7027129.0,10,2024
202411,MX,0203110000,47,47,70,70,557578.0,0.0,1330968.0,11,2024
202411,MX,0203121000,47,47,70,70,20656939.0,0.0,43500159.0,11,2024
202411,MX,0203129000,47,47,70,70,45467308.0,0.0,101910795.0,11,2024
202411,MX,0203192000,47,47,70,70,3347399.0,0.0,7864046.0,11,2024
202411,MX,0203194000,47,47,70,70,8285232.0,0.0,20230582.0,11,2024
202411,MX,0203210000,47,47,70,70,19038.0,0.0,44988.0,11,2024
202411,MX,0203221000,47,47,70,70,350564.0,0.0,932151.0,11,2024
202411,MX,0203229000,47,47,70,70,52578.0,0.0,144553.0,11,2024
202411,MX,0203292000,47,47,70,70,1592014.0,0.0,5219892.0,11,2024
202411,MX,0203294000,47,47,70,70,3468672.0,0.0,9046852.0,11,2024
202412,MX,0203110000,47,47,70,70,498354.0,0.0,1146960.0,12,2024
202412,MX,0203121000,47,47,70,70,22535260.0,0.0,49428035.0,12,2024
202412,MX,0203129000,47,47,70,70,45543454.0,0.0,111095074.0,12,2024
202412,MX,0203192000,47,47,70,70,4608753.0,0.0,11375009.0,12,2024
202412,MX,0203194000,47,47,70,70,10478250.0,0.0,27345992.0,12,2024
202412,MX,0203221000,47,47,70,70,311052.0,0.0,764074.0,12,2024
202412,MX,0203229000,47,47,70,70,84269.0,0.0,231160.0,12,2024
202412,MX,0203292000,47,47,70,70,1891708.0,0.0,6260613.0,12,2024
202412,MX,0203294000,47,47,70,70,3959233.0,0.0,10605651.0,12,2024
202501,MX,0203110000,47,47,70,70,533062.0,0.0,1175236.0,1,2025
202501,MX,0203121000,47,47,70,70,21655842.0,0.0,41059039.0,1,2025
202501,MX,0203129000,47,47,70,70,46327826.0,0.0,95384288.0,1,2025
202501,MX,0203192000,47,47,70,70,3130885.0,0.0,7894133.0,1,2025
202501,MX,0203194000,47,47,70,70,8549987.0,0.0,19219104.0,1,2025
202501,MX,0203210000,47,47,70,70,20928.0,0.0,54233.0,1,2025
202501,MX,0203221000,47,47,70,70,191950.0,0.0,476199.0,1,2025
202501,MX,0203229000,47,47,70,70,1210354.0,0.0,2255690.0,1,2025
202501,MX,0203292000,47,47,70,70,2220912.0,0.0,6573722.0,1,2025
202501,MX,0203294000,47,47,70,70,3815377.0,0.0,11254927.0,1,2025
202502,MX,0203110000,47,47,70,70,456092.0,0.0,984230.0,2,2025
202502,MX,0203121000,47,47,70,70,19788042.0,0.0,38378917.0,2,2025
202502,MX,0203129000,47,47,70,70,40788445.0,0.0,86088230.0,2,2025
202502,MX,0203192000,47,47,70,70,3269715.0,0.0,7975543.0,2,2025
202502,MX,0203194000,47,47,70,70,6453757.0,0.0,15913727.0,2,2025
202502,MX,0203210000,47,47,70,70,19241.0,0.0,39394.0,2,2025
202502,MX,0203221000,47,47,70,70,185786.0,0.0,480572.0,2,2025
202502,MX,0203229000,47,47,70,70,1175983.0,0.0,2384538.0,2,2025
202502,MX,0203292000,47,47,70,70,1684882.0,0.0,4854716.0,2,2025
202502,MX,0203294000,47,47,70,70,4303253.0,0.0,12652359.0,2,2025
202503,MX,0203110000,47,47,70,70,560628.0,0.0,1294241.0,3,2025
202503,MX,0203121000,47,47,70,70,20790849.0,0.0,40527124.0,3,2025
202503,MX,0203129000,47,47,70,70,42946470.0,0.0,94256633.0,3,2025
202503,MX,0203192000,47,47,70,70,3213097.0,0.0,8074371.0,3,2025
202503,MX,0203194000,47,47,70,70,6725949.0,0.0,16807299.0,3,2025
202503,MX,0203210000,47,47,70,70,18146.0,0.0,40808.0,3,2025
202503,MX,0203221000,47,47,70,70,237529.0,0.0,611197.0,3,2025
202503,MX,0203229000,47,47,70,70,1016645.0,0.0,2205849.0,3,2025
202503,MX,0203292000,47,47,70,70,1005712.0,0.0,3360941.0,3,2025
202503,MX,0203294000,47,47,70,70,3668267.0,0.0,10333911.0,3,2025
202504,MX,0203110000,47,47,70,70,767616.0,0.0,1741876.0,4,2025
202504,MX,0203121000,47,47,70,70,18397129.0,0.0,36019879.0,4,2025
202504,MX,0203129000,47,47,70,70,41509150.0,0.0,87564330.0,4,2025
202504,MX,0203192000,47,47,70,70,2834701.0,0.0,7225834.0,4,2025
202504,MX,0203194000,47,47,70,70,5684164.0,0.0,14193628.0,4,2025
202504,MX,0203210000,47,47,70,70,40799.0,0.0,129909.0,4,2025
202504,MX,0203221000,47,47,70,70,221344.0,0.0,541615.0,4,2025
202504,MX,0203229000,47,47,70,70,1169176.0,0.0,2416721.0,4,2025
202504,MX,0203292000,47,47,70,70,992564.0,0.0,3279374.0,4,2025
202504,MX,0203294000,47,47,70,70,3217758.0,0.0,9140080.0,4,2025
202505,MX,0203110000,47,47,70,70,522857.0,0.0,1084580.0,5,2025
202505,MX,0203121000,47,47,70,70,20126081.0,0.0,42690735.0,5,2025
202505,MX,0203129000,47,47,70,70,42193817.0,0.0,92729497.0,5,2025
202505,MX,0203192000,47,47,70,70,2614777.0,0.0,6359696.0,5,2025
202505,MX,0203194000,47,47,70,70,7009788.0,0.0,17696688.0,5,2025
202505,MX,0203210000,47,47,70,70,55571.0,0.0,174144.0,5,2025
202505,MX,0203221000,47,47,70,70,316109.0,0.0,794353.0,5,2025
202505,MX,0203229000,47,47,70,70,1475387.0,0.0,3054351.0,5,2025
202505,MX,0203292000,47,47,70,70,1185417.0,0.0,3608876.0,5,2025
202505,MX,0203294000,47,47,70,70,3997852.0,0.0,11684093.0,5,2025
202506,MX,0203110000,47,47,70,70,488005.0,0.0,1110291.0,6,2025
202506,MX,0203121000,47,47,70,70,21359491.0,0.0,45069282.0,6,2025
202506,MX,0203129000,47,47,70,70,44301452.0,0.0,115937847.0,6,2025
202506,MX,0203192000,47,47,70,70,2992178.0,0.0,7854971.0,6,2025
202506,MX,0203194000,47,47,70,70,8507477.0,0.0,23439821.0,6,2025
202506,MX,0203210000,47,47,70,70,28998.0,0.0,45771.0,6,2025
202506,MX,0203221000,47,47,70,70,438289.0,0.0,1353703.0,6,2025
202506,MX,0203229000,47,47,70,70,298415.0,0.0,808176.0,6,2025
202506,MX,0203292000,47,47,70,70,1401475.0,0.0,4492014.0,6,2025
202506,MX,0203294000,47,47,70,70,3949515.0,0.0,11916886.0,6,2025
202507,MX,0203110000,47,47,70,70,564718.0,0.0,1412424.0,7,2025
202507,MX,0203121000,47,47,70,70,19967202.0,0.0,44083979.0,7,2025
202507,MX,0203129000,47,47,70,70,41112750.0,0.0,103767108.0,7,2025
202507,MX,0203192000,47,47,70,70,2637956.0,0.0,6771357.0,7,2025
202507,MX,0203194000,47,47,70,70,6096598.0,0.0,17268997.0,7,2025
202507,MX,0203210000,47,47,70,70,19071.0,0.0,23887.0,7,2025
202507,MX,0203221000,47,47,70,70,154710.0,0.0,448303.0,7,2025
202507,MX,0203229000,47,47,70,70,91116.0,0.0,247310.0,7,2025
202507,MX,0203292000,47,47,70,70,1179217.0,0.0,3832883.0,7,2025
202507,MX,0203294000,47,47,70,70,3840233.0,0.0,10887209.0,7,2025
202508,MX,0203110000,47,47,70,70,527325.0,0.0,1307641.0,8,2025
202508,MX,0203121000,47,47,70,70,25092277.0,0.0,53395683.0,8,2025
202508,MX,0203129000,47,47,70,70,40943749.0,0.0,111037551.0,8,2025
202508,MX,0203192000,47,47,70,70,2710947.0,0.0,7523712.0,8,2025
202508,MX,0203194000,47,47,70,70,6960486.0,0.0,20392673.0,8,2025
202508,MX,0203210000,47,47,70,70,105514.0,0.0,261092.0,8,2025
202508,MX,0203221000,47,47,70,70,236741.0,0.0,618875.0,8,2025
202508,MX,0203229000,47,47,70,70,102114.0,0.0,308724.0,8,2025
202508,MX,0203292000,47,47,70,70,1660950.0,0.0,5882461.0,8,2025
202508,MX,0203294000,47,47,70,70,3365738.0,0.0,9900494.0,8,2025
202509,MX,0203110000,47,47,70,70,489142.0,0.0,1191957.0,9,2025
202509,MX,0203121000,47,47,70,70,26465835.0,0.0,59649073.0,9,2025
202509,MX,0203129000,47,47,70,70,42644839.0,0.0,108106395.0,9,2025
202509,MX,0203192000,47,47,70,70,3116038.0,0.0,8445055.0,9,2025
202509,MX,0203194000,47,47,70,70,6756175.0,0.0,19965106.0,9,2025
202509,MX,0203210000,47,47,70,70,28017.0,0.0,56550.0,9,2025
202509,MX,0203221000,47,47,70,70,257935.0,0.0,653637.0,9,2025
202509,MX,0203229000,47,47,70,70,26325.0,0.0,64704.0,9,2025
202509,MX,0203292000,47,47,70,70,1656596.0,0.0,5683127.0,9,2025
202509,MX,0203294000,47,47,70,70,3648538.0,0.0,10766695.0,9,2025
202510,MX,0203110000,47,47,70,70,606334.0,0.0,1570492.0,10,2025
202510,MX,0203121000,47,47,70,70,41689922.0,0.0,82446580.0,10,2025
202510,MX,0203129000,47,47,70,70,44494830.0,0.0,109103721.0,10,2025
202510,MX,0203192000,47,47,70,70,3289362.0,0.0,9253473.0,10,2025
202510,MX,0203194000,47,47,70,70,8076800.0,0.0,23143084.0,10,2025
202510,MX,0203210000,47,47,70,70,11549.0,0.0,14657.0,10,2025
202510,MX,0203221000,47,47,70,70,227407.0,0.0,723705.0,10,2025
202510,MX,0203229000,47,47,70,70,195671.0,0.0,659656.0,10,2025
202510,MX,0203292000,47,47,70,70,1326430.0,0.0,4817195.0,10,2025
202510,MX,0203294000,47,47,70,70,3788747.0,0.0,11822485.0,10,2025
202511,MX,0203110000,47,47,70,70,526012.0,0.0,1251648.0,11,2025
202511,MX,0203121000,47,47,70,70,36119129.0,0.0,67422907.0,11,2025
202511,MX,0203129000,47,47,70,70,41376154.0,0.0,91003384.0,11,2025
202511,MX,0203192000,47,47,70,70,2911288.0,0.0,7569451.0,11,2025
202511,MX,0203194000,47,47,70,70,7888260.0,0.0,20589991.0,11,2025
202511,MX,0203210000,47,47,70,70,58852.0,0.0,162842.0,11,2025
202511,MX,0203221000,47,47,70,70,321145.0,0.0,861951.0,11,2025
202511,MX,0203229000,47,47,70,70,56631.0,0.0,179491.0,11,2025
202511,MX,0203292000,47,47,70,70,1258064.0,0.0,4413112.0,11,2025
202511,MX,0203294000,47,47,70,70,4520218.0,0.0,14621652.0,11,2025
202512,MX,0203110000,47,47,70,70,546277.0,0.0,1222801.0,12,2025
202512,MX,0203121000,47,47,70,70,28250536.0,0.0,62707599.0,12,2025
202512,MX,0203129000,47,47,70,70,44143048.0,0.0,105399243.0,12,2025
202512,MX,0203192000,47,47,70,70,4129859.0,0.0,10961947.0,12,2025
202512,MX,0203194000,47,47,70,70,10456976.0,0.0,28685263.0,12,2025
202512,MX,0203210000,47,47,70,70,31334.0,0.0,40500.0,12,2025
202512,MX,0203221000,47,47,70,70,247435.0,0.0,726882.0,12,2025
202512,MX,0203229000,47,47,70,70,166215.0,0.0,423467.0,12,2025
202512,MX,0203292000,47,47,70,70,1916756.0,0.0,6242064.0,12,2025
202512,MX,0203294000,47,47,70,70,4995319.0,0.0,14784878.0,12,2025
