date,countryCode,hS10Code,censusUOMId1,censusUOMId2,fasConvertedUOMId,fasNonConvertedUOMId,quantity1,quantity2,value,mes_origen,year
199401,CA,0203121000,47,47,70,70,6003.0,0.0,10951.0,1,1994
199401,CA,0203192000,47,47,70,70,101769.0,0.0,284074.0,1,1994
199401,CA,0203292000,47,47,70,70,51710.0,0.0,160643.0,1,1994
199401,CA,0203294000,47,47,70,70,40243.0,0.0,160618.0,1,1994
199402,CA,0203110000,47,47,70,70,18634.0,0.0,33360.0,2,1994
199402,CA,0203121000,47,47,70,70,9214.0,0.0,16495.0,2,1994
199402,CA,0203192000,47,47,70,70,141170.0,0.0,310018.0,2,1994
199402,CA,0203229000,47,47,70,70,14613.0,0.0,28435.0,2,1994
199402,CA,0203292000,47,47,70,70,15926.0,0.0,92025.0,2,1994
199402,CA,0203294000,47,47,70,70,45811.0,0.0,166366.0,2,1994
199403,CA,0203110000,47,47,70,70,37644.0,0.0,48494.0,3,1994
199403,CA,0203121000,47,47,70,70,65164.0,0.0,103005.0,3,1994
199403,CA,0203192000,47,47,70,70,114870.0,0.0,339414.0,3,1994
199403,CA,0203229000,47,47,70,70,15766.0,0.0,30185.0,3,1994
199403,CA,0203292000,47,47,70,70,66697.0,0.0,265752.0,3,1994
199403,CA,0203294000,47,47,70,70,141336.0,0.0,554454.0,3,1994
199404,CA,0203192000,47,47,70,70,571492.0,0.0,1063635.0,4,1994
199404,CA,0203292000,47,47,70,70,59125.0,0.0,244519.0,4,1994
199404,CA,0203294000,47,47,70,70,73675.0,0.0,258136.0,4,1994
199405,CA,0203192000,47,47,70,70,253030.0,0.0,503596.0,5,1994
199405,CA,0203292000,47,47,70,70,19051.0,0.0,68047.0,5,1994
199405,CA,0203294000,47,47,70,70,212292.0,0.0,639330.0,5,1994
199406,CA,0203121000,47,47,70,70,50006.0,0.0,80443.0,6,1994
199406,CA,0203192000,47,47,70,70,731933.0,0.0,1119575.0,6,1994
199406,CA,0203292000,47,47,70,70,17691.0,0.0,70780.0,6,1994
199406,CA,0203294000,47,47,70,70,117631.0,0.0,290179.0,6,1994
199407,CA,0203121000,47,47,70,70,34024.0,0.0,48373.0,7,1994
199407,CA,0203192000,47,47,70,70,966803.0,0.0,1473149.0,7,1994
199407,CA,0203292000,47,47,70,70,35730.0,0.0,114070.0,7,1994
199407,CA,0203294000,47,47,70,70,132652.0,0.0,308664.0,7,1994
199408,CA,0203121000,47,47,70,70,208546.0,0.0,307941.0,8,1994
199408,CA,0203192000,47,47,70,70,1546412.0,0.0,2413827.0,8,1994
199408,CA,0203229000,47,47,70,70,22094.0,0.0,52437.0,8,1994
199408,CA,0203292000,47,47,70,70,21973.0,0.0,90243.0,8,1994
199408,CA,0203294000,47,47,70,70,118909.0,0.0,269378.0,8,1994
199409,CA,0203110000,47,47,70,70,19982.0,0.0,25300.0,9,1994
199409,CA,0203121000,47,47,70,70,584472.0,0.0,863164.0,9,1994
199409,CA,0203192000,47,47,70,70,1435560.0,0.0,2399666.0,9,1994
199409,CA,0203229000,47,47,70,70,116932.0,0.0,258250.0,9,1994
199409,CA,0203292000,47,47,70,70,7602.0,0.0,41067.0,9,1994
199409,CA,0203294000,47,47,70,70,160650.0,0.0,401784.0,9,1994
199410,CA,0203110000,47,47,70,70,24358.0,0.0,32759.0,10,1994
199410,CA,0203121000,47,47,70,70,404073.0,0.0,645139.0,10,1994
199410,CA,0203192000,47,47,70,70,1058127.0,0.0,1833696.0,10,1994
199410,CA,0203210000,47,47,70,70,20352.0,0.0,24170.0,10,1994
199410,CA,0203229000,47,47,70,70,87060.0,0.0,218883.0,10,1994
199410,CA,0203292000,47,47,70,70,61834.0,0.0,246867.0,10,1994
199410,CA,0203294000,47,47,70,70,279442.0,0.0,694978.0,10,1994
199411,CA,0203121000,47,47,70,70,339751.0,0.0,491266.0,11,1994
199411,CA,0203192000,47,47,70,70,566036.0,0.0,1369029.0,11,1994
199411,CA,0203210000,47,47,70,70,139453.0,0.0,158474.0,11,1994
199411,CA,0203292000,47,47,70,70,97072.0,0.0,329957.0,11,1994
199411,CA,0203294000,47,47,70,70,285954.0,0.0,728290.0,11,1994
199412,CA,0203121000,47,47,70,70,256785.0,0.0,420797.0,12,1994
199412,CA,0203192000,47,47,70,70,499879.0,0.0,1391352.0,12,1994
199412,CA,0203210000,47,47,70,70,139522.0,0.0,163792.0,12,1994
199412,CA,0203229000,47,47,70,70,14801.0,0.0,27831.0,12,1994
199412,CA,0203292000,47,47,70,70,20087.0,0.0,48055.0,12,1994
199412,CA,0203294000,47,47,70,70,249886.0,0.0,775199.0,12,1994
199501,CA,0203110000,47,47,70,70,18668.0,0.0,20261.0,1,1995
199501,CA,0203121000,47,47,70,70,227856.0,0.0,358301.0,1,1995
199501,CA,0203192000,47,47,70,70,378436.0,0.0,1018341.0,1,1995
199501,CA,0203210000,47,47,70,70,140569.0,0.0,190238.0,1,1995
199501,CA,0203292000,47,47,70,70,31026.0,0.0,96500.0,1,1995
199501,CA,0203294000,47,47,70,70,280855.0,0.0,788089.0,1,1995
199502,CA,0203121000,47,47,70,70,152643.0,0.0,215105.0,2,1995
199502,CA,0203192000,47,47,70,70,222328.0,0.0,793632.0,2,1995
199502,CA,0203210000,47,47,70,70,20358.0,0.0,29629.0,2,1995
199502,CA,0203229000,47,47,70,70,26626.0,0.0,49663.0,2,1995
199502,CA,0203292000,47,47,70,70,50077.0,0.0,148699.0,2,1995
199502,CA,0203294000,47,47,70,70,167968.0,0.0,479880.0,2,1995
199503,CA,0203121000,47,47,70,70,13356.0,0.0,29207.0,3,1995
199503,CA,0203192000,47,47,70,70,255193.0,0.0,791273.0,3,1995
199503,CA,0203292000,47,47,70,70,39769.0,0.0,100821.0,3,1995
199503,CA,0203294000,47,47,70,70,200834.0,0.0,541658.0,3,1995
199504,CA,0203121000,47,47,70,70,117531.0,0.0,191518.0,4,1995
199504,CA,0203192000,47,47,70,70,386430.0,0.0,1235135.0,4,1995
199504,CA,0203229000,47,47,70,70,10785.0,0.0,20294.0,4,1995
199504,CA,0203292000,47,47,70,70,58786.0,0.0,146064.0,4,1995
199504,CA,0203294000,47,47,70,70,101532.0,0.0,300521.0,4,1995
199505,CA,0203121000,47,47,70,70,15671.0,0.0,23178.0,5,1995
199505,CA,0203192000,47,47,70,70,317438.0,0.0,1043693.0,5,1995
199505,CA,0203292000,47,47,70,70,20348.0,0.0,61626.0,5,1995
199505,CA,0203294000,47,47,70,70,178517.0,0.0,415497.0,5,1995
199506,CA,0203121000,47,47,70,70,78623.0,0.0,123956.0,6,1995
199506,CA,0203192000,47,47,70,70,826914.0,0.0,2110038.0,6,1995
199506,CA,0203229000,47,47,70,70,39729.0,0.0,75170.0,6,1995
199506,CA,0203292000,47,47,70,70,36172.0,0.0,111283.0,6,1995
199506,CA,0203294000,47,47,70,70,235225.0,0.0,575409.0,6,1995
199507,CA,0203110000,47,47,70,70,39967.0,0.0,62656.0,7,1995
199507,CA,0203121000,47,47,70,70,77826.0,0.0,139617.0,7,1995
199507,CA,0203192000,47,47,70,70,951603.0,0.0,1585764.0,7,1995
199507,CA,0203229000,47,47,70,70,19068.0,0.0,28571.0,7,1995
199507,CA,0203292000,47,47,70,70,18666.0,0.0,52418.0,7,1995
199507,CA,0203294000,47,47,70,70,150255.0,0.0,349686.0,7,1995
199508,CA,0203121000,47,47,70,70,80974.0,0.0,165144.0,8,1995
199508,CA,0203192000,47,47,70,70,1171955.0,0.0,1782991.0,8,1995
199508,CA,0203292000,47,47,70,70,24332.0,0.0,72930.0,8,1995
199508,CA,0203294000,47,47,70,70,148042.0,0.0,373958.0,8,1995
199509,CA,0203121000,47,47,70,70,121481.0,0.0,247280.0,9,1995
199509,CA,0203192000,47,47,70,70,893020.0,0.0,1671201.0,9,1995
199509,CA,0203229000,47,47,70,70,17435.0,0.0,28339.0,9,1995
199509,CA,0203292000,47,47,70,70,19051.0,0.0,55666.0,9,1995
199509,CA,0203294000,47,47,70,70,142221.0,0.0,384390.0,9,1995
199510,CA,0203121000,47,47,70,70,30869.0,0.0,98070.0,10,1995
199510,CA,0203192000,47,47,70,70,1240484.0,0.0,2809950.0,10,1995
199510,CA,0203292000,47,47,70,70,1407.0,0.0,3493.0,10,1995
199510,CA,0203294000,47,47,70,70,61956.0,0.0,170058.0,10,1995
199511,CA,0203121000,47,47,70,70,120170.0,0.0,219997.0,11,1995
199511,CA,0203192000,47,47,70,70,1559270.0,0.0,2960264.0,11,1995
199511,CA,0203229000,47,47,70,70,69400.0,0.0,176311.0,11,1995
199511,CA,0203292000,47,47,70,70,37684.0,0.0,94248.0,11,1995
199511,CA,0203294000,47,47,70,70,236935.0,0.0,543193.0,11,1995
199512,CA,0203121000,47,47,70,70,63837.0,0.0,142827.0,12,1995
199512,CA,0203192000,47,47,70,70,1239419.0,0.0,2106668.0,12,1995
199512,CA,0203229000,47,47,70,70,70367.0,0.0,204617.0,12,1995
199512,CA,0203292000,47,47,70,70,33815.0,0.0,87214.0,12,1995
199512,CA,0203294000,47,47,70,70,240963.0,0.0,472382.0,12,1995
199601,CA,0203121000,47,47,70,70,68466.0,0.0,102562.0,1,1996
199601,CA,0203192000,47,47,70,70,1567584.0,0.0,2713710.0,1,1996
199601,CA,0203229000,47,47,70,70,128262.0,0.0,170205.0,1,1996
199601,CA,0203292000,47,47,70,70,58476.0,0.0,218609.0,1,1996
199601,CA,0203294000,47,47,70,70,427532.0,0.0,876666.0,1,1996
199602,CA,0203121000,47,47,70,70,139569.0,0.0,201375.0,2,1996
199602,CA,0203192000,47,47,70,70,1197600.0,0.0,2100355.0,2,1996
199602,CA,0203229000,47,47,70,70,111539.0,0.0,155405.0,2,1996
199602,CA,0203292000,47,47,70,70,22298.0,0.0,75738.0,2,1996
199602,CA,0203294000,47,47,70,70,1003255.0,0.0,1666595.0,2,1996
199603,CA,0203121000,47,47,70,70,93755.0,0.0,154934.0,3,1996
199603,CA,0203192000,47,47,70,70,1384517.0,0.0,2465073.0,3,1996
199603,CA,0203229000,47,47,70,70,57539.0,0.0,84989.0,3,1996
199603,CA,0203292000,47,47,70,70,39281.0,0.0,111591.0,3,1996
199603,CA,0203294000,47,47,70,70,785081.0,0.0,1492930.0,3,1996
199604,CA,0203121000,47,47,70,70,96145.0,0.0,138481.0,4,1996
199604,CA,0203192000,47,47,70,70,1350609.0,0.0,2483546.0,4,1996
199604,CA,0203292000,47,47,70,70,19051.0,0.0,55618.0,4,1996
199604,CA,0203294000,47,47,70,70,949189.0,0.0,1570982.0,4,1996
199605,CA,0203121000,47,47,70,70,128519.0,0.0,201022.0,5,1996
199605,CA,0203192000,47,47,70,70,1259054.0,0.0,2534481.0,5,1996
199605,CA,0203229000,47,47,70,70,19272.0,0.0,31968.0,5,1996
199605,CA,0203292000,47,47,70,70,1697.0,0.0,3948.0,5,1996
199605,CA,0203294000,47,47,70,70,767968.0,0.0,1362754.0,5,1996
199606,CA,0203121000,47,47,70,70,42537.0,0.0,72668.0,6,1996
199606,CA,0203192000,47,47,70,70,1112244.0,0.0,2255485.0,6,1996
199606,CA,0203292000,47,47,70,70,20766.0,0.0,62336.0,6,1996
199606,CA,0203294000,47,47,70,70,333576.0,0.0,721736.0,6,1996
199607,CA,0203121000,47,47,70,70,38330.0,0.0,73380.0,7,1996
199607,CA,0203192000,47,47,70,70,1244427.0,0.0,2996950.0,7,1996
199607,CA,0203229000,47,47,70,70,18143.0,0.0,42998.0,7,1996
199607,CA,0203292000,47,47,70,70,7266.0,0.0,30324.0,7,1996
199607,CA,0203294000,47,47,70,70,674030.0,0.0,1536019.0,7,1996
199608,CA,0203121000,47,47,70,70,48459.0,0.0,101559.0,8,1996
199608,CA,0203192000,47,47,70,70,1146587.0,0.0,2782651.0,8,1996
199608,CA,0203229000,47,47,70,70,89858.0,0.0,201260.0,8,1996
199608,CA,0203292000,47,47,70,70,13762.0,0.0,58621.0,8,1996
199608,CA,0203294000,47,47,70,70,263957.0,0.0,664126.0,8,1996
199609,CA,0203110000,47,47,70,70,41056.0,0.0,71072.0,9,1996
199609,CA,0203121000,47,47,70,70,285602.0,0.0,588351.0,9,1996
199609,CA,0203192000,47,47,70,70,601995.0,0.0,1330917.0,9,1996
199609,CA,0203229000,47,47,70,70,67309.0,0.0,182990.0,9,1996
199609,CA,0203292000,47,47,70,70,7261.0,0.0,35449.0,9,1996
199609,CA,0203294000,47,47,70,70,763034.0,0.0,1757174.0,9,1996
199610,CA,0203121000,47,47,70,70,15051.0,0.0,32747.0,10,1996
199610,CA,0203192000,47,47,70,70,1020929.0,0.0,2288667.0,10,1996
199610,CA,0203229000,47,47,70,70,37694.0,0.0,90117.0,10,1996
199610,CA,0203292000,47,47,70,70,19051.0,0.0,46715.0,10,1996
199610,CA,0203294000,47,47,70,70,607917.0,0.0,1511928.0,10,1996
199611,CA,0203121000,47,47,70,70,86934.0,0.0,173405.0,11,1996
199611,CA,0203192000,47,47,70,70,663610.0,0.0,1394522.0,11,1996
199611,CA,0203229000,47,47,70,70,58099.0,0.0,143891.0,11,1996
199611,CA,0203292000,47,47,70,70,20065.0,0.0,59032.0,11,1996
199611,CA,0203294000,47,47,70,70,542865.0,0.0,1460261.0,11,1996
199612,CA,0203121000,47,47,70,70,152430.0,0.0,286107.0,12,1996
199612,CA,0203192000,47,47,70,70,1311667.0,0.0,2648974.0,12,1996
199612,CA,0203292000,47,47,70,70,1093.0,0.0,2809.0,12,1996
199612,CA,0203294000,47,47,70,70,753105.0,0.0,1568196.0,12,1996
199701,CA,0203121000,47,47,70,70,84433.0,0.0,196989.0,1,1997
199701,CA,0203192000,47,47,70,70,1082352.0,0.0,2365101.0,1,1997
199701,CA,0203229000,47,47,70,70,38333.0,0.0,104609.0,1,1997
199701,CA,0203292000,47,47,70,70,22447.0,0.0,67607.0,1,1997
199701,CA,0203294000,47,47,70,70,823652.0,0.0,1599645.0,1,1997
199702,CA,0203110000,47,47,70,70,1844.0,0.0,3354.0,2,1997
199702,CA,0203121000,47,47,70,70,293110.0,0.0,579311.0,2,1997
199702,CA,0203192000,47,47,70,70,1532943.0,0.0,3432763.0,2,1997
199702,CA,0203229000,47,47,70,70,130425.0,0.0,215424.0,2,1997
199702,CA,0203292000,47,47,70,70,3726.0,0.0,13633.0,2,1997
199702,CA,0203294000,47,47,70,70,446254.0,0.0,1182085.0,2,1997
199703,CA,0203110000,47,47,70,70,9626.0,0.0,16937.0,3,1997
199703,CA,0203121000,47,47,70,70,362614.0,0.0,654935.0,3,1997
199703,CA,0203192000,47,47,70,70,1847775.0,0.0,4416881.0,3,1997
199703,CA,0203292000,47,47,70,70,26384.0,0.0,46189.0,3,1997
199703,CA,0203294000,47,47,70,70,586462.0,0.0,1251540.0,3,1997
199704,CA,0203110000,47,47,70,70,13887.0,0.0,23621.0,4,1997
199704,CA,0203121000,47,47,70,70,165315.0,0.0,243368.0,4,1997
199704,CA,0203192000,47,47,70,70,1844212.0,0.0,4260141.0,4,1997
199704,CA,0203292000,47,47,70,70,60578.0,0.0,105195.0,4,1997
199704,CA,0203294000,47,47,70,70,884323.0,0.0,2080969.0,4,1997
199705,CA,0203110000,47,47,70,70,5548.0,0.0,7332.0,5,1997
199705,CA,0203121000,47,47,70,70,147473.0,0.0,304740.0,5,1997
199705,CA,0203192000,47,47,70,70,1835678.0,0.0,4306845.0,5,1997
199705,CA,0203210000,47,47,70,70,13006.0,0.0,16825.0,5,1997
199705,CA,0203229000,47,47,70,70,1915.0,0.0,3712.0,5,1997
199705,CA,0203292000,47,47,70,70,21928.0,0.0,48851.0,5,1997
199705,CA,0203294000,47,47,70,70,1231676.0,0.0,2809080.0,5,1997
199706,CA,0203121000,47,47,70,70,398374.0,0.0,737643.0,6,1997
199706,CA,0203192000,47,47,70,70,2497343.0,0.0,6124000.0,6,1997
199706,CA,0203292000,47,47,70,70,33291.0,0.0,106112.0,6,1997
199706,CA,0203294000,47,47,70,70,587194.0,0.0,1464636.0,6,1997
199707,CA,0203121000,47,47,70,70,149709.0,0.0,249513.0,7,1997
199707,CA,0203192000,47,47,70,70,1555560.0,0.0,3845187.0,7,1997
199707,CA,0203292000,47,47,70,70,17177.0,0.0,84987.0,7,1997
199707,CA,0203294000,47,47,70,70,787765.0,0.0,1919844.0,7,1997
199708,CA,0203121000,47,47,70,70,95361.0,0.0,175092.0,8,1997
199708,CA,0203192000,47,47,70,70,1617838.0,0.0,4079654.0,8,1997
199708,CA,0203229000,47,47,70,70,38214.0,0.0,76558.0,8,1997
199708,CA,0203292000,47,47,70,70,34097.0,0.0,208331.0,8,1997
199708,CA,0203294000,47,47,70,70,557072.0,0.0,1654595.0,8,1997
199709,CA,0203121000,47,47,70,70,304910.0,0.0,598747.0,9,1997
199709,CA,0203192000,47,47,70,70,1709659.0,0.0,3951436.0,9,1997
199709,CA,0203229000,47,47,70,70,25751.0,0.0,65233.0,9,1997
199709,CA,0203292000,47,47,70,70,39039.0,0.0,169286.0,9,1997
199709,CA,0203294000,47,47,70,70,532720.0,0.0,1413704.0,9,1997
199710,CA,0203121000,47,47,70,70,90400.0,0.0,214435.0,10,1997
199710,CA,0203192000,47,47,70,70,2499761.0,0.0,4845372.0,10,1997
199710,CA,0203292000,47,47,70,70,59432.0,0.0,191547.0,10,1997
199710,CA,0203294000,47,47,70,70,513903.0,0.0,1349048.0,10,1997
199711,CA,0203121000,47,47,70,70,324763.0,0.0,604187.0,11,1997
199711,CA,0203192000,47,47,70,70,2880069.0,0.0,5809097.0,11,1997
199711,CA,0203229000,47,47,70,70,48072.0,0.0,122791.0,11,1997
199711,CA,0203292000,47,47,70,70,5990.0,0.0,16485.0,11,1997
199711,CA,0203294000,47,47,70,70,517273.0,0.0,1268204.0,11,1997
199712,CA,0203121000,47,47,70,70,231867.0,0.0,438154.0,12,1997
199712,CA,0203192000,47,47,70,70,1811555.0,0.0,3784442.0,12,1997
199712,CA,0203229000,47,47,70,70,168239.0,0.0,319046.0,12,1997
199712,CA,0203292000,47,47,70,70,56372.0,0.0,196223.0,12,1997
199712,CA,0203294000,47,47,70,70,617046.0,0.0,1323117.0,12,1997
199801,CA,0203121000,47,47,70,70,443874.0,0.0,853870.0,1,1998
199801,CA,0203192000,47,47,70,70,2162429.0,0.0,4223094.0,1,1998
199801,CA,0203229000,47,47,70,70,75886.0,0.0,160926.0,1,1998
199801,CA,0203292000,47,47,70,70,45773.0,0.0,131670.0,1,1998
199801,CA,0203294000,47,47,70,70,1001645.0,0.0,2129541.0,1,1998
199802,CA,0203121000,47,47,70,70,226828.0,0.0,452774.0,2,1998
199802,CA,0203192000,47,47,70,70,1761774.0,0.0,3341119.0,2,1998
199802,CA,0203229000,47,47,70,70,59212.0,0.0,127209.0,2,1998
199802,CA,0203292000,47,47,70,70,61766.0,0.0,193669.0,2,1998
199802,CA,0203294000,47,47,70,70,1287736.0,0.0,2590168.0,2,1998
199803,CA,0203110000,47,47,70,70,3042.0,0.0,3222.0,3,1998
199803,CA,0203121000,47,47,70,70,136659.0,0.0,267225.0,3,1998
199803,CA,0203192000,47,47,70,70,1219149.0,0.0,3034596.0,3,1998
199803,CA,0203229000,47,47,70,70,127864.0,0.0,283549.0,3,1998
199803,CA,0203292000,47,47,70,70,35064.0,0.0,104598.0,3,1998
199803,CA,0203294000,47,47,70,70,1093189.0,0.0,2118258.0,3,1998
199804,CA,0203121000,47,47,70,70,76475.0,0.0,184400.0,4,1998
199804,CA,0203192000,47,47,70,70,1322084.0,0.0,2806901.0,4,1998
199804,CA,0203229000,47,47,70,70,39159.0,0.0,91416.0,4,1998
199804,CA,0203292000,47,47,70,70,64121.0,0.0,214457.0,4,1998
199804,CA,0203294000,47,47,70,70,951914.0,0.0,1949509.0,4,1998
199805,CA,0203121000,47,47,70,70,309176.0,0.0,652964.0,5,1998
199805,CA,0203192000,47,47,70,70,2363434.0,0.0,4945286.0,5,1998
199805,CA,0203229000,47,47,70,70,37675.0,0.0,67289.0,5,1998
199805,CA,0203292000,47,47,70,70,25361.0,0.0,61397.0,5,1998
199805,CA,0203294000,47,47,70,70,1348104.0,0.0,2386758.0,5,1998
199806,CA,0203121000,47,47,70,70,377814.0,0.0,561027.0,6,1998
199806,CA,0203192000,47,47,70,70,1354421.0,0.0,3015996.0,6,1998
199806,CA,0203229000,47,47,70,70,39575.0,0.0,62882.0,6,1998
199806,CA,0203292000,47,47,70,70,24523.0,0.0,69183.0,6,1998
199806,CA,0203294000,47,47,70,70,1265997.0,0.0,2478677.0,6,1998
199807,CA,0203121000,47,47,70,70,142793.0,0.0,231252.0,7,1998
199807,CA,0203192000,47,47,70,70,1401047.0,0.0,2759839.0,7,1998
199807,CA,0203229000,47,47,70,70,20301.0,0.0,46169.0,7,1998
199807,CA,0203292000,47,47,70,70,29742.0,0.0,82642.0,7,1998
199807,CA,0203294000,47,47,70,70,737974.0,0.0,1349983.0,7,1998
199808,CA,0203121000,47,47,70,70,47655.0,0.0,86119.0,8,1998
199808,CA,0203192000,47,47,70,70,1025075.0,0.0,2096829.0,8,1998
199808,CA,0203292000,47,47,70,70,43239.0,0.0,165506.0,8,1998
199808,CA,0203294000,47,47,70,70,853184.0,0.0,1554713.0,8,1998
199809,CA,0203121000,47,47,70,70,71596.0,0.0,169599.0,9,1998
199809,CA,0203192000,47,47,70,70,1425213.0,0.0,2805629.0,9,1998
199809,CA,0203229000,47,47,70,70,20381.0,0.0,39626.0,9,1998
199809,CA,0203292000,47,47,70,70,8316.0,0.0,30950.0,9,1998
199809,CA,0203294000,47,47,70,70,1075138.0,0.0,1920282.0,9,1998
199810,CA,0203121000,47,47,70,70,16707.0,0.0,58824.0,10,1998
199810,CA,0203192000,47,47,70,70,722545.0,0.0,1797657.0,10,1998
199810,CA,0203229000,47,47,70,70,10876.0,0.0,21404.0,10,1998
199810,CA,0203292000,47,47,70,70,13053.0,0.0,56127.0,10,1998
199810,CA,0203294000,47,47,70,70,832152.0,0.0,1836284.0,10,1998
199811,CA,0203121000,47,47,70,70,271062.0,0.0,876887.0,11,1998
199811,CA,0203192000,47,47,70,70,822819.0,0.0,2092913.0,11,1998
199811,CA,0203229000,47,47,70,70,41362.0,0.0,81197.0,11,1998
199811,CA,0203292000,47,47,70,70,1370.0,0.0,3506.0,11,1998
199811,CA,0203294000,47,47,70,70,969299.0,0.0,1988120.0,11,1998
199812,CA,0203121000,47,47,70,70,237436.0,0.0,629013.0,12,1998
199812,CA,0203192000,47,47,70,70,1125822.0,0.0,2545599.0,12,1998
199812,CA,0203229000,47,47,70,70,38941.0,0.0,79733.0,12,1998
199812,CA,0203292000,47,47,70,70,3921.0,0.0,15846.0,12,1998
199812,CA,0203294000,47,47,70,70,946160.0,0.0,1550894.0,12,1998
199901,CA,0203121000,47,47,70,70,169683.0,0.0,513281.0,1,1999
199901,CA,0203192000,47,47,70,70,735008.0,0.0,1674366.0,1,1999
199901,CA,0203229000,47,47,70,70,13477.0,0.0,28219.0,1,1999
199901,CA,0203292000,47,47,70,70,17959.0,0.0,70274.0,1,1999
199901,CA,0203294000,47,47,70,70,1036920.0,0.0,2061547.0,1,1999
199902,CA,0203121000,47,47,70,70,180177.0,0.0,384445.0,2,1999
199902,CA,0203192000,47,47,70,70,1031424.0,0.0,2636357.0,2,1999
199902,CA,0203229000,47,47,70,70,3727.0,0.0,8113.0,2,1999
199902,CA,0203292000,47,47,70,70,2086.0,0.0,10841.0,2,1999
199902,CA,0203294000,47,47,70,70,1115648.0,0.0,2115985.0,2,1999
199903,CA,0203121000,47,47,70,70,85134.0,0.0,214444.0,3,1999
199903,CA,0203192000,47,47,70,70,840320.0,0.0,2058937.0,3,1999
199903,CA,0203229000,47,47,70,70,6961.0,0.0,15007.0,3,1999
199903,CA,0203292000,47,47,70,70,2826.0,0.0,5246.0,3,1999
199903,CA,0203294000,47,47,70,70,993222.0,0.0,1984839.0,3,1999
199904,CA,0203121000,47,47,70,70,199151.0,0.0,430859.0,4,1999
199904,CA,0203192000,47,47,70,70,1454795.0,0.0,2919395.0,4,1999
199904,CA,0203229000,47,47,70,70,4233.0,0.0,9714.0,4,1999
199904,CA,0203292000,47,47,70,70,7928.0,0.0,37337.0,4,1999
199904,CA,0203294000,47,47,70,70,1106032.0,0.0,1962729.0,4,1999
199905,CA,0203121000,47,47,70,70,112664.0,0.0,223488.0,5,1999
199905,CA,0203192000,47,47,70,70,1450105.0,0.0,2466730.0,5,1999
199905,CA,0203229000,47,47,70,70,11759.0,0.0,20277.0,5,1999
199905,CA,0203292000,47,47,70,70,32261.0,0.0,109467.0,5,1999
199905,CA,0203294000,47,47,70,70,1154842.0,0.0,2036965.0,5,1999
199906,CA,0203110000,47,47,70,70,15113.0,0.0,18780.0,6,1999
199906,CA,0203121000,47,47,70,70,83172.0,0.0,251256.0,6,1999
199906,CA,0203192000,47,47,70,70,1352415.0,0.0,2419487.0,6,1999
199906,CA,0203292000,47,47,70,70,1388.0,0.0,3559.0,6,1999
199906,CA,0203294000,47,47,70,70,1065855.0,0.0,1990009.0,6,1999
199907,CA,0203121000,47,47,70,70,25595.0,0.0,73915.0,7,1999
199907,CA,0203192000,47,47,70,70,1643571.0,0.0,2989134.0,7,1999
199907,CA,0203229000,47,47,70,70,10085.0,0.0,17872.0,7,1999
199907,CA,0203292000,47,47,70,70,27281.0,0.0,117249.0,7,1999
199907,CA,0203294000,47,47,70,70,1247891.0,0.0,2283902.0,7,1999
199908,CA,0203121000,47,47,70,70,107878.0,0.0,201435.0,8,1999
199908,CA,0203192000,47,47,70,70,1041097.0,0.0,2357933.0,8,1999
199908,CA,0203229000,47,47,70,70,28948.0,0.0,51136.0,8,1999
199908,CA,0203292000,47,47,70,70,11547.0,0.0,23640.0,8,1999
199908,CA,0203294000,47,47,70,70,820527.0,0.0,1682554.0,8,1999
199909,CA,0203121000,47,47,70,70,404856.0,0.0,663131.0,9,1999
199909,CA,0203192000,47,47,70,70,1508766.0,0.0,3211958.0,9,1999
199909,CA,0203229000,47,47,70,70,32999.0,0.0,53522.0,9,1999
199909,CA,0203292000,47,47,70,70,21832.0,0.0,91428.0,9,1999
199909,CA,0203294000,47,47,70,70,751319.0,0.0,1557541.0,9,1999
199910,CA,0203121000,47,47,70,70,378811.0,0.0,696916.0,10,1999
199910,CA,0203192000,47,47,70,70,1017293.0,0.0,2390366.0,10,1999
199910,CA,0203229000,47,47,70,70,82355.0,0.0,170771.0,10,1999
199910,CA,0203292000,47,47,70,70,80927.0,0.0,243538.0,10,1999
199910,CA,0203294000,47,47,70,70,695224.0,0.0,1484649.0,10,1999
199911,CA,0203121000,47,47,70,70,508261.0,0.0,882163.0,11,1999
199911,CA,0203192000,47,47,70,70,1295819.0,0.0,2983632.0,11,1999
199911,CA,0203229000,47,47,70,70,260200.0,0.0,436129.0,11,1999
199911,CA,0203292000,47,47,70,70,21079.0,0.0,85100.0,11,1999
199911,CA,0203294000,47,47,70,70,844242.0,0.0,1677608.0,11,1999
199912,CA,0203121000,47,47,70,70,553423.0,0.0,851675.0,12,1999
199912,CA,0203192000,47,47,70,70,886568.0,0.0,2052195.0,12,1999
199912,CA,0203229000,47,47,70,70,244706.0,0.0,388119.0,12,1999
199912,CA,0203292000,47,47,70,70,77394.0,0.0,307976.0,12,1999
199912,CA,0203294000,47,47,70,70,803718.0,0.0,1627876.0,12,1999
200001,CA,0203121000,47,47,70,70,310011.0,0.0,498731.0,1,2000
200001,CA,0203192000,47,47,70,70,1381337.0,0.0,3321196.0,1,2000
200001,CA,0203229000,47,47,70,70,225742.0,0.0,427917.0,1,2000
200001,CA,0203292000,47,47,70,70,67737.0,0.0,325176.0,1,2000
200001,CA,0203294000,47,47,70,70,914433.0,0.0,2093278.0,1,2000
200002,CA,0203121000,47,47,70,70,309917.0,0.0,823991.0,2,2000
200002,CA,0203192000,47,47,70,70,1333529.0,0.0,3301064.0,2,2000
200002,CA,0203229000,47,47,70,70,216985.0,0.0,457050.0,2,2000
200002,CA,0203292000,47,47,70,70,73389.0,0.0,337420.0,2,2000
200002,CA,0203294000,47,47,70,70,894197.0,0.0,1922208.0,2,2000
200003,CA,0203121000,47,47,70,70,600159.0,0.0,1102154.0,3,2000
200003,CA,0203192000,47,47,70,70,1452660.0,0.0,3249104.0,3,2000
200003,CA,0203229000,47,47,70,70,179213.0,0.0,353214.0,3,2000
200003,CA,0203292000,47,47,70,70,34642.0,0.0,165458.0,3,2000
200003,CA,0203294000,47,47,70,70,709189.0,0.0,1582923.0,3,2000
200004,CA,0203121000,47,47,70,70,405896.0,0.0,687958.0,4,2000
200004,CA,0203192000,47,47,70,70,1106993.0,0.0,2544945.0,4,2000
200004,CA,0203229000,47,47,70,70,215967.0,0.0,429234.0,4,2000
200004,CA,0203292000,47,47,70,70,45994.0,0.0,253342.0,4,2000
200004,CA,0203294000,47,47,70,70,517881.0,0.0,1137358.0,4,2000
200005,CA,0203121000,47,47,70,70,360291.0,0.0,708591.0,5,2000
200005,CA,0203192000,47,47,70,70,1292170.0,0.0,3010964.0,5,2000
200005,CA,0203229000,47,47,70,70,220864.0,0.0,389330.0,5,2000
200005,CA,0203292000,47,47,70,70,80955.0,0.0,401853.0,5,2000
200005,CA,0203294000,47,47,70,70,350286.0,0.0,724259.0,5,2000
200006,CA,0203121000,47,47,70,70,249940.0,0.0,625219.0,6,2000
200006,CA,0203192000,47,47,70,70,1360930.0,0.0,3447830.0,6,2000
200006,CA,0203229000,47,47,70,70,79289.0,0.0,121755.0,6,2000
200006,CA,0203292000,47,47,70,70,67168.0,0.0,332842.0,6,2000
200006,CA,0203294000,47,47,70,70,361020.0,0.0,878038.0,6,2000
200007,CA,0203121000,47,47,70,70,334317.0,0.0,585340.0,7,2000
200007,CA,0203192000,47,47,70,70,1745921.0,0.0,4649002.0,7,2000
200007,CA,0203229000,47,47,70,70,39573.0,0.0,96139.0,7,2000
200007,CA,0203292000,47,47,70,70,107029.0,0.0,396931.0,7,2000
200007,CA,0203294000,47,47,70,70,396764.0,0.0,955915.0,7,2000
200008,CA,0203121000,47,47,70,70,519400.0,0.0,889770.0,8,2000
200008,CA,0203192000,47,47,70,70,1747844.0,0.0,4527246.0,8,2000
200008,CA,0203229000,47,47,70,70,79805.0,0.0,151016.0,8,2000
200008,CA,0203292000,47,47,70,70,96858.0,0.0,373357.0,8,2000
200008,CA,0203294000,47,47,70,70,486513.0,0.0,1110563.0,8,2000
200009,CA,0203121000,47,47,70,70,697591.0,0.0,1214743.0,9,2000
200009,CA,0203192000,47,47,70,70,1551568.0,0.0,4297572.0,9,2000
200009,CA,0203229000,47,47,70,70,282424.0,0.0,431715.0,9,2000
200009,CA,0203292000,47,47,70,70,70872.0,0.0,375023.0,9,2000
200009,CA,0203294000,47,47,70,70,484690.0,0.0,1079922.0,9,2000
200010,CA,0203121000,47,47,70,70,823488.0,0.0,1233179.0,10,2000
200010,CA,0203192000,47,47,70,70,1492230.0,0.0,3777155.0,10,2000
200010,CA,0203229000,47,47,70,70,154877.0,0.0,268170.0,10,2000
200010,CA,0203292000,47,47,70,70,32644.0,0.0,194038.0,10,2000
200010,CA,0203294000,47,47,70,70,647568.0,0.0,1451539.0,10,2000
200011,CA,0203121000,47,47,70,70,1262746.0,0.0,2026696.0,11,2000
200011,CA,0203192000,47,47,70,70,2106626.0,0.0,4782000.0,11,2000
200011,CA,0203292000,47,47,70,70,53636.0,0.0,218671.0,11,2000
200011,CA,0203294000,47,47,70,70,598424.0,0.0,1368275.0,11,2000
200012,CA,0203121000,47,47,70,70,621799.0,0.0,1042908.0,12,2000
200012,CA,0203192000,47,47,70,70,1177063.0,0.0,3054359.0,12,2000
200012,CA,0203229000,47,47,70,70,21000.0,0.0,27253.0,12,2000
200012,CA,0203292000,47,47,70,70,48437.0,0.0,195994.0,12,2000
200012,CA,0203294000,47,47,70,70,526485.0,0.0,1243395.0,12,2000
200101,CA,0203121000,47,47,70,70,596052.0,0.0,1469852.0,1,2001
200101,CA,0203192000,47,47,70,70,1385932.0,0.0,3385598.0,1,2001
200101,CA,0203229000,47,47,70,70,20807.0,0.0,41531.0,1,2001
200101,CA,0203292000,47,47,70,70,101455.0,0.0,457105.0,1,2001
200101,CA,0203294000,47,47,70,70,571199.0,0.0,1147250.0,1,2001
200102,CA,0203121000,47,47,70,70,871597.0,0.0,1585016.0,2,2001
200102,CA,0203192000,47,47,70,70,1543685.0,0.0,3921402.0,2,2001
200102,CA,0203229000,47,47,70,70,152438.0,0.0,312105.0,2,2001
200102,CA,0203292000,47,47,70,70,30493.0,0.0,167222.0,2,2001
200102,CA,0203294000,47,47,70,70,740657.0,0.0,1615686.0,2,2001
200103,CA,0203121000,47,47,70,70,1344478.0,0.0,2168382.0,3,2001
200103,CA,0203192000,47,47,70,70,2377123.0,0.0,5834517.0,3,2001
200103,CA,0203229000,47,47,70,70,154582.0,0.0,213844.0,3,2001
200103,CA,0203292000,47,47,70,70,48544.0,0.0,222167.0,3,2001
200103,CA,0203294000,47,47,70,70,1416408.0,0.0,2728381.0,3,2001
200104,CA,0203121000,47,47,70,70,1395644.0,0.0,2196559.0,4,2001
200104,CA,0203192000,47,47,70,70,2410723.0,0.0,5469570.0,4,2001
200104,CA,0203229000,47,47,70,70,101923.0,0.0,163247.0,4,2001
200104,CA,0203292000,47,47,70,70,29506.0,0.0,159593.0,4,2001
200104,CA,0203294000,47,47,70,70,924681.0,0.0,1828912.0,4,2001
200105,CA,0203121000,47,47,70,70,1117748.0,0.0,1729129.0,5,2001
200105,CA,0203192000,47,47,70,70,2388169.0,0.0,5150562.0,5,2001
200105,CA,0203229000,47,47,70,70,27366.0,0.0,39442.0,5,2001
200105,CA,0203292000,47,47,70,70,67322.0,0.0,360595.0,5,2001
200105,CA,0203294000,47,47,70,70,970165.0,0.0,1871798.0,5,2001
200106,CA,0203121000,47,47,70,70,1097611.0,0.0,1927843.0,6,2001
200106,CA,0203192000,47,47,70,70,2005203.0,0.0,4644074.0,6,2001
200106,CA,0203229000,47,47,70,70,18221.0,0.0,24300.0,6,2001
200106,CA,0203292000,47,47,70,70,52431.0,0.0,234605.0,6,2001
200106,CA,0203294000,47,47,70,70,1467239.0,0.0,2568365.0,6,2001
200107,CA,0203121000,47,47,70,70,644393.0,0.0,1418412.0,7,2001
200107,CA,0203192000,47,47,70,70,1527934.0,0.0,4248909.0,7,2001
200107,CA,0203229000,47,47,70,70,11049.0,0.0,18646.0,7,2001
200107,CA,0203292000,47,47,70,70,48840.0,0.0,140409.0,7,2001
200107,CA,0203294000,47,47,70,70,793318.0,0.0,1443076.0,7,2001
200108,CA,0203121000,47,47,70,70,739774.0,0.0,1164342.0,8,2001
200108,CA,0203192000,47,47,70,70,1242031.0,0.0,3817223.0,8,2001
200108,CA,0203229000,47,47,70,70,1350.0,0.0,2970.0,8,2001
200108,CA,0203292000,47,47,70,70,19573.0,0.0,74817.0,8,2001
200108,CA,0203294000,47,47,70,70,581908.0,0.0,1243428.0,8,2001
200109,CA,0203121000,47,47,70,70,920731.0,0.0,1491092.0,9,2001
200109,CA,0203192000,47,47,70,70,1853938.0,0.0,4978459.0,9,2001
200109,CA,0203229000,47,47,70,70,2893.0,0.0,4031.0,9,2001
200109,CA,0203292000,47,47,70,70,90966.0,0.0,392033.0,9,2001
200109,CA,0203294000,47,47,70,70,482364.0,0.0,1190500.0,9,2001
200110,CA,0203121000,47,47,70,70,805972.0,0.0,1314774.0,10,2001
200110,CA,0203192000,47,47,70,70,1856787.0,0.0,5289500.0,10,2001
200110,CA,0203229000,47,47,70,70,2388.0,0.0,3903.0,10,2001
200110,CA,0203292000,47,47,70,70,75017.0,0.0,307438.0,10,2001
200110,CA,0203294000,47,47,70,70,574032.0,0.0,1400456.0,10,2001
200111,CA,0203121000,47,47,70,70,1183242.0,0.0,1873340.0,11,2001
200111,CA,0203192000,47,47,70,70,3188363.0,0.0,7547087.0,11,2001
200111,CA,0203229000,47,47,70,70,169547.0,0.0,238843.0,11,2001
200111,CA,0203292000,47,47,70,70,28559.0,0.0,133542.0,11,2001
200111,CA,0203294000,47,47,70,70,697826.0,0.0,1418766.0,11,2001
200112,CA,0203121000,47,47,70,70,766101.0,0.0,1378062.0,12,2001
200112,CA,0203192000,47,47,70,70,2155538.0,0.0,5167304.0,12,2001
200112,CA,0203229000,47,47,70,70,95060.0,0.0,115440.0,12,2001
200112,CA,0203292000,47,47,70,70,37769.0,0.0,162656.0,12,2001
200112,CA,0203294000,47,47,70,70,681665.0,0.0,1577704.0,12,2001
200201,CA,0203121000,47,47,70,70,833807.0,0.0,1330897.0,1,2002
200201,CA,0203192000,47,47,70,70,2611075.0,0.0,6608123.0,1,2002
200201,CA,0203229000,47,47,70,70,43680.0,0.0,89497.0,1,2002
200201,CA,0203292000,47,47,70,70,37331.0,0.0,150502.0,1,2002
200201,CA,0203294000,47,47,70,70,705592.0,0.0,1475354.0,1,2002
200202,CA,0203121000,47,47,70,70,1142088.0,0.0,1963326.0,2,2002
200202,CA,0203192000,47,47,70,70,2642754.0,0.0,6566928.0,2,2002
200202,CA,0203229000,47,47,70,70,63095.0,0.0,105708.0,2,2002
200202,CA,0203292000,47,47,70,70,116221.0,0.0,468591.0,2,2002
200202,CA,0203294000,47,47,70,70,1144606.0,0.0,2333082.0,2,2002
200203,CA,0203110000,47,47,70,70,4772.0,0.0,7063.0,3,2002
200203,CA,0203121000,47,47,70,70,833676.0,0.0,1815673.0,3,2002
200203,CA,0203192000,47,47,70,70,2339182.0,0.0,6228333.0,3,2002
200203,CA,0203229000,47,47,70,70,41114.0,0.0,72243.0,3,2002
200203,CA,0203292000,47,47,70,70,155486.0,0.0,699619.0,3,2002
200203,CA,0203294000,47,47,70,70,932553.0,0.0,1853081.0,3,2002
200204,CA,0203110000,47,47,70,70,10065.0,0.0,14262.0,4,2002
200204,CA,0203121000,47,47,70,70,396294.0,0.0,1078477.0,4,2002
200204,CA,0203192000,47,47,70,70,2296131.0,0.0,5097093.0,4,2002
200204,CA,0203229000,47,47,70,70,65566.0,0.0,258785.0,4,2002
200204,CA,0203292000,47,47,70,70,79505.0,0.0,321719.0,4,2002
200204,CA,0203294000,47,47,70,70,1129506.0,0.0,2032279.0,4,2002
200205,CA,0203121000,47,47,70,70,595905.0,0.0,1432284.0,5,2002
200205,CA,0203192000,47,47,70,70,3057774.0,0.0,7618320.0,5,2002
200205,CA,0203229000,47,47,70,70,49598.0,0.0,87716.0,5,2002
200205,CA,0203292000,47,47,70,70,126669.0,0.0,538044.0,5,2002
200205,CA,0203294000,47,47,70,70,1248382.0,0.0,2634181.0,5,2002
200206,CA,0203121000,47,47,70,70,464043.0,0.0,1078266.0,6,2002
200206,CA,0203192000,47,47,70,70,2311910.0,0.0,5151063.0,6,2002
200206,CA,0203229000,47,47,70,70,58842.0,0.0,92365.0,6,2002
200206,CA,0203292000,47,47,70,70,83548.0,0.0,348691.0,6,2002
200206,CA,0203294000,47,47,70,70,936810.0,0.0,2109369.0,6,2002
200207,CA,0203121000,47,47,70,70,426491.0,0.0,836061.0,7,2002
200207,CA,0203192000,47,47,70,70,2136033.0,0.0,5510762.0,7,2002
200207,CA,0203229000,47,47,70,70,18524.0,0.0,34712.0,7,2002
200207,CA,0203292000,47,47,70,70,68142.0,0.0,306831.0,7,2002
200207,CA,0203294000,47,47,70,70,867236.0,0.0,2110407.0,7,2002
200208,CA,0203121000,47,47,70,70,587291.0,0.0,1299684.0,8,2002
200208,CA,0203192000,47,47,70,70,2198592.0,0.0,5099585.0,8,2002
200208,CA,0203229000,47,47,70,70,7389.0,0.0,14498.0,8,2002
200208,CA,0203292000,47,47,70,70,46919.0,0.0,169966.0,8,2002
200208,CA,0203294000,47,47,70,70,652978.0,0.0,1639851.0,8,2002
200209,CA,0203121000,47,47,70,70,831764.0,0.0,1678595.0,9,2002
200209,CA,0203192000,47,47,70,70,2183663.0,0.0,4670448.0,9,2002
200209,CA,0203229000,47,47,70,70,6743.0,0.0,13836.0,9,2002
200209,CA,0203292000,47,47,70,70,24213.0,0.0,106413.0,9,2002
200209,CA,0203294000,47,47,70,70,796271.0,0.0,1887977.0,9,2002
200210,CA,0203121000,47,47,70,70,592076.0,0.0,1004773.0,10,2002
200210,CA,0203192000,47,47,70,70,1615760.0,0.0,4031512.0,10,2002
200210,CA,0203229000,47,47,70,70,45269.0,0.0,95668.0,10,2002
200210,CA,0203292000,47,47,70,70,121687.0,0.0,489448.0,10,2002
200210,CA,0203294000,47,47,70,70,917848.0,0.0,1988012.0,10,2002
200211,CA,0203121000,47,47,70,70,549014.0,0.0,983400.0,11,2002
200211,CA,0203192000,47,47,70,70,2683122.0,0.0,6748138.0,11,2002
200211,CA,0203229000,47,47,70,70,37527.0,0.0,70467.0,11,2002
200211,CA,0203292000,47,47,70,70,117596.0,0.0,509332.0,11,2002
200211,CA,0203294000,47,47,70,70,892655.0,0.0,1824295.0,11,2002
200212,CA,0203121000,47,47,70,70,389778.0,0.0,709028.0,12,2002
200212,CA,0203192000,47,47,70,70,1973835.0,0.0,4778006.0,12,2002
200212,CA,0203229000,47,47,70,70,7768.0,0.0,20311.0,12,2002
200212,CA,0203292000,47,47,70,70,100066.0,0.0,456816.0,12,2002
200212,CA,0203294000,47,47,70,70,709493.0,0.0,1576892.0,12,2002
200301,CA,0203121000,47,47,70,70,487603.0,0.0,1080106.0,1,2003
200301,CA,0203192000,47,47,70,70,1584441.0,0.0,3946012.0,1,2003
200301,CA,0203229000,47,47,70,70,29668.0,0.0,67177.0,1,2003
200301,CA,0203292000,47,47,70,70,79593.0,0.0,319524.0,1,2003
200301,CA,0203294000,47,47,70,70,1113750.0,0.0,2301736.0,1,2003
200302,CA,0203121000,47,47,70,70,387121.0,0.0,838373.0,2,2003
200302,CA,0203192000,47,47,70,70,2460201.0,0.0,6139509.0,2,2003
200302,CA,0203229000,47,47,70,70,13019.0,0.0,28113.0,2,2003
200302,CA,0203292000,47,47,70,70,17533.0,0.0,82134.0,2,2003
200302,CA,0203294000,47,47,70,70,772143.0,0.0,1565691.0,2,2003
200303,CA,0203121000,47,47,70,70,411194.0,0.0,893380.0,3,2003
200303,CA,0203192000,47,47,70,70,2432219.0,0.0,6070883.0,3,2003
200303,CA,0203229000,47,47,70,70,15026.0,0.0,23214.0,3,2003
200303,CA,0203292000,47,47,70,70,48387.0,0.0,214448.0,3,2003
200303,CA,0203294000,47,47,70,70,783199.0,0.0,1782938.0,3,2003
200304,CA,0203121000,47,47,70,70,282451.0,0.0,630830.0,4,2003
200304,CA,0203192000,47,47,70,70,1942724.0,0.0,4764619.0,4,2003
200304,CA,0203229000,47,47,70,70,10127.0,0.0,25035.0,4,2003
200304,CA,0203292000,47,47,70,70,65517.0,0.0,268427.0,4,2003
200304,CA,0203294000,47,47,70,70,588968.0,0.0,1261200.0,4,2003
200305,CA,0203110000,47,47,70,70,2535.0,0.0,3978.0,5,2003
200305,CA,0203121000,47,47,70,70,404004.0,0.0,883418.0,5,2003
200305,CA,0203192000,47,47,70,70,2723738.0,0.0,7184778.0,5,2003
200305,CA,0203292000,47,47,70,70,49027.0,0.0,235296.0,5,2003
200305,CA,0203294000,47,47,70,70,731606.0,0.0,1764710.0,5,2003
200306,CA,0203121000,47,47,70,70,423998.0,0.0,1047524.0,6,2003
200306,CA,0203192000,47,47,70,70,2100814.0,0.0,5305419.0,6,2003
200306,CA,0203229000,47,47,70,70,6607.0,0.0,14434.0,6,2003
200306,CA,0203292000,47,47,70,70,77226.0,0.0,344475.0,6,2003
200306,CA,0203294000,47,47,70,70,389809.0,0.0,870800.0,6,2003
200307,CA,0203110000,47,47,70,70,3893.0,0.0,4670.0,7,2003
200307,CA,0203121000,47,47,70,70,452708.0,0.0,1003914.0,7,2003
200307,CA,0203192000,47,47,70,70,2379391.0,0.0,5829806.0,7,2003
200307,CA,0203229000,47,47,70,70,37102.0,0.0,68996.0,7,2003
200307,CA,0203292000,47,47,70,70,73402.0,0.0,331076.0,7,2003
200307,CA,0203294000,47,47,70,70,771145.0,0.0,1860569.0,7,2003
200308,CA,0203121000,47,47,70,70,441940.0,0.0,956122.0,8,2003
200308,CA,0203192000,47,47,70,70,2568766.0,0.0,6665527.0,8,2003
200308,CA,0203292000,47,47,70,70,6201.0,0.0,28247.0,8,2003
200308,CA,0203294000,47,47,70,70,574887.0,0.0,1583149.0,8,2003
200309,CA,0203121000,47,47,70,70,589109.0,0.0,1136529.0,9,2003
200309,CA,0203192000,47,47,70,70,2416042.0,0.0,6206455.0,9,2003
200309,CA,0203229000,47,47,70,70,14943.0,0.0,32793.0,9,2003
200309,CA,0203292000,47,47,70,70,27991.0,0.0,126265.0,9,2003
200309,CA,0203294000,47,47,70,70,1255005.0,0.0,3478625.0,9,2003
200310,CA,0203121000,47,47,70,70,617704.0,0.0,1350619.0,10,2003
200310,CA,0203192000,47,47,70,70,3038574.0,0.0,8528252.0,10,2003
200310,CA,0203229000,47,47,70,70,45057.0,0.0,91737.0,10,2003
200310,CA,0203292000,47,47,70,70,38059.0,0.0,193669.0,10,2003
200310,CA,0203294000,47,47,70,70,1091500.0,0.0,2774671.0,10,2003
200311,CA,0203121000,47,47,70,70,601137.0,0.0,1457498.0,11,2003
200311,CA,0203192000,47,47,70,70,4101292.0,0.0,10412964.0,11,2003
200311,CA,0203229000,47,47,70,70,96999.0,0.0,187866.0,11,2003
200311,CA,0203292000,47,47,70,70,6647.0,0.0,32620.0,11,2003
200311,CA,0203294000,47,47,70,70,1660909.0,0.0,4187821.0,11,2003
200312,CA,0203121000,47,47,70,70,279409.0,0.0,616942.0,12,2003
200312,CA,0203192000,47,47,70,70,2399900.0,0.0,6148666.0,12,2003
200312,CA,0203229000,47,47,70,70,37448.0,0.0,65936.0,12,2003
200312,CA,0203292000,47,47,70,70,47802.0,0.0,257823.0,12,2003
200312,CA,0203294000,47,47,70,70,1342532.0,0.0,3253325.0,12,2003
200401,CA,0203121000,47,47,70,70,643517.0,0.0,1542491.0,1,2004
200401,CA,0203192000,47,47,70,70,2803138.0,0.0,7420175.0,1,2004
200401,CA,0203229000,47,47,70,70,119734.0,0.0,226258.0,1,2004
200401,CA,0203292000,47,47,70,70,99241.0,0.0,492589.0,1,2004
200401,CA,0203294000,47,47,70,70,1377779.0,0.0,2741425.0,1,2004
200402,CA,0203121000,47,47,70,70,901169.0,0.0,1832756.0,2,2004
200402,CA,0203192000,47,47,70,70,2831720.0,0.0,8159685.0,2,2004
200402,CA,0203229000,47,47,70,70,230567.0,0.0,460332.0,2,2004
200402,CA,0203292000,47,47,70,70,62935.0,0.0,367784.0,2,2004
200402,CA,0203294000,47,47,70,70,889028.0,0.0,2019753.0,2,2004
200403,CA,0203121000,47,47,70,70,905320.0,0.0,1694252.0,3,2004
200403,CA,0203192000,47,47,70,70,2911565.0,0.0,8251859.0,3,2004
200403,CA,0203229000,47,47,70,70,130936.0,0.0,284780.0,3,2004
200403,CA,0203292000,47,47,70,70,61391.0,0.0,290542.0,3,2004
200403,CA,0203294000,47,47,70,70,1043621.0,0.0,2511375.0,3,2004
200404,CA,0203121000,47,47,70,70,617762.0,0.0,1229865.0,4,2004
200404,CA,0203192000,47,47,70,70,2730949.0,0.0,8129562.0,4,2004
200404,CA,0203229000,47,47,70,70,224939.0,0.0,465883.0,4,2004
200404,CA,0203292000,47,47,70,70,89853.0,0.0,483218.0,4,2004
200404,CA,0203294000,47,47,70,70,791279.0,0.0,1824678.0,4,2004
200405,CA,0203121000,47,47,70,70,638662.0,0.0,1510298.0,5,2004
200405,CA,0203192000,47,47,70,70,3100607.0,0.0,9737582.0,5,2004
200405,CA,0203229000,47,47,70,70,92236.0,0.0,208724.0,5,2004
200405,CA,0203292000,47,47,70,70,156234.0,0.0,637155.0,5,2004
200405,CA,0203294000,47,47,70,70,721175.0,0.0,2099564.0,5,2004
200406,CA,0203121000,47,47,70,70,566403.0,0.0,1487715.0,6,2004
200406,CA,0203192000,47,47,70,70,2644892.0,0.0,8926102.0,6,2004
200406,CA,0203229000,47,47,70,70,74073.0,0.0,179884.0,6,2004
200406,CA,0203292000,47,47,70,70,190706.0,0.0,796008.0,6,2004
200406,CA,0203294000,47,47,70,70,636674.0,0.0,1835176.0,6,2004
200407,CA,0203121000,47,47,70,70,639320.0,0.0,1907201.0,7,2004
200407,CA,0203192000,47,47,70,70,2628841.0,0.0,8354226.0,7,2004
200407,CA,0203229000,47,47,70,70,37066.0,0.0,92756.0,7,2004
200407,CA,0203292000,47,47,70,70,94422.0,0.0,327250.0,7,2004
200407,CA,0203294000,47,47,70,70,483808.0,0.0,1404382.0,7,2004
200408,CA,0203121000,47,47,70,70,545800.0,0.0,1815056.0,8,2004
200408,CA,0203192000,47,47,70,70,3127054.0,0.0,10271127.0,8,2004
200408,CA,0203229000,47,47,70,70,71971.0,0.0,164524.0,8,2004
200408,CA,0203292000,47,47,70,70,95221.0,0.0,282351.0,8,2004
200408,CA,0203294000,47,47,70,70,571768.0,0.0,1583353.0,8,2004
200409,CA,0203121000,47,47,70,70,817680.0,0.0,2767163.0,9,2004
200409,CA,0203192000,47,47,70,70,3500071.0,0.0,12679568.0,9,2004
200409,CA,0203229000,47,47,70,70,123577.0,0.0,351127.0,9,2004
200409,CA,0203292000,47,47,70,70,197398.0,0.0,642165.0,9,2004
200409,CA,0203294000,47,47,70,70,1226439.0,0.0,3070836.0,9,2004
200410,CA,0203121000,47,47,70,70,631496.0,0.0,2054242.0,10,2004
200410,CA,0203192000,47,47,70,70,3802049.0,0.0,12821536.0,10,2004
200410,CA,0203229000,47,47,70,70,131543.0,0.0,354141.0,10,2004
200410,CA,0203292000,47,47,70,70,95047.0,0.0,562791.0,10,2004
200410,CA,0203294000,47,47,70,70,971576.0,0.0,2521339.0,10,2004
200411,CA,0203121000,47,47,70,70,769957.0,0.0,2385191.0,11,2004
200411,CA,0203192000,47,47,70,70,4972460.0,0.0,17627512.0,11,2004
200411,CA,0203229000,47,47,70,70,173684.0,0.0,429217.0,11,2004
200411,CA,0203292000,47,47,70,70,110839.0,0.0,491877.0,11,2004
200411,CA,0203294000,47,47,70,70,848280.0,0.0,2052301.0,11,2004
200412,CA,0203121000,47,47,70,70,489262.0,0.0,1505402.0,12,2004
200412,CA,0203192000,47,47,70,70,3572360.0,0.0,12576250.0,12,2004
200412,CA,0203229000,47,47,70,70,86150.0,0.0,225190.0,12,2004
200412,CA,0203292000,47,47,70,70,110618.0,0.0,493023.0,12,2004
200412,CA,0203294000,47,47,70,70,1032406.0,0.0,2517138.0,12,2004
200501,CA,0203121000,47,47,70,70,609113.0,0.0,1732005.0,1,2005
200501,CA,0203192000,47,47,70,70,3969272.0,0.0,14814386.0,1,2005
200501,CA,0203229000,47,47,70,70,39839.0,0.0,94371.0,1,2005
200501,CA,0203292000,47,47,70,70,114784.0,0.0,425531.0,1,2005
200501,CA,0203294000,47,47,70,70,667556.0,0.0,1620681.0,1,2005
200502,CA,0203121000,47,47,70,70,1149415.0,0.0,3004951.0,2,2005
200502,CA,0203192000,47,47,70,70,4305329.0,0.0,16086130.0,2,2005
200502,CA,0203229000,47,47,70,70,128863.0,0.0,308318.0,2,2005
200502,CA,0203292000,47,47,70,70,98601.0,0.0,315537.0,2,2005
200502,CA,0203294000,47,47,70,70,1140506.0,0.0,2710258.0,2,2005
200503,CA,0203121000,47,47,70,70,1226199.0,0.0,2962172.0,3,2005
200503,CA,0203192000,47,47,70,70,4160938.0,0.0,14443207.0,3,2005
200503,CA,0203229000,47,47,70,70,12160.0,0.0,32584.0,3,2005
200503,CA,0203292000,47,47,70,70,90957.0,0.0,404098.0,3,2005
200503,CA,0203294000,47,47,70,70,1018375.0,0.0,2324143.0,3,2005
200504,CA,0203121000,47,47,70,70,1000767.0,0.0,2252937.0,4,2005
200504,CA,0203192000,47,47,70,70,3892738.0,0.0,14167144.0,4,2005
200504,CA,0203229000,47,47,70,70,10941.0,0.0,28799.0,4,2005
200504,CA,0203292000,47,47,70,70,180950.0,0.0,929643.0,4,2005
200504,CA,0203294000,47,47,70,70,949518.0,0.0,1935871.0,4,2005
200505,CA,0203121000,47,47,70,70,1167924.0,0.0,2807415.0,5,2005
200505,CA,0203192000,47,47,70,70,5365910.0,0.0,21014183.0,5,2005
200505,CA,0203229000,47,47,70,70,29295.0,0.0,63744.0,5,2005
200505,CA,0203292000,47,47,70,70,277867.0,0.0,1234202.0,5,2005
200505,CA,0203294000,47,47,70,70,1120045.0,0.0,2606631.0,5,2005
200506,CA,0203121000,47,47,70,70,904473.0,0.0,2008406.0,6,2005
200506,CA,0203192000,47,47,70,70,4233805.0,0.0,15536802.0,6,2005
200506,CA,0203229000,47,47,70,70,14214.0,0.0,37454.0,6,2005
200506,CA,0203292000,47,47,70,70,157775.0,0.0,730168.0,6,2005
200506,CA,0203294000,47,47,70,70,1242137.0,0.0,2823722.0,6,2005
200507,CA,0203121000,47,47,70,70,817865.0,0.0,2151980.0,7,2005
200507,CA,0203192000,47,47,70,70,4422074.0,0.0,16615282.0,7,2005
200507,CA,0203229000,47,47,70,70,71233.0,0.0,172226.0,7,2005
200507,CA,0203292000,47,47,70,70,130833.0,0.0,546568.0,7,2005
200507,CA,0203294000,47,47,70,70,1125127.0,0.0,2248236.0,7,2005
200508,CA,0203121000,47,47,70,70,621883.0,0.0,1907793.0,8,2005
200508,CA,0203192000,47,47,70,70,4833460.0,0.0,17145439.0,8,2005
200508,CA,0203229000,47,47,70,70,25706.0,0.0,67578.0,8,2005
200508,CA,0203292000,47,47,70,70,123158.0,0.0,710965.0,8,2005
200508,CA,0203294000,47,47,70,70,922692.0,0.0,2093260.0,8,2005
200509,CA,0203121000,47,47,70,70,630659.0,0.0,2023869.0,9,2005
200509,CA,0203192000,47,47,70,70,4284033.0,0.0,16207671.0,9,2005
200509,CA,0203229000,47,47,70,70,17123.0,0.0,47095.0,9,2005
200509,CA,0203292000,47,47,70,70,55985.0,0.0,146668.0,9,2005
200509,CA,0203294000,47,47,70,70,740791.0,0.0,1818464.0,9,2005
200510,CA,0203121000,47,47,70,70,750960.0,0.0,2150202.0,10,2005
200510,CA,0203192000,47,47,70,70,5556732.0,0.0,20564647.0,10,2005
200510,CA,0203229000,47,47,70,70,13215.0,0.0,33867.0,10,2005
200510,CA,0203292000,47,47,70,70,131041.0,0.0,740039.0,10,2005
200510,CA,0203294000,47,47,70,70,964943.0,0.0,2151869.0,10,2005
200511,CA,0203121000,47,47,70,70,972420.0,0.0,2475590.0,11,2005
200511,CA,0203192000,47,47,70,70,5873148.0,0.0,22436355.0,11,2005
200511,CA,0203229000,47,47,70,70,21839.0,0.0,44403.0,11,2005
200511,CA,0203292000,47,47,70,70,73219.0,0.0,394281.0,11,2005
200511,CA,0203294000,47,47,70,70,911397.0,0.0,2351811.0,11,2005
200512,CA,0203121000,47,47,70,70,414723.0,0.0,1354578.0,12,2005
200512,CA,0203192000,47,47,70,70,5026943.0,0.0,18023298.0,12,2005
200512,CA,0203229000,47,47,70,70,2816.0,0.0,7727.0,12,2005
200512,CA,0203292000,47,47,70,70,153465.0,0.0,632236.0,12,2005
200512,CA,0203294000,47,47,70,70,1264699.0,0.0,3288513.0,12,2005
200601,CA,0203121000,47,47,70,70,653884.0,0.0,1846625.0,1,2006
200601,CA,0203192000,47,47,70,70,4536151.0,0.0,16596735.0,1,2006
200601,CA,0203229000,47,47,70,70,102336.0,0.0,237155.0,1,2006
200601,CA,0203292000,47,47,70,70,103721.0,0.0,486671.0,1,2006
200601,CA,0203294000,47,47,70,70,1497789.0,0.0,3681870.0,1,2006
200602,CA,0203121000,47,47,70,70,726438.0,0.0,1778120.0,2,2006
200602,CA,0203192000,47,47,70,70,4672413.0,0.0,17183896.0,2,2006
200602,CA,0203229000,47,47,70,70,76080.0,0.0,194426.0,2,2006
200602,CA,0203292000,47,47,70,70,128025.0,0.0,546889.0,2,2006
200602,CA,0203294000,47,47,70,70,965261.0,0.0,2274931.0,2,2006
200603,CA,0203121000,47,47,70,70,717701.0,0.0,2022234.0,3,2006
200603,CA,0203192000,47,47,70,70,4662173.0,0.0,18102059.0,3,2006
200603,CA,0203229000,47,47,70,70,43938.0,0.0,100714.0,3,2006
200603,CA,0203292000,47,47,70,70,86399.0,0.0,471943.0,3,2006
200603,CA,0203294000,47,47,70,70,1523233.0,0.0,2809278.0,3,2006
200604,CA,0203121000,47,47,70,70,562039.0,0.0,1321250.0,4,2006
200604,CA,0203192000,47,47,70,70,4981704.0,0.0,18394799.0,4,2006
200604,CA,0203229000,47,47,70,70,13804.0,0.0,36927.0,4,2006
200604,CA,0203292000,47,47,70,70,89147.0,0.0,418118.0,4,2006
200604,CA,0203294000,47,47,70,70,1261066.0,0.0,2325619.0,4,2006
200605,CA,0203121000,47,47,70,70,516170.0,0.0,1017684.0,5,2006
200605,CA,0203192000,47,47,70,70,6063816.0,0.0,21960611.0,5,2006
200605,CA,0203229000,47,47,70,70,180900.0,0.0,470077.0,5,2006
200605,CA,0203292000,47,47,70,70,101954.0,0.0,282934.0,5,2006
200605,CA,0203294000,47,47,70,70,766502.0,0.0,1546635.0,5,2006
200606,CA,0203110000,47,47,70,70,18144.0,0.0,32251.0,6,2006
200606,CA,0203121000,47,47,70,70,718428.0,0.0,1273251.0,6,2006
200606,CA,0203192000,47,47,70,70,5941098.0,0.0,21509467.0,6,2006
200606,CA,0203229000,47,47,70,70,87002.0,0.0,230001.0,6,2006
200606,CA,0203292000,47,47,70,70,319927.0,0.0,675029.0,6,2006
200606,CA,0203294000,47,47,70,70,915814.0,0.0,1883366.0,6,2006
200607,CA,0203121000,47,47,70,70,781592.0,0.0,1371270.0,7,2006
200607,CA,0203192000,47,47,70,70,6711076.0,0.0,25789501.0,7,2006
200607,CA,0203229000,47,47,70,70,93365.0,0.0,243936.0,7,2006
200607,CA,0203292000,47,47,70,70,99591.0,0.0,218185.0,7,2006
200607,CA,0203294000,47,47,70,70,495000.0,0.0,1239548.0,7,2006
200608,CA,0203110000,47,47,70,70,7939.0,0.0,14475.0,8,2006
200608,CA,0203121000,47,47,70,70,981769.0,0.0,1706336.0,8,2006
200608,CA,0203192000,47,47,70,70,5282362.0,0.0,20060974.0,8,2006
200608,CA,0203229000,47,47,70,70,66978.0,0.0,166242.0,8,2006
200608,CA,0203292000,47,47,70,70,67780.0,0.0,157312.0,8,2006
200608,CA,0203294000,47,47,70,70,711455.0,0.0,1715783.0,8,2006
200609,CA,0203110000,47,47,70,70,9163.0,0.0,16531.0,9,2006
200609,CA,0203121000,47,47,70,70,851842.0,0.0,1592540.0,9,2006
200609,CA,0203192000,47,47,70,70,6326667.0,0.0,24388283.0,9,2006
200609,CA,0203229000,47,47,70,70,29656.0,0.0,81053.0,9,2006
200609,CA,0203292000,47,47,70,70,167787.0,0.0,376187.0,9,2006
200609,CA,0203294000,47,47,70,70,785616.0,0.0,1730842.0,9,2006
200610,CA,0203121000,47,47,70,70,379735.0,0.0,752853.0,10,2006
200610,CA,0203192000,47,47,70,70,5675583.0,0.0,21404498.0,10,2006
200610,CA,0203229000,47,47,70,70,38523.0,0.0,104572.0,10,2006
200610,CA,0203292000,47,47,70,70,154542.0,0.0,370528.0,10,2006
200610,CA,0203294000,47,47,70,70,1162917.0,0.0,2416115.0,10,2006
200611,CA,0203121000,47,47,70,70,618685.0,0.0,1134183.0,11,2006
200611,CA,0203192000,47,47,70,70,7273657.0,0.0,26867411.0,11,2006
200611,CA,0203229000,47,47,70,70,102459.0,0.0,259689.0,11,2006
200611,CA,0203292000,47,47,70,70,138194.0,0.0,375040.0,11,2006
200611,CA,0203294000,47,47,70,70,1266769.0,0.0,2679970.0,11,2006
200612,CA,0203121000,47,47,70,70,441494.0,0.0,843409.0,12,2006
200612,CA,0203192000,47,47,70,70,5603188.0,0.0,20405500.0,12,2006
200612,CA,0203229000,47,47,70,70,20159.0,0.0,44402.0,12,2006
200612,CA,0203292000,47,47,70,70,76193.0,0.0,164178.0,12,2006
200612,CA,0203294000,47,47,70,70,856388.0,0.0,1847908.0,12,2006
200701,CA,0203121000,47,47,70,70,637931.0,0.0,1066050.0,1,2007
200701,CA,0203192000,47,47,70,70,5477786.0,0.0,19597080.0,1,2007
200701,CA,0203229000,47,47,70,70,30766.0,0.0,72601.0,1,2007
200701,CA,0203292000,47,47,70,70,225613.0,0.0,576614.0,1,2007
200701,CA,0203294000,47,47,70,70,1119121.0,0.0,2286157.0,1,2007
200702,CA,0203121000,47,47,70,70,362231.0,0.0,677657.0,2,2007
200702,CA,0203192000,47,47,70,70,5122699.0,0.0,20223299.0,2,2007
200702,CA,0203229000,47,47,70,70,5140.0,0.0,11550.0,2,2007
200702,CA,0203292000,47,47,70,70,347683.0,0.0,732013.0,2,2007
200702,CA,0203294000,47,47,70,70,1237889.0,0.0,2604710.0,2,2007
200703,CA,0203121000,47,47,70,70,410542.0,0.0,748866.0,3,2007
200703,CA,0203192000,47,47,70,70,6250578.0,0.0,21666209.0,3,2007
200703,CA,0203229000,47,47,70,70,21004.0,0.0,57151.0,3,2007
200703,CA,0203292000,47,47,70,70,268062.0,0.0,623898.0,3,2007
200703,CA,0203294000,47,47,70,70,857584.0,0.0,1693692.0,3,2007
200704,CA,0203110000,47,47,70,70,12128.0,0.0,20938.0,4,2007
200704,CA,0203121000,47,47,70,70,372961.0,0.0,650842.0,4,2007
200704,CA,0203192000,47,47,70,70,5868345.0,0.0,22317904.0,4,2007
200704,CA,0203210000,47,47,70,70,2489.0,0.0,4417.0,4,2007
200704,CA,0203229000,47,47,70,70,25155.0,0.0,54591.0,4,2007
200704,CA,0203292000,47,47,70,70,370702.0,0.0,770656.0,4,2007
200704,CA,0203294000,47,47,70,70,1159701.0,0.0,2032249.0,4,2007
200705,CA,0203121000,47,47,70,70,522875.0,0.0,972102.0,5,2007
200705,CA,0203192000,47,47,70,70,6793417.0,0.0,27118555.0,5,2007
200705,CA,0203229000,47,47,70,70,69632.0,0.0,184904.0,5,2007
200705,CA,0203292000,47,47,70,70,260901.0,0.0,570289.0,5,2007
200705,CA,0203294000,47,47,70,70,993687.0,0.0,2329050.0,5,2007
200706,CA,0203121000,47,47,70,70,417723.0,0.0,747567.0,6,2007
200706,CA,0203192000,47,47,70,70,6423654.0,0.0,26122731.0,6,2007
200706,CA,0203229000,47,47,70,70,47513.0,0.0,122026.0,6,2007
200706,CA,0203292000,47,47,70,70,111995.0,0.0,232859.0,6,2007
200706,CA,0203294000,47,47,70,70,874958.0,0.0,2003296.0,6,2007
200707,CA,0203121000,47,47,70,70,326566.0,0.0,623433.0,7,2007
200707,CA,0203192000,47,47,70,70,7093653.0,0.0,29013428.0,7,2007
200707,CA,0203229000,47,47,70,70,38605.0,0.0,116351.0,7,2007
200707,CA,0203292000,47,47,70,70,233284.0,0.0,480857.0,7,2007
200707,CA,0203294000,47,47,70,70,799078.0,0.0,1669194.0,7,2007
200708,CA,0203121000,47,47,70,70,316531.0,0.0,638543.0,8,2007
200708,CA,0203192000,47,47,70,70,7414942.0,0.0,28413465.0,8,2007
200708,CA,0203229000,47,47,70,70,77815.0,0.0,224812.0,8,2007
200708,CA,0203292000,47,47,70,70,410660.0,0.0,853900.0,8,2007
200708,CA,0203294000,47,47,70,70,1193228.0,0.0,3219067.0,8,2007
200709,CA,0203121000,47,47,70,70,459650.0,0.0,844176.0,9,2007
200709,CA,0203192000,47,47,70,70,8431696.0,0.0,29740491.0,9,2007
200709,CA,0203229000,47,47,70,70,19705.0,0.0,44321.0,9,2007
200709,CA,0203292000,47,47,70,70,253310.0,0.0,549113.0,9,2007
200709,CA,0203294000,47,47,70,70,1297254.0,0.0,2769025.0,9,2007
200710,CA,0203121000,47,47,70,70,387806.0,0.0,675272.0,10,2007
200710,CA,0203192000,47,47,70,70,9225379.0,0.0,32753975.0,10,2007
200710,CA,0203229000,47,47,70,70,24429.0,0.0,77599.0,10,2007
200710,CA,0203292000,47,47,70,70,318132.0,0.0,709071.0,10,2007
200710,CA,0203294000,47,47,70,70,1396715.0,0.0,2668559.0,10,2007
200711,CA,0203121000,47,47,70,70,997826.0,0.0,1793563.0,11,2007
200711,CA,0203192000,47,47,70,70,9208351.0,0.0,30073499.0,11,2007
200711,CA,0203229000,47,47,70,70,162361.0,0.0,402322.0,11,2007
200711,CA,0203292000,47,47,70,70,52208.0,0.0,114320.0,11,2007
200711,CA,0203294000,47,47,70,70,1432918.0,0.0,2592820.0,11,2007
200712,CA,0203121000,47,47,70,70,298657.0,0.0,517687.0,12,2007
200712,CA,0203192000,47,47,70,70,8265344.0,0.0,29088402.0,12,2007
200712,CA,0203229000,47,47,70,70,15060.0,0.0,46764.0,12,2007
200712,CA,0203292000,47,47,70,70,416949.0,0.0,889930.0,12,2007
200712,CA,0203294000,47,47,70,70,1254781.0,0.0,2347175.0,12,2007
200801,CA,0203121000,47,47,70,70,428847.0,0.0,728141.0,1,2008
200801,CA,0203192000,47,47,70,70,7979162.0,0.0,27325183.0,1,2008
200801,CA,0203229000,47,47,70,70,8775.0,0.0,26930.0,1,2008
200801,CA,0203292000,47,47,70,70,810459.0,0.0,1703998.0,1,2008
200801,CA,0203294000,47,47,70,70,1594777.0,0.0,2956477.0,1,2008
200802,CA,0203121000,47,47,70,70,701933.0,0.0,1084623.0,2,2008
200802,CA,0203192000,47,47,70,70,7407774.0,0.0,25611897.0,2,2008
200802,CA,0203229000,47,47,70,70,66042.0,0.0,195312.0,2,2008
200802,CA,0203292000,47,47,70,70,564768.0,0.0,1194712.0,2,2008
200802,CA,0203294000,47,47,70,70,905111.0,0.0,1654408.0,2,2008
200803,CA,0203121000,47,47,70,70,491712.0,0.0,830354.0,3,2008
200803,CA,0203192000,47,47,70,70,6670820.0,0.0,22817187.0,3,2008
200803,CA,0203229000,47,47,70,70,6263.0,0.0,21940.0,3,2008
200803,CA,0203292000,47,47,70,70,734220.0,0.0,1568235.0,3,2008
200803,CA,0203294000,47,47,70,70,1238272.0,0.0,2284190.0,3,2008
200804,CA,0203121000,47,47,70,70,314733.0,0.0,494283.0,4,2008
200804,CA,0203192000,47,47,70,70,7870926.0,0.0,27366452.0,4,2008
200804,CA,0203229000,47,47,70,70,5160.0,0.0,15746.0,4,2008
200804,CA,0203292000,47,47,70,70,541927.0,0.0,1118291.0,4,2008
200804,CA,0203294000,47,47,70,70,1498274.0,0.0,3095681.0,4,2008
200805,CA,0203121000,47,47,70,70,292111.0,0.0,543060.0,5,2008
200805,CA,0203192000,47,47,70,70,7216446.0,0.0,28279971.0,5,2008
200805,CA,0203229000,47,47,70,70,11902.0,0.0,24992.0,5,2008
200805,CA,0203292000,47,47,70,70,870898.0,0.0,2177026.0,5,2008
200805,CA,0203294000,47,47,70,70,1566100.0,0.0,3452892.0,5,2008
200806,CA,0203121000,47,47,70,70,408859.0,0.0,790627.0,6,2008
200806,CA,0203192000,47,47,70,70,8038198.0,0.0,31707648.0,6,2008
200806,CA,0203229000,47,47,70,70,23935.0,0.0,54846.0,6,2008
200806,CA,0203292000,47,47,70,70,779906.0,0.0,1992440.0,6,2008
200806,CA,0203294000,47,47,70,70,1344677.0,0.0,2837750.0,6,2008
200807,CA,0203121000,47,47,70,70,292137.0,0.0,642047.0,7,2008
200807,CA,0203192000,47,47,70,70,9930553.0,0.0,38336373.0,7,2008
200807,CA,0203229000,47,47,70,70,15459.0,0.0,47299.0,7,2008
200807,CA,0203292000,47,47,70,70,555321.0,0.0,1255083.0,7,2008
200807,CA,0203294000,47,47,70,70,1552326.0,0.0,3219257.0,7,2008
200808,CA,0203121000,47,47,70,70,373362.0,0.0,840996.0,8,2008
200808,CA,0203192000,47,47,70,70,8329737.0,0.0,33350049.0,8,2008
200808,CA,0203229000,47,47,70,70,71238.0,0.0,219606.0,8,2008
200808,CA,0203292000,47,47,70,70,569848.0,0.0,1305563.0,8,2008
200808,CA,0203294000,47,47,70,70,1090264.0,0.0,2477331.0,8,2008
200809,CA,0203110000,47,47,70,70,19918.0,0.0,36032.0,9,2008
200809,CA,0203121000,47,47,70,70,459504.0,0.0,997231.0,9,2008
200809,CA,0203192000,47,47,70,70,8209327.0,0.0,31093800.0,9,2008
200809,CA,0203229000,47,47,70,70,4941.0,0.0,17061.0,9,2008
200809,CA,0203292000,47,47,70,70,529297.0,0.0,1094940.0,9,2008
200809,CA,0203294000,47,47,70,70,1473593.0,0.0,3691395.0,9,2008
200810,CA,0203121000,47,47,70,70,317299.0,0.0,593309.0,10,2008
200810,CA,0203192000,47,47,70,70,8049950.0,0.0,27879154.0,10,2008
200810,CA,0203229000,47,47,70,70,26057.0,0.0,66479.0,10,2008
200810,CA,0203292000,47,47,70,70,687058.0,0.0,1443278.0,10,2008
200810,CA,0203294000,47,47,70,70,1116959.0,0.0,2468763.0,10,2008
200811,CA,0203121000,47,47,70,70,261853.0,0.0,476008.0,11,2008
200811,CA,0203192000,47,47,70,70,9953233.0,0.0,32908477.0,11,2008
200811,CA,0203229000,47,47,70,70,67860.0,0.0,158561.0,11,2008
200811,CA,0203292000,47,47,70,70,578885.0,0.0,1237256.0,11,2008
200811,CA,0203294000,47,47,70,70,1354188.0,0.0,2436698.0,11,2008
200812,CA,0203121000,47,47,70,70,164905.0,0.0,293209.0,12,2008
200812,CA,0203192000,47,47,70,70,7032484.0,0.0,24767932.0,12,2008
200812,CA,0203229000,47,47,70,70,10482.0,0.0,26760.0,12,2008
200812,CA,0203292000,47,47,70,70,443675.0,0.0,914530.0,12,2008
200812,CA,0203294000,47,47,70,70,1123305.0,0.0,1985607.0,12,2008
200901,CA,0203121000,47,47,70,70,240119.0,0.0,456409.0,1,2009
200901,CA,0203192000,47,47,70,70,7999850.0,0.0,25579442.0,1,2009
200901,CA,0203292000,47,47,70,70,346942.0,0.0,733803.0,1,2009
200901,CA,0203294000,47,47,70,70,1479662.0,0.0,2360921.0,1,2009
200902,CA,0203121000,47,47,70,70,136276.0,0.0,221378.0,2,2009
200902,CA,0203192000,47,47,70,70,6500910.0,0.0,22741115.0,2,2009
200902,CA,0203229000,47,47,70,70,32499.0,0.0,79634.0,2,2009
200902,CA,0203292000,47,47,70,70,491368.0,0.0,1093202.0,2,2009
200902,CA,0203294000,47,47,70,70,1376786.0,0.0,2671880.0,2,2009
200903,CA,0203121000,47,47,70,70,591029.0,0.0,988499.0,3,2009
200903,CA,0203192000,47,47,70,70,6367104.0,0.0,23199620.0,3,2009
200903,CA,0203229000,47,47,70,70,12494.0,0.0,31044.0,3,2009
200903,CA,0203292000,47,47,70,70,254554.0,0.0,658716.0,3,2009
200903,CA,0203294000,47,47,70,70,1044211.0,0.0,2041766.0,3,2009
200904,CA,0203121000,47,47,70,70,263677.0,0.0,422371.0,4,2009
200904,CA,0203192000,47,47,70,70,5955849.0,0.0,21225178.0,4,2009
200904,CA,0203229000,47,47,70,70,107367.0,0.0,273557.0,4,2009
200904,CA,0203292000,47,47,70,70,456685.0,0.0,965303.0,4,2009
200904,CA,0203294000,47,47,70,70,800681.0,0.0,1820450.0,4,2009
200905,CA,0203121000,47,47,70,70,128417.0,0.0,211011.0,5,2009
200905,CA,0203192000,47,47,70,70,7064508.0,0.0,25765572.0,5,2009
200905,CA,0203229000,47,47,70,70,170126.0,0.0,446653.0,5,2009
200905,CA,0203292000,47,47,70,70,604927.0,0.0,1325690.0,5,2009
200905,CA,0203294000,47,47,70,70,1113176.0,0.0,2449403.0,5,2009
200906,CA,0203121000,47,47,70,70,121597.0,0.0,193082.0,6,2009
200906,CA,0203192000,47,47,70,70,8076725.0,0.0,29091766.0,6,2009
200906,CA,0203229000,47,47,70,70,444638.0,0.0,1191884.0,6,2009
200906,CA,0203292000,47,47,70,70,521829.0,0.0,1248098.0,6,2009
200906,CA,0203294000,47,47,70,70,939086.0,0.0,1992649.0,6,2009
200907,CA,0203121000,47,47,70,70,89763.0,0.0,145809.0,7,2009
200907,CA,0203192000,47,47,70,70,7021640.0,0.0,25733631.0,7,2009
200907,CA,0203229000,47,47,70,70,330597.0,0.0,889925.0,7,2009
200907,CA,0203292000,47,47,70,70,415186.0,0.0,926082.0,7,2009
200907,CA,0203294000,47,47,70,70,780041.0,0.0,1419130.0,7,2009
200908,CA,0203121000,47,47,70,70,140779.0,0.0,229191.0,8,2009
200908,CA,0203192000,47,47,70,70,7338574.0,0.0,25792764.0,8,2009
200908,CA,0203229000,47,47,70,70,165414.0,0.0,458978.0,8,2009
200908,CA,0203292000,47,47,70,70,588680.0,0.0,1720057.0,8,2009
200908,CA,0203294000,47,47,70,70,739495.0,0.0,1556492.0,8,2009
200909,CA,0203121000,47,47,70,70,240784.0,0.0,436468.0,9,2009
200909,CA,0203192000,47,47,70,70,8783155.0,0.0,28623644.0,9,2009
200909,CA,0203229000,47,47,70,70,117878.0,0.0,325983.0,9,2009
200909,CA,0203292000,47,47,70,70,404323.0,0.0,947611.0,9,2009
200909,CA,0203294000,47,47,70,70,1007849.0,0.0,2240798.0,9,2009
200910,CA,0203121000,47,47,70,70,120240.0,0.0,225857.0,10,2009
200910,CA,0203192000,47,47,70,70,8943863.0,0.0,27970191.0,10,2009
200910,CA,0203229000,47,47,70,70,7301.0,0.0,21548.0,10,2009
200910,CA,0203292000,47,47,70,70,461772.0,0.0,1119429.0,10,2009
200910,CA,0203294000,47,47,70,70,1203312.0,0.0,2391560.0,10,2009
200911,CA,0203121000,47,47,70,70,159682.0,0.0,312813.0,11,2009
200911,CA,0203192000,47,47,70,70,10003829.0,0.0,32020808.0,11,2009
200911,CA,0203229000,47,47,70,70,44199.0,0.0,127332.0,11,2009
200911,CA,0203292000,47,47,70,70,440951.0,0.0,1060235.0,11,2009
200911,CA,0203294000,47,47,70,70,607676.0,0.0,1486692.0,11,2009
200912,CA,0203121000,47,47,70,70,196673.0,0.0,387706.0,12,2009
200912,CA,0203192000,47,47,70,70,7910978.0,0.0,25199229.0,12,2009
200912,CA,0203229000,47,47,70,70,1960.0,0.0,5622.0,12,2009
200912,CA,0203292000,47,47,70,70,423028.0,0.0,1117694.0,12,2009
200912,CA,0203294000,47,47,70,70,479248.0,0.0,1243358.0,12,2009
201001,CA,0203121000,47,47,70,70,263938.0,0.0,509366.0,1,2010
201001,CA,0203192000,47,47,70,70,8098724.0,0.0,27843811.0,1,2010
201001,CA,0203292000,47,47,70,70,158687.0,0.0,434915.0,1,2010
201001,CA,0203294000,47,47,70,70,689482.0,0.0,1528339.0,1,2010
201002,CA,0203121000,47,47,70,70,96158.0,0.0,199773.0,2,2010
201002,CA,0203192000,47,47,70,70,7847276.0,0.0,28164198.0,2,2010
201002,CA,0203229000,47,47,70,70,14550.0,0.0,42369.0,2,2010
201002,CA,0203292000,47,47,70,70,173672.0,0.0,492024.0,2,2010
201002,CA,0203294000,47,47,70,70,789045.0,0.0,1787130.0,2,2010
201003,CA,0203121000,47,47,70,70,437002.0,0.0,780311.0,3,2010
201003,CA,0203192000,47,47,70,70,8033088.0,0.0,30859589.0,3,2010
201003,CA,0203229000,47,47,70,70,11543.0,0.0,24163.0,3,2010
201003,CA,0203292000,47,47,70,70,230333.0,0.0,706267.0,3,2010
201003,CA,0203294000,47,47,70,70,803173.0,0.0,2010336.0,3,2010
201004,CA,0203121000,47,47,70,70,373016.0,0.0,660162.0,4,2010
201004,CA,0203192000,47,47,70,70,7699784.0,0.0,30533052.0,4,2010
201004,CA,0203229000,47,47,70,70,10590.0,0.0,33295.0,4,2010
201004,CA,0203292000,47,47,70,70,420934.0,0.0,1423087.0,4,2010
201004,CA,0203294000,47,47,70,70,805795.0,0.0,1922779.0,4,2010
201005,CA,0203121000,47,47,70,70,236460.0,0.0,462588.0,5,2010
201005,CA,0203192000,47,47,70,70,9194628.0,0.0,40111313.0,5,2010
201005,CA,0203292000,47,47,70,70,476302.0,0.0,1469365.0,5,2010
201005,CA,0203294000,47,47,70,70,541031.0,0.0,1219070.0,5,2010
201006,CA,0203121000,47,47,70,70,306683.0,0.0,593339.0,6,2010
201006,CA,0203192000,47,47,70,70,7861935.0,0.0,33458246.0,6,2010
201006,CA,0203229000,47,47,70,70,4545.0,0.0,14888.0,6,2010
201006,CA,0203292000,47,47,70,70,616167.0,0.0,1363012.0,6,2010
201006,CA,0203294000,47,47,70,70,728803.0,0.0,1980061.0,6,2010
201007,CA,0203121000,47,47,70,70,251481.0,0.0,486731.0,7,2010
201007,CA,0203192000,47,47,70,70,8630641.0,0.0,35627812.0,7,2010
201007,CA,0203229000,47,47,70,70,2943.0,0.0,8529.0,7,2010
201007,CA,0203292000,47,47,70,70,680189.0,0.0,2005613.0,7,2010
201007,CA,0203294000,47,47,70,70,827143.0,0.0,2223409.0,7,2010
201008,CA,0203121000,47,47,70,70,30151.0,0.0,69277.0,8,2010
201008,CA,0203192000,47,47,70,70,8123670.0,0.0,34890585.0,8,2010
201008,CA,0203292000,47,47,70,70,689157.0,0.0,1615846.0,8,2010
201008,CA,0203294000,47,47,70,70,758194.0,0.0,1883737.0,8,2010
201009,CA,0203121000,47,47,70,70,232746.0,0.0,392090.0,9,2010
201009,CA,0203192000,47,47,70,70,6800351.0,0.0,28029336.0,9,2010
201009,CA,0203229000,47,47,70,70,50162.0,0.0,127247.0,9,2010
201009,CA,0203292000,47,47,70,70,351516.0,0.0,941092.0,9,2010
201009,CA,0203294000,47,47,70,70,591319.0,0.0,1669540.0,9,2010
201010,CA,0203121000,47,47,70,70,47450.0,0.0,99798.0,10,2010
201010,CA,0203192000,47,47,70,70,7843465.0,0.0,31489556.0,10,2010
201010,CA,0203229000,47,47,70,70,31420.0,0.0,97025.0,10,2010
201010,CA,0203292000,47,47,70,70,528494.0,0.0,1432499.0,10,2010
201010,CA,0203294000,47,47,70,70,802637.0,0.0,2235876.0,10,2010
201011,CA,0203121000,47,47,70,70,87386.0,0.0,179338.0,11,2010
201011,CA,0203192000,47,47,70,70,8098287.0,0.0,28458755.0,11,2010
201011,CA,0203229000,47,47,70,70,8947.0,0.0,27081.0,11,2010
201011,CA,0203292000,47,47,70,70,279299.0,0.0,906260.0,11,2010
201011,CA,0203294000,47,47,70,70,708979.0,0.0,1840230.0,11,2010
201012,CA,0203121000,47,47,70,70,146378.0,0.0,252943.0,12,2010
201012,CA,0203192000,47,47,70,70,8067532.0,0.0,29138478.0,12,2010
201012,CA,0203292000,47,47,70,70,286003.0,0.0,741555.0,12,2010
201012,CA,0203294000,47,47,70,70,704274.0,0.0,2118773.0,12,2010
201101,CA,0203121000,47,47,70,70,116613.0,0.0,250346.0,1,2011
201101,CA,0203192000,47,47,70,70,7044426.0,0.0,27050052.0,1,2011
201101,CA,0203229000,47,47,70,70,18076.0,0.0,55746.0,1,2011
201101,CA,0203292000,47,47,70,70,181729.0,0.0,522026.0,1,2011
201101,CA,0203294000,47,47,70,70,923822.0,0.0,2711428.0,1,2011
201102,CA,0203121000,47,47,70,70,458408.0,0.0,910851.0,2,2011
201102,CA,0203192000,47,47,70,70,6992840.0,0.0,27855112.0,2,2011
201102,CA,0203229000,47,47,70,70,8686.0,0.0,26980.0,2,2011
201102,CA,0203292000,47,47,70,70,720253.0,0.0,2080783.0,2,2011
201102,CA,0203294000,47,47,70,70,1081882.0,0.0,3082279.0,2,2011
201103,CA,0203121000,47,47,70,70,643366.0,0.0,1253591.0,3,2011
201103,CA,0203192000,47,47,70,70,8133155.0,0.0,33887752.0,3,2011
201103,CA,0203229000,47,47,70,70,46800.0,0.0,145312.0,3,2011
201103,CA,0203292000,47,47,70,70,472828.0,0.0,1291534.0,3,2011
201103,CA,0203294000,47,47,70,70,1051531.0,0.0,2967435.0,3,2011
201104,CA,0203121000,47,47,70,70,507340.0,0.0,947876.0,4,2011
201104,CA,0203192000,47,47,70,70,8270771.0,0.0,33971287.0,4,2011
201104,CA,0203229000,47,47,70,70,10885.0,0.0,34721.0,4,2011
201104,CA,0203292000,47,47,70,70,663521.0,0.0,1543294.0,4,2011
201104,CA,0203294000,47,47,70,70,802646.0,0.0,2181536.0,4,2011
201105,CA,0203121000,47,47,70,70,367607.0,0.0,618859.0,5,2011
201105,CA,0203192000,47,47,70,70,9095792.0,0.0,39826200.0,5,2011
201105,CA,0203229000,47,47,70,70,20436.0,0.0,44227.0,5,2011
201105,CA,0203292000,47,47,70,70,364226.0,0.0,1034641.0,5,2011
201105,CA,0203294000,47,47,70,70,967697.0,0.0,2622114.0,5,2011
201106,CA,0203121000,47,47,70,70,109637.0,0.0,201012.0,6,2011
201106,CA,0203192000,47,47,70,70,8436586.0,0.0,34812229.0,6,2011
201106,CA,0203292000,47,47,70,70,307490.0,0.0,769327.0,6,2011
201106,CA,0203294000,47,47,70,70,1482932.0,0.0,4086996.0,6,2011
201107,CA,0203121000,47,47,70,70,51629.0,0.0,88340.0,7,2011
201107,CA,0203192000,47,47,70,70,9413318.0,0.0,41478662.0,7,2011
201107,CA,0203229000,47,47,70,70,5803.0,0.0,18310.0,7,2011
201107,CA,0203292000,47,47,70,70,376036.0,0.0,970455.0,7,2011
201107,CA,0203294000,47,47,70,70,1273087.0,0.0,3320030.0,7,2011
201108,CA,0203121000,47,47,70,70,89979.0,0.0,168732.0,8,2011
201108,CA,0203192000,47,47,70,70,8199671.0,0.0,36008771.0,8,2011
201108,CA,0203229000,47,47,70,70,3338.0,0.0,11928.0,8,2011
201108,CA,0203292000,47,47,70,70,465941.0,0.0,1011111.0,8,2011
201108,CA,0203294000,47,47,70,70,1100799.0,0.0,2959207.0,8,2011
201109,CA,0203121000,47,47,70,70,326265.0,0.0,532374.0,9,2011
201109,CA,0203192000,47,47,70,70,8575499.0,0.0,36621312.0,9,2011
201109,CA,0203229000,47,47,70,70,4656.0,0.0,16172.0,9,2011
201109,CA,0203292000,47,47,70,70,249758.0,0.0,547293.0,9,2011
201109,CA,0203294000,47,47,70,70,1144071.0,0.0,3058623.0,9,2011
201110,CA,0203121000,47,47,70,70,25170.0,0.0,59959.0,10,2011
201110,CA,0203192000,47,47,70,70,9187224.0,0.0,37174367.0,10,2011
201110,CA,0203229000,47,47,70,70,29578.0,0.0,91192.0,10,2011
201110,CA,0203292000,47,47,70,70,315286.0,0.0,752271.0,10,2011
201110,CA,0203294000,47,47,70,70,870422.0,0.0,2268645.0,10,2011
201111,CA,0203121000,47,47,70,70,190051.0,0.0,346807.0,11,2011
201111,CA,0203192000,47,47,70,70,9444436.0,0.0,37500277.0,11,2011
201111,CA,0203229000,47,47,70,70,22975.0,0.0,73388.0,11,2011
201111,CA,0203292000,47,47,70,70,393016.0,0.0,914989.0,11,2011
201111,CA,0203294000,47,47,70,70,1317775.0,0.0,3458791.0,11,2011
201112,CA,0203121000,47,47,70,70,32448.0,0.0,59448.0,12,2011
201112,CA,0203192000,47,47,70,70,7258629.0,0.0,27680877.0,12,2011
201112,CA,0203229000,47,47,70,70,65545.0,0.0,194686.0,12,2011
201112,CA,0203292000,47,47,70,70,245473.0,0.0,563795.0,12,2011
201112,CA,0203294000,47,47,70,70,951837.0,0.0,2509702.0,12,2011
201201,CA,0203121000,47,47,70,70,193742.0,0.0,371538.0,1,2012
201201,CA,0203192000,47,47,70,70,8847141.0,0.0,33300735.0,1,2012
201201,CA,0203292000,47,47,70,70,388359.0,0.0,1049061.0,1,2012
201201,CA,0203294000,47,47,70,70,1109495.0,0.0,2936958.0,1,2012
201202,CA,0203121000,47,47,70,70,91353.0,0.0,153347.0,2,2012
201202,CA,0203192000,47,47,70,70,9337025.0,0.0,37416177.0,2,2012
201202,CA,0203229000,47,47,70,70,21866.0,0.0,57624.0,2,2012
201202,CA,0203292000,47,47,70,70,73075.0,0.0,462738.0,2,2012
201202,CA,0203294000,47,47,70,70,823132.0,0.0,2273014.0,2,2012
201203,CA,0203121000,47,47,70,70,27810.0,0.0,60109.0,3,2012
201203,CA,0203192000,47,47,70,70,8710673.0,0.0,33713631.0,3,2012
201203,CA,0203229000,47,47,70,70,2155.0,0.0,7626.0,3,2012
201203,CA,0203292000,47,47,70,70,183796.0,0.0,912372.0,3,2012
201203,CA,0203294000,47,47,70,70,1197963.0,0.0,3432524.0,3,2012
201204,CA,0203121000,47,47,70,70,241470.0,0.0,444242.0,4,2012
201204,CA,0203192000,47,47,70,70,7838961.0,0.0,31142407.0,4,2012
201204,CA,0203292000,47,47,70,70,98105.0,0.0,622022.0,4,2012
201204,CA,0203294000,47,47,70,70,1332338.0,0.0,3324780.0,4,2012
201205,CA,0203121000,47,47,70,70,32590.0,0.0,76815.0,5,2012
201205,CA,0203192000,47,47,70,70,9498461.0,0.0,37290090.0,5,2012
201205,CA,0203229000,47,47,70,70,31028.0,0.0,96953.0,5,2012
201205,CA,0203292000,47,47,70,70,96098.0,0.0,451907.0,5,2012
201205,CA,0203294000,47,47,70,70,1426233.0,0.0,3781219.0,5,2012
201206,CA,0203121000,47,47,70,70,364980.0,0.0,590527.0,6,2012
201206,CA,0203192000,47,47,70,70,9539544.0,0.0,39109766.0,6,2012
201206,CA,0203229000,47,47,70,70,27392.0,0.0,84580.0,6,2012
201206,CA,0203292000,47,47,70,70,69942.0,0.0,278312.0,6,2012
201206,CA,0203294000,47,47,70,70,1614597.0,0.0,4821529.0,6,2012
201207,CA,0203121000,47,47,70,70,300881.0,0.0,504047.0,7,2012
201207,CA,0203192000,47,47,70,70,8948756.0,0.0,38066639.0,7,2012
201207,CA,0203229000,47,47,70,70,32991.0,0.0,102376.0,7,2012
201207,CA,0203292000,47,47,70,70,157764.0,0.0,817250.0,7,2012
201207,CA,0203294000,47,47,70,70,1378957.0,0.0,4004792.0,7,2012
201208,CA,0203121000,47,47,70,70,254427.0,0.0,433107.0,8,2012
201208,CA,0203192000,47,47,70,70,9514006.0,0.0,39200134.0,8,2012
201208,CA,0203229000,47,47,70,70,125398.0,0.0,236983.0,8,2012
201208,CA,0203292000,47,47,70,70,117159.0,0.0,525478.0,8,2012
201208,CA,0203294000,47,47,70,70,1272323.0,0.0,4095684.0,8,2012
201209,CA,0203121000,47,47,70,70,198393.0,0.0,336850.0,9,2012
201209,CA,0203192000,47,47,70,70,9954063.0,0.0,38777533.0,9,2012
201209,CA,0203229000,47,47,70,70,11301.0,0.0,36266.0,9,2012
201209,CA,0203292000,47,47,70,70,75197.0,0.0,363198.0,9,2012
201209,CA,0203294000,47,47,70,70,1302108.0,0.0,3425779.0,9,2012
201210,CA,0203121000,47,47,70,70,231486.0,0.0,429964.0,10,2012
201210,CA,0203192000,47,47,70,70,10184952.0,0.0,38590131.0,10,2012
201210,CA,0203229000,47,47,70,70,19712.0,0.0,61815.0,10,2012
201210,CA,0203292000,47,47,70,70,76277.0,0.0,337324.0,10,2012
201210,CA,0203294000,47,47,70,70,1652601.0,0.0,4090676.0,10,2012
201211,CA,0203121000,47,47,70,70,203778.0,0.0,369664.0,11,2012
201211,CA,0203192000,47,47,70,70,10459145.0,0.0,39716750.0,11,2012
201211,CA,0203229000,47,47,70,70,11979.0,0.0,34898.0,11,2012
201211,CA,0203292000,47,47,70,70,79732.0,0.0,341920.0,11,2012
201211,CA,0203294000,47,47,70,70,1219992.0,0.0,3440776.0,11,2012
201212,CA,0203121000,47,47,70,70,131842.0,0.0,247964.0,12,2012
201212,CA,0203192000,47,47,70,70,8493883.0,0.0,32453912.0,12,2012
201212,CA,0203229000,47,47,70,70,166783.0,0.0,278671.0,12,2012
201212,CA,0203292000,47,47,70,70,125860.0,0.0,482447.0,12,2012
201212,CA,0203294000,47,47,70,70,751034.0,0.0,2118164.0,12,2012
201301,CA,0203121000,47,47,70,70,358664.0,0.0,643780.0,1,2013
201301,CA,0203192000,47,47,70,70,8643704.0,0.0,32167802.0,1,2013
201301,CA,0203229000,47,47,70,70,37259.0,0.0,86056.0,1,2013
201301,CA,0203292000,47,47,70,70,222193.0,0.0,1030841.0,1,2013
201301,CA,0203294000,47,47,70,70,930970.0,0.0,2548498.0,1,2013
201302,CA,0203121000,47,47,70,70,169443.0,0.0,304294.0,2,2013
201302,CA,0203192000,47,47,70,70,7896867.0,0.0,28636431.0,2,2013
201302,CA,0203229000,47,47,70,70,26935.0,0.0,68869.0,2,2013
201302,CA,0203292000,47,47,70,70,327608.0,0.0,1460978.0,2,2013
201302,CA,0203294000,47,47,70,70,1001622.0,0.0,2810646.0,2,2013
201303,CA,0203121000,47,47,70,70,67002.0,0.0,130619.0,3,2013
201303,CA,0203192000,47,47,70,70,8385784.0,0.0,31260695.0,3,2013
201303,CA,0203229000,47,47,70,70,861.0,0.0,2748.0,3,2013
201303,CA,0203292000,47,47,70,70,380055.0,0.0,1542338.0,3,2013
201303,CA,0203294000,47,47,70,70,902716.0,0.0,2585479.0,3,2013
201304,CA,0203121000,47,47,70,70,71583.0,0.0,159255.0,4,2013
201304,CA,0203192000,47,47,70,70,8257266.0,0.0,31683569.0,4,2013
201304,CA,0203229000,47,47,70,70,22163.0,0.0,65057.0,4,2013
201304,CA,0203292000,47,47,70,70,349729.0,0.0,1493903.0,4,2013
201304,CA,0203294000,47,47,70,70,1143530.0,0.0,2893362.0,4,2013
201305,CA,0203121000,47,47,70,70,114642.0,0.0,216631.0,5,2013
201305,CA,0203192000,47,47,70,70,8371239.0,0.0,34366563.0,5,2013
201305,CA,0203229000,47,47,70,70,10598.0,0.0,27333.0,5,2013
201305,CA,0203292000,47,47,70,70,285496.0,0.0,1243995.0,5,2013
201305,CA,0203294000,47,47,70,70,929324.0,0.0,2602591.0,5,2013
201306,CA,0203121000,47,47,70,70,63458.0,0.0,135269.0,6,2013
201306,CA,0203192000,47,47,70,70,8071735.0,0.0,35286544.0,6,2013
201306,CA,0203229000,47,47,70,70,52204.0,0.0,147381.0,6,2013
201306,CA,0203292000,47,47,70,70,225343.0,0.0,758330.0,6,2013
201306,CA,0203294000,47,47,70,70,783795.0,0.0,2329302.0,6,2013
201307,CA,0203121000,47,47,70,70,112655.0,0.0,244038.0,7,2013
201307,CA,0203192000,47,47,70,70,7788132.0,0.0,34638533.0,7,2013
201307,CA,0203210000,47,47,70,70,5333.0,0.0,9673.0,7,2013
201307,CA,0203229000,47,47,70,70,20552.0,0.0,55932.0,7,2013
201307,CA,0203292000,47,47,70,70,165289.0,0.0,681541.0,7,2013
201307,CA,0203294000,47,47,70,70,705130.0,0.0,2112672.0,7,2013
201308,CA,0203121000,47,47,70,70,114900.0,0.0,197386.0,8,2013
201308,CA,0203192000,47,47,70,70,9052531.0,0.0,39352787.0,8,2013
201308,CA,0203229000,47,47,70,70,22680.0,0.0,62171.0,8,2013
201308,CA,0203292000,47,47,70,70,93969.0,0.0,301477.0,8,2013
201308,CA,0203294000,47,47,70,70,867533.0,0.0,2497293.0,8,2013
201309,CA,0203121000,47,47,70,70,44216.0,0.0,119955.0,9,2013
201309,CA,0203192000,47,47,70,70,8165527.0,0.0,33178014.0,9,2013
201309,CA,0203229000,47,47,70,70,60545.0,0.0,125462.0,9,2013
201309,CA,0203292000,47,47,70,70,56769.0,0.0,298412.0,9,2013
201309,CA,0203294000,47,47,70,70,536437.0,0.0,1576452.0,9,2013
201310,CA,0203121000,47,47,70,70,120028.0,0.0,199313.0,10,2013
201310,CA,0203192000,47,47,70,70,7998127.0,0.0,31798931.0,10,2013
201310,CA,0203229000,47,47,70,70,15107.0,0.0,56611.0,10,2013
201310,CA,0203292000,47,47,70,70,96893.0,0.0,359157.0,10,2013
201310,CA,0203294000,47,47,70,70,934227.0,0.0,2786881.0,10,2013
201311,CA,0203121000,47,47,70,70,121985.0,0.0,224651.0,11,2013
201311,CA,0203192000,47,47,70,70,8084948.0,0.0,29827540.0,11,2013
201311,CA,0203229000,47,47,70,70,8889.0,0.0,26045.0,11,2013
201311,CA,0203292000,47,47,70,70,232090.0,0.0,1078371.0,11,2013
201311,CA,0203294000,47,47,70,70,993248.0,0.0,3303697.0,11,2013
201312,CA,0203121000,47,47,70,70,120254.0,0.0,325816.0,12,2013
201312,CA,0203192000,47,47,70,70,6611901.0,0.0,25378102.0,12,2013
201312,CA,0203229000,47,47,70,70,6345.0,0.0,13054.0,12,2013
201312,CA,0203292000,47,47,70,70,179524.0,0.0,714856.0,12,2013
201312,CA,0203294000,47,47,70,70,559346.0,0.0,2032459.0,12,2013
201401,CA,0203121000,47,47,70,70,241865.0,0.0,620980.0,1,2014
201401,CA,0203192000,47,47,70,70,7868977.0,0.0,28948353.0,1,2014
201401,CA,0203292000,47,47,70,70,183763.0,0.0,886372.0,1,2014
201401,CA,0203294000,47,47,70,70,695267.0,0.0,2187910.0,1,2014
201402,CA,0203110000,47,47,70,70,14462.0,0.0,24685.0,2,2014
201402,CA,0203121000,47,47,70,70,118049.0,0.0,266067.0,2,2014
201402,CA,0203192000,47,47,70,70,6700777.0,0.0,27688410.0,2,2014
201402,CA,0203292000,47,47,70,70,141646.0,0.0,773767.0,2,2014
201402,CA,0203294000,47,47,70,70,860313.0,0.0,2730140.0,2,2014
201403,CA,0203121000,47,47,70,70,70208.0,0.0,158085.0,3,2014
201403,CA,0203192000,47,47,70,70,6701839.0,0.0,29857387.0,3,2014
201403,CA,0203292000,47,47,70,70,179897.0,0.0,687613.0,3,2014
201403,CA,0203294000,47,47,70,70,1253641.0,0.0,4072276.0,3,2014
201404,CA,0203121000,47,47,70,70,149839.0,0.0,385140.0,4,2014
201404,CA,0203192000,47,47,70,70,7153770.0,0.0,35126921.0,4,2014
201404,CA,0203210000,47,47,70,70,1896.0,0.0,3349.0,4,2014
201404,CA,0203292000,47,47,70,70,204718.0,0.0,708935.0,4,2014
201404,CA,0203294000,47,47,70,70,901062.0,0.0,3199966.0,4,2014
201405,CA,0203121000,47,47,70,70,159355.0,0.0,326516.0,5,2014
201405,CA,0203192000,47,47,70,70,8065513.0,0.0,38597687.0,5,2014
201405,CA,0203292000,47,47,70,70,89074.0,0.0,351738.0,5,2014
201405,CA,0203294000,47,47,70,70,761537.0,0.0,2699486.0,5,2014
201406,CA,0203121000,47,47,70,70,97549.0,0.0,205243.0,6,2014
201406,CA,0203192000,47,47,70,70,8419226.0,0.0,41520713.0,6,2014
201406,CA,0203292000,47,47,70,70,102199.0,0.0,472528.0,6,2014
201406,CA,0203294000,47,47,70,70,680452.0,0.0,2641187.0,6,2014
201407,CA,0203121000,47,47,70,70,60397.0,0.0,145900.0,7,2014
201407,CA,0203192000,47,47,70,70,7906574.0,0.0,41012073.0,7,2014
201407,CA,0203229000,47,47,70,70,16323.0,0.0,54018.0,7,2014
201407,CA,0203292000,47,47,70,70,41684.0,0.0,182918.0,7,2014
201407,CA,0203294000,47,47,70,70,578719.0,0.0,2292556.0,7,2014
201408,CA,0203121000,47,47,70,70,227270.0,0.0,393111.0,8,2014
201408,CA,0203192000,47,47,70,70,8319358.0,0.0,41836887.0,8,2014
201408,CA,0203292000,47,47,70,70,68196.0,0.0,383359.0,8,2014
201408,CA,0203294000,47,47,70,70,457922.0,0.0,2053740.0,8,2014
201409,CA,0203121000,47,47,70,70,226529.0,0.0,443279.0,9,2014
201409,CA,0203192000,47,47,70,70,7890722.0,0.0,36387482.0,9,2014
201409,CA,0203292000,47,47,70,70,106181.0,0.0,455172.0,9,2014
201409,CA,0203294000,47,47,70,70,730567.0,0.0,2866340.0,9,2014
201410,CA,0203110000,47,47,70,70,1814.0,0.0,3142.0,10,2014
201410,CA,0203121000,47,47,70,70,216999.0,0.0,378659.0,10,2014
201410,CA,0203192000,47,47,70,70,8006647.0,0.0,36784558.0,10,2014
201410,CA,0203229000,47,47,70,70,6378.0,0.0,17211.0,10,2014
201410,CA,0203292000,47,47,70,70,169938.0,0.0,833206.0,10,2014
201410,CA,0203294000,47,47,70,70,666293.0,0.0,2361435.0,10,2014
201411,CA,0203121000,47,47,70,70,230501.0,0.0,401628.0,11,2014
201411,CA,0203192000,47,47,70,70,8729371.0,0.0,37558736.0,11,2014
201411,CA,0203292000,47,47,70,70,89475.0,0.0,374534.0,11,2014
201411,CA,0203294000,47,47,70,70,803967.0,0.0,2908829.0,11,2014
201412,CA,0203121000,47,47,70,70,249427.0,0.0,446343.0,12,2014
201412,CA,0203192000,47,47,70,70,6326357.0,0.0,27625820.0,12,2014
201412,CA,0203229000,47,47,70,70,43005.0,0.0,112334.0,12,2014
201412,CA,0203292000,47,47,70,70,57145.0,0.0,281356.0,12,2014
201412,CA,0203294000,47,47,70,70,476823.0,0.0,1702799.0,12,2014
201501,CA,0203121000,47,47,70,70,80278.0,0.0,163739.0,1,2015
201501,CA,0203192000,47,47,70,70,7467974.0,0.0,30420897.0,1,2015
201501,CA,0203229000,47,47,70,70,7282.0,0.0,18136.0,1,2015
201501,CA,0203292000,47,47,70,70,165426.0,0.0,751594.0,1,2015
201501,CA,0203294000,47,47,70,70,589893.0,0.0,1805700.0,1,2015
201502,CA,0203121000,47,47,70,70,91335.0,0.0,182023.0,2,2015
201502,CA,0203192000,47,47,70,70,6592744.0,0.0,25749539.0,2,2015
201502,CA,0203292000,47,47,70,70,100517.0,0.0,390879.0,2,2015
201502,CA,0203294000,47,47,70,70,632414.0,0.0,2045604.0,2,2015
201503,CA,0203121000,47,47,70,70,90871.0,0.0,214985.0,3,2015
201503,CA,0203192000,47,47,70,70,6647334.0,0.0,24055423.0,3,2015
201503,CA,0203229000,47,47,70,70,1345.0,0.0,3207.0,3,2015
201503,CA,0203292000,47,47,70,70,96958.0,0.0,259341.0,3,2015
201503,CA,0203294000,47,47,70,70,926271.0,0.0,2753737.0,3,2015
201504,CA,0203121000,47,47,70,70,53750.0,0.0,109187.0,4,2015
201504,CA,0203192000,47,47,70,70,6751110.0,0.0,26819571.0,4,2015
201504,CA,0203229000,47,47,70,70,1620.0,0.0,5246.0,4,2015
201504,CA,0203292000,47,47,70,70,54395.0,0.0,219575.0,4,2015
201504,CA,0203294000,47,47,70,70,1338924.0,0.0,3642681.0,4,2015
201505,CA,0203121000,47,47,70,70,79741.0,0.0,150369.0,5,2015
201505,CA,0203192000,47,47,70,70,8117367.0,0.0,33426325.0,5,2015
201505,CA,0203210000,47,47,70,70,8454.0,0.0,13486.0,5,2015
201505,CA,0203292000,47,47,70,70,119991.0,0.0,547053.0,5,2015
201505,CA,0203294000,47,47,70,70,993726.0,0.0,2537950.0,5,2015
201506,CA,0203121000,47,47,70,70,98604.0,0.0,196267.0,6,2015
201506,CA,0203192000,47,47,70,70,7691186.0,0.0,32515550.0,6,2015
201506,CA,0203292000,47,47,70,70,84864.0,0.0,341360.0,6,2015
201506,CA,0203294000,47,47,70,70,862225.0,0.0,2274017.0,6,2015
201507,CA,0203121000,47,47,70,70,64362.0,0.0,158696.0,7,2015
201507,CA,0203192000,47,47,70,70,7469001.0,0.0,30868128.0,7,2015
201507,CA,0203229000,47,47,70,70,2092.0,0.0,5074.0,7,2015
201507,CA,0203292000,47,47,70,70,255923.0,0.0,1132156.0,7,2015
201507,CA,0203294000,47,47,70,70,912842.0,0.0,2127711.0,7,2015
201508,CA,0203121000,47,47,70,70,23665.0,0.0,70066.0,8,2015
201508,CA,0203192000,47,47,70,70,8223327.0,0.0,33540295.0,8,2015
201508,CA,0203229000,47,47,70,70,18827.0,0.0,47441.0,8,2015
201508,CA,0203292000,47,47,70,70,139400.0,0.0,695067.0,8,2015
201508,CA,0203294000,47,47,70,70,544531.0,0.0,1486546.0,8,2015
201509,CA,0203121000,47,47,70,70,131068.0,0.0,243054.0,9,2015
201509,CA,0203192000,47,47,70,70,7555824.0,0.0,27812775.0,9,2015
201509,CA,0203292000,47,47,70,70,121604.0,0.0,426019.0,9,2015
201509,CA,0203294000,47,47,70,70,834517.0,0.0,2054488.0,9,2015
201510,CA,0203121000,47,47,70,70,83470.0,0.0,149647.0,10,2015
201510,CA,0203192000,47,47,70,70,7716382.0,0.0,27857971.0,10,2015
201510,CA,0203292000,47,47,70,70,192277.0,0.0,665027.0,10,2015
201510,CA,0203294000,47,47,70,70,699045.0,0.0,1806889.0,10,2015
201511,CA,0203121000,47,47,70,70,79484.0,0.0,173359.0,11,2015
201511,CA,0203192000,47,47,70,70,7584952.0,0.0,26689643.0,11,2015
201511,CA,0203229000,47,47,70,70,3372.0,0.0,7799.0,11,2015
201511,CA,0203292000,47,47,70,70,22993.0,0.0,105342.0,11,2015
201511,CA,0203294000,47,47,70,70,463549.0,0.0,1285878.0,11,2015
201512,CA,0203121000,47,47,70,70,133091.0,0.0,259240.0,12,2015
201512,CA,0203192000,47,47,70,70,6330093.0,0.0,20940334.0,12,2015
201512,CA,0203292000,47,47,70,70,132751.0,0.0,413689.0,12,2015
201512,CA,0203294000,47,47,70,70,720762.0,0.0,1927107.0,12,2015
201601,CA,0203121000,47,47,70,70,56964.0,0.0,138477.0,1,2016
201601,CA,0203192000,47,47,70,70,6188035.0,0.0,22046804.0,1,2016
201601,CA,0203292000,47,47,70,70,85860.0,0.0,374843.0,1,2016
201601,CA,0203294000,47,47,70,70,774310.0,0.0,2042032.0,1,2016
201602,CA,0203121000,47,47,70,70,29825.0,0.0,77168.0,2,2016
201602,CA,0203192000,47,47,70,70,5871111.0,0.0,21134837.0,2,2016
201602,CA,0203292000,47,47,70,70,147118.0,0.0,734944.0,2,2016
201602,CA,0203294000,47,47,70,70,606787.0,0.0,1407670.0,2,2016
201603,CA,0203121000,47,47,70,70,156713.0,0.0,307983.0,3,2016
201603,CA,0203192000,47,47,70,70,5661823.0,0.0,20786798.0,3,2016
201603,CA,0203292000,47,47,70,70,112552.0,0.0,469964.0,3,2016
201603,CA,0203294000,47,47,70,70,923427.0,0.0,2250670.0,3,2016
201604,CA,0203121000,47,47,70,70,10699.0,0.0,29751.0,4,2016
201604,CA,0203192000,47,47,70,70,6892213.0,0.0,32524408.0,4,2016
201604,CA,0203292000,47,47,70,70,203076.0,0.0,878159.0,4,2016
201604,CA,0203294000,47,47,70,70,1143241.0,0.0,2118388.0,4,2016
201605,CA,0203121000,47,47,70,70,54062.0,0.0,102829.0,5,2016
201605,CA,0203192000,47,47,70,70,7003908.0,0.0,35759944.0,5,2016
201605,CA,0203292000,47,47,70,70,170085.0,0.0,656015.0,5,2016
201605,CA,0203294000,47,47,70,70,1235009.0,0.0,2344529.0,5,2016
201606,CA,0203121000,47,47,70,70,53186.0,0.0,122694.0,6,2016
201606,CA,0203192000,47,47,70,70,6616589.0,0.0,29648595.0,6,2016
201606,CA,0203292000,47,47,70,70,61350.0,0.0,243318.0,6,2016
201606,CA,0203294000,47,47,70,70,1471179.0,0.0,3144480.0,6,2016
201607,CA,0203121000,47,47,70,70,47789.0,0.0,104770.0,7,2016
201607,CA,0203192000,47,47,70,70,8084656.0,0.0,37456317.0,7,2016
201607,CA,0203229000,47,47,70,70,1143.0,0.0,2635.0,7,2016
201607,CA,0203292000,47,47,70,70,105209.0,0.0,417454.0,7,2016
201607,CA,0203294000,47,47,70,70,802255.0,0.0,2072833.0,7,2016
201608,CA,0203121000,47,47,70,70,59688.0,0.0,103428.0,8,2016
201608,CA,0203192000,47,47,70,70,7651874.0,0.0,32106851.0,8,2016
201608,CA,0203292000,47,47,70,70,247542.0,0.0,1068657.0,8,2016
201608,CA,0203294000,47,47,70,70,700563.0,0.0,1591213.0,8,2016
201609,CA,0203121000,47,47,70,70,163045.0,0.0,316809.0,9,2016
201609,CA,0203192000,47,47,70,70,6542581.0,0.0,25785604.0,9,2016
201609,CA,0203292000,47,47,70,70,114776.0,0.0,357751.0,9,2016
201609,CA,0203294000,47,47,70,70,780250.0,0.0,2207071.0,9,2016
201610,CA,0203121000,47,47,70,70,64256.0,0.0,133026.0,10,2016
201610,CA,0203192000,47,47,70,70,8409992.0,0.0,32853381.0,10,2016
201610,CA,0203229000,47,47,70,70,3267.0,0.0,7495.0,10,2016
201610,CA,0203292000,47,47,70,70,37846.0,0.0,133090.0,10,2016
201610,CA,0203294000,47,47,70,70,696031.0,0.0,1684872.0,10,2016
201611,CA,0203121000,47,47,70,70,142670.0,0.0,249948.0,11,2016
201611,CA,0203192000,47,47,70,70,7830960.0,0.0,29059166.0,11,2016
201611,CA,0203292000,47,47,70,70,104673.0,0.0,353210.0,11,2016
201611,CA,0203294000,47,47,70,70,864593.0,0.0,2064547.0,11,2016
201612,CA,0203121000,47,47,70,70,46139.0,0.0,93120.0,12,2016
201612,CA,0203192000,47,47,70,70,8284467.0,0.0,29166462.0,12,2016
201612,CA,0203229000,47,47,70,70,1124.0,0.0,2538.0,12,2016
201612,CA,0203292000,47,47,70,70,103565.0,0.0,475922.0,12,2016
201612,CA,0203294000,47,47,70,70,586929.0,0.0,1771323.0,12,2016
201701,CA,0203121000,47,47,70,70,56049.0,0.0,128352.0,1,2017
201701,CA,0203192000,47,47,70,70,7140977.0,0.0,27997456.0,1,2017
201701,CA,0203292000,47,47,70,70,82101.0,0.0,358048.0,1,2017
201701,CA,0203294000,47,47,70,70,691062.0,0.0,1824574.0,1,2017
201702,CA,0203121000,47,47,70,70,290269.0,0.0,472349.0,2,2017
201702,CA,0203192000,47,47,70,70,6746588.0,0.0,24512667.0,2,2017
201702,CA,0203229000,47,47,70,70,1158.0,0.0,2658.0,2,2017
201702,CA,0203292000,47,47,70,70,165976.0,0.0,710765.0,2,2017
201702,CA,0203294000,47,47,70,70,752210.0,0.0,2026388.0,2,2017
201703,CA,0203121000,47,47,70,70,150442.0,0.0,260208.0,3,2017
201703,CA,0203192000,47,47,70,70,8145843.0,0.0,30448925.0,3,2017
201703,CA,0203292000,47,47,70,70,205361.0,0.0,694459.0,3,2017
201703,CA,0203294000,47,47,70,70,1124593.0,0.0,2974021.0,3,2017
201704,CA,0203121000,47,47,70,70,22797.0,0.0,48998.0,4,2017
201704,CA,0203192000,47,47,70,70,7147566.0,0.0,28177629.0,4,2017
201704,CA,0203292000,47,47,70,70,109664.0,0.0,313481.0,4,2017
201704,CA,0203294000,47,47,70,70,1049595.0,0.0,2618068.0,4,2017
201705,CA,0203121000,47,47,70,70,36267.0,0.0,64584.0,5,2017
201705,CA,0203192000,47,47,70,70,8047660.0,0.0,33359608.0,5,2017
201705,CA,0203292000,47,47,70,70,87766.0,0.0,393995.0,5,2017
201705,CA,0203294000,47,47,70,70,987461.0,0.0,2432871.0,5,2017
201706,CA,0203121000,47,47,70,70,22668.0,0.0,68731.0,6,2017
201706,CA,0203192000,47,47,70,70,6432729.0,0.0,26000650.0,6,2017
201706,CA,0203292000,47,47,70,70,173829.0,0.0,589860.0,6,2017
201706,CA,0203294000,47,47,70,70,853328.0,0.0,2429993.0,6,2017
201707,CA,0203121000,47,47,70,70,42416.0,0.0,87002.0,7,2017
201707,CA,0203192000,47,47,70,70,8058262.0,0.0,34513265.0,7,2017
201707,CA,0203292000,47,47,70,70,293974.0,0.0,1123239.0,7,2017
201707,CA,0203294000,47,47,70,70,513409.0,0.0,1659547.0,7,2017
201708,CA,0203121000,47,47,70,70,69692.0,0.0,146999.0,8,2017
201708,CA,0203192000,47,47,70,70,7763549.0,0.0,28034288.0,8,2017
201708,CA,0203292000,47,47,70,70,44342.0,0.0,174318.0,8,2017
201708,CA,0203294000,47,47,70,70,675895.0,0.0,1792335.0,8,2017
201709,CA,0203121000,47,47,70,70,194997.0,0.0,384537.0,9,2017
201709,CA,0203192000,47,47,70,70,7974736.0,0.0,28331800.0,9,2017
201709,CA,0203292000,47,47,70,70,31218.0,0.0,94360.0,9,2017
201709,CA,0203294000,47,47,70,70,811136.0,0.0,2313043.0,9,2017
201710,CA,0203121000,47,47,70,70,693671.0,0.0,1404006.0,10,2017
201710,CA,0203192000,47,47,70,70,8500854.0,0.0,28685291.0,10,2017
201710,CA,0203229000,47,47,70,70,23790.0,0.0,48938.0,10,2017
201710,CA,0203292000,47,47,70,70,106192.0,0.0,430914.0,10,2017
201710,CA,0203294000,47,47,70,70,797818.0,0.0,2058467.0,10,2017
201711,CA,0203121000,47,47,70,70,265757.0,0.0,541634.0,11,2017
201711,CA,0203192000,47,47,70,70,7555909.0,0.0,24436327.0,11,2017
201711,CA,0203292000,47,47,70,70,77609.0,0.0,336813.0,11,2017
201711,CA,0203294000,47,47,70,70,1195763.0,0.0,3341776.0,11,2017
201712,CA,0203121000,47,47,70,70,324835.0,0.0,692991.0,12,2017
201712,CA,0203192000,47,47,70,70,7878895.0,0.0,27144850.0,12,2017
201712,CA,0203292000,47,47,70,70,22979.0,0.0,91389.0,12,2017
201712,CA,0203294000,47,47,70,70,686540.0,0.0,2239091.0,12,2017
201801,CA,0203121000,47,47,70,70,113897.0,0.0,235071.0,1,2018
201801,CA,0203192000,47,47,70,70,6587331.0,0.0,22627050.0,1,2018
201801,CA,0203292000,47,47,70,70,35216.0,0.0,144713.0,1,2018
201801,CA,0203294000,47,47,70,70,845533.0,0.0,2427176.0,1,2018
201802,CA,0203121000,47,47,70,70,604450.0,0.0,1234135.0,2,2018
201802,CA,0203192000,47,47,70,70,7079051.0,0.0,23177394.0,2,2018
201802,CA,0203229000,47,47,70,70,2998.0,0.0,7168.0,2,2018
201802,CA,0203292000,47,47,70,70,47626.0,0.0,161392.0,2,2018
201802,CA,0203294000,47,47,70,70,977029.0,0.0,2713423.0,2,2018
201803,CA,0203121000,47,47,70,70,218518.0,0.0,373576.0,3,2018
201803,CA,0203192000,47,47,70,70,7247105.0,0.0,24173900.0,3,2018
201803,CA,0203229000,47,47,70,70,1284.0,0.0,3013.0,3,2018
201803,CA,0203292000,47,47,70,70,27658.0,0.0,69674.0,3,2018
201803,CA,0203294000,47,47,70,70,1103899.0,0.0,2967016.0,3,2018
201804,CA,0203121000,47,47,70,70,1051225.0,0.0,2147809.0,4,2018
201804,CA,0203192000,47,47,70,70,6735689.0,0.0,22550492.0,4,2018
201804,CA,0203292000,47,47,70,70,42385.0,0.0,111701.0,4,2018
201804,CA,0203294000,47,47,70,70,998460.0,0.0,2570364.0,4,2018
201805,CA,0203121000,47,47,70,70,425188.0,0.0,837845.0,5,2018
201805,CA,0203192000,47,47,70,70,7342561.0,0.0,25151181.0,5,2018
201805,CA,0203292000,47,47,70,70,71042.0,0.0,246803.0,5,2018
201805,CA,0203294000,47,47,70,70,1181342.0,0.0,2715904.0,5,2018
201806,CA,0203121000,47,47,70,70,90529.0,0.0,160740.0,6,2018
201806,CA,0203192000,47,47,70,70,6907432.0,0.0,24966328.0,6,2018
201806,CA,0203292000,47,47,70,70,36250.0,0.0,195061.0,6,2018
201806,CA,0203294000,47,47,70,70,981570.0,0.0,2429676.0,6,2018
201807,CA,0203121000,47,47,70,70,421733.0,0.0,839410.0,7,2018
201807,CA,0203192000,47,47,70,70,6882434.0,0.0,25007121.0,7,2018
201807,CA,0203229000,47,47,70,70,18594.0,0.0,39107.0,7,2018
201807,CA,0203292000,47,47,70,70,127260.0,0.0,558056.0,7,2018
201807,CA,0203294000,47,47,70,70,863153.0,0.0,2114505.0,7,2018
201808,CA,0203121000,47,47,70,70,77075.0,0.0,135198.0,8,2018
201808,CA,0203192000,47,47,70,70,8609148.0,0.0,29591594.0,8,2018
201808,CA,0203229000,47,47,70,70,66707.0,0.0,103755.0,8,2018
201808,CA,0203292000,47,47,70,70,266107.0,0.0,1060911.0,8,2018
201808,CA,0203294000,47,47,70,70,1339285.0,0.0,3333085.0,8,2018
201809,CA,0203121000,47,47,70,70,85333.0,0.0,135280.0,9,2018
201809,CA,0203192000,47,47,70,70,6693950.0,0.0,21943105.0,9,2018
201809,CA,0203229000,47,47,70,70,8744.0,0.0,20209.0,9,2018
201809,CA,0203292000,47,47,70,70,175782.0,0.0,744016.0,9,2018
201809,CA,0203294000,47,47,70,70,996178.0,0.0,2305134.0,9,2018
201810,CA,0203121000,47,47,70,70,734190.0,0.0,1352486.0,10,2018
201810,CA,0203192000,47,47,70,70,7696992.0,0.0,26471714.0,10,2018
201810,CA,0203292000,47,47,70,70,188670.0,0.0,670413.0,10,2018
201810,CA,0203294000,47,47,70,70,755408.0,0.0,1860032.0,10,2018
201811,CA,0203121000,47,47,70,70,133719.0,0.0,288021.0,11,2018
201811,CA,0203192000,47,47,70,70,8427403.0,0.0,26146259.0,11,2018
201811,CA,0203292000,47,47,70,70,70884.0,0.0,229406.0,11,2018
201811,CA,0203294000,47,47,70,70,789126.0,0.0,1952552.0,11,2018
201812,CA,0203121000,47,47,70,70,84041.0,0.0,168145.0,12,2018
201812,CA,0203192000,47,47,70,70,8329380.0,0.0,26083062.0,12,2018
201812,CA,0203292000,47,47,70,70,213573.0,0.0,546572.0,12,2018
201812,CA,0203294000,47,47,70,70,623717.0,0.0,1568497.0,12,2018
201901,CA,0203121000,47,47,70,70,77336.0,0.0,162533.0,1,2019
201901,CA,0203192000,47,47,70,70,7362867.0,0.0,23286450.0,1,2019
201901,CA,0203229000,47,47,70,70,2271.0,0.0,5197.0,1,2019
201901,CA,0203292000,47,47,70,70,236832.0,0.0,633997.0,1,2019
201901,CA,0203294000,47,47,70,70,1106211.0,0.0,2260999.0,1,2019
201902,CA,0203121000,47,47,70,70,434058.0,0.0,825147.0,2,2019
201902,CA,0203192000,47,47,70,70,6299806.0,0.0,20232691.0,2,2019
201902,CA,0203229000,47,47,70,70,9077.0,0.0,15932.0,2,2019
201902,CA,0203292000,47,47,70,70,282677.0,0.0,862356.0,2,2019
201902,CA,0203294000,47,47,70,70,1494770.0,0.0,2702036.0,2,2019
201903,CA,0203121000,47,47,70,70,362775.0,0.0,573055.0,3,2019
201903,CA,0203192000,47,47,70,70,9130769.0,0.0,29942169.0,3,2019
201903,CA,0203229000,47,47,70,70,3369.0,0.0,7812.0,3,2019
201903,CA,0203292000,47,47,70,70,230453.0,0.0,844310.0,3,2019
201903,CA,0203294000,47,47,70,70,2127540.0,0.0,3487391.0,3,2019
201904,CA,0203121000,47,47,70,70,957541.0,0.0,1661665.0,4,2019
201904,CA,0203192000,47,47,70,70,7343150.0,0.0,24919771.0,4,2019
201904,CA,0203229000,47,47,70,70,18303.0,0.0,39237.0,4,2019
201904,CA,0203292000,47,47,70,70,154556.0,0.0,562560.0,4,2019
201904,CA,0203294000,47,47,70,70,2071351.0,0.0,4035444.0,4,2019
201905,CA,0203121000,47,47,70,70,540821.0,0.0,1028061.0,5,2019
201905,CA,0203192000,47,47,70,70,7585555.0,0.0,27110865.0,5,2019
201905,CA,0203292000,47,47,70,70,138337.0,0.0,566558.0,5,2019
201905,CA,0203294000,47,47,70,70,1212583.0,0.0,2387165.0,5,2019
201906,CA,0203121000,47,47,70,70,152661.0,0.0,319789.0,6,2019
201906,CA,0203192000,47,47,70,70,7323361.0,0.0,27857104.0,6,2019
201906,CA,0203229000,47,47,70,70,64828.0,0.0,147990.0,6,2019
201906,CA,0203292000,47,47,70,70,384070.0,0.0,1596284.0,6,2019
201906,CA,0203294000,47,47,70,70,1480970.0,0.0,3098339.0,6,2019
201907,CA,0203121000,47,47,70,70,122799.0,0.0,270785.0,7,2019
201907,CA,0203192000,47,47,70,70,8747873.0,0.0,32048626.0,7,2019
201907,CA,0203292000,47,47,70,70,359857.0,0.0,1693642.0,7,2019
201907,CA,0203294000,47,47,70,70,983429.0,0.0,2442657.0,7,2019
201908,CA,0203121000,47,47,70,70,119430.0,0.0,260530.0,8,2019
201908,CA,0203192000,47,47,70,70,8675555.0,0.0,31251335.0,8,2019
201908,CA,0203229000,47,47,70,70,11831.0,0.0,24478.0,8,2019
201908,CA,0203292000,47,47,70,70,143121.0,0.0,601336.0,8,2019
201908,CA,0203294000,47,47,70,70,750823.0,0.0,1814682.0,8,2019
201909,CA,0203121000,47,47,70,70,148673.0,0.0,310489.0,9,2019
201909,CA,0203192000,47,47,70,70,8286074.0,0.0,27362083.0,9,2019
201909,CA,0203229000,47,47,70,70,13358.0,0.0,33114.0,9,2019
201909,CA,0203292000,47,47,70,70,33992.0,0.0,142505.0,9,2019
201909,CA,0203294000,47,47,70,70,941981.0,0.0,2505996.0,9,2019
201910,CA,0203121000,47,47,70,70,369521.0,0.0,770161.0,10,2019
201910,CA,0203192000,47,47,70,70,8827972.0,0.0,30793310.0,10,2019
201910,CA,0203292000,47,47,70,70,179694.0,0.0,565177.0,10,2019
201910,CA,0203294000,47,47,70,70,1006443.0,0.0,2519071.0,10,2019
201911,CA,0203121000,47,47,70,70,342975.0,0.0,716261.0,11,2019
201911,CA,0203192000,47,47,70,70,8834474.0,0.0,31448665.0,11,2019
201911,CA,0203292000,47,47,70,70,170584.0,0.0,717245.0,11,2019
201911,CA,0203294000,47,47,70,70,1742024.0,0.0,3855139.0,11,2019
201912,CA,0203121000,47,47,70,70,170648.0,0.0,353077.0,12,2019
201912,CA,0203192000,47,47,70,70,7896957.0,0.0,28160579.0,12,2019
201912,CA,0203229000,47,47,70,70,37720.0,0.0,86289.0,12,2019
201912,CA,0203292000,47,47,70,70,187109.0,0.0,715859.0,12,2019
201912,CA,0203294000,47,47,70,70,1496375.0,0.0,3323985.0,12,2019
202001,CA,0203121000,47,47,70,70,454085.0,0.0,855465.0,1,2020
202001,CA,0203192000,47,47,70,70,9624041.0,0.0,31864125.0,1,2020
202001,CA,0203229000,47,47,70,70,1119.0,0.0,2598.0,1,2020
202001,CA,0203292000,47,47,70,70,66847.0,0.0,246202.0,1,2020
202001,CA,0203294000,47,47,70,70,1751884.0,0.0,3614622.0,1,2020
202002,CA,0203121000,47,47,70,70,1318583.0,0.0,2597164.0,2,2020
202002,CA,0203192000,47,47,70,70,9087833.0,0.0,29527676.0,2,2020
202002,CA,0203292000,47,47,70,70,105215.0,0.0,415731.0,2,2020
202002,CA,0203294000,47,47,70,70,1736188.0,0.0,3804451.0,2,2020
202003,CA,0203121000,47,47,70,70,262495.0,0.0,475756.0,3,2020
202003,CA,0203192000,47,47,70,70,11201048.0,0.0,38858218.0,3,2020
202003,CA,0203229000,47,47,70,70,9760.0,0.0,21310.0,3,2020
202003,CA,0203292000,47,47,70,70,338474.0,0.0,1593957.0,3,2020
202003,CA,0203294000,47,47,70,70,1364423.0,0.0,3356763.0,3,2020
202004,CA,0203121000,47,47,70,70,596900.0,0.0,882039.0,4,2020
202004,CA,0203192000,47,47,70,70,6730470.0,0.0,23410563.0,4,2020
202004,CA,0203229000,47,47,70,70,66312.0,0.0,120176.0,4,2020
202004,CA,0203292000,47,47,70,70,301811.0,0.0,1279488.0,4,2020
202004,CA,0203294000,47,47,70,70,1834120.0,0.0,3856794.0,4,2020
202005,CA,0203121000,47,47,70,70,1473860.0,0.0,2363792.0,5,2020
202005,CA,0203192000,47,47,70,70,5687420.0,0.0,26963996.0,5,2020
202005,CA,0203229000,47,47,70,70,41937.0,0.0,90416.0,5,2020
202005,CA,0203292000,47,47,70,70,188439.0,0.0,992891.0,5,2020
202005,CA,0203294000,47,47,70,70,2191868.0,0.0,5383115.0,5,2020
202006,CA,0203121000,47,47,70,70,1413149.0,0.0,2029730.0,6,2020
202006,CA,0203192000,47,47,70,70,8194479.0,0.0,33199745.0,6,2020
202006,CA,0203229000,47,47,70,70,118106.0,0.0,266612.0,6,2020
202006,CA,0203292000,47,47,70,70,233332.0,0.0,1415638.0,6,2020
202006,CA,0203294000,47,47,70,70,1118770.0,0.0,3114193.0,6,2020
202007,CA,0203121000,47,47,70,70,1578725.0,0.0,1975862.0,7,2020
202007,CA,0203192000,47,47,70,70,10125805.0,0.0,36941972.0,7,2020
202007,CA,0203229000,47,47,70,70,17940.0,0.0,35607.0,7,2020
202007,CA,0203292000,47,47,70,70,220488.0,0.0,1283206.0,7,2020
202007,CA,0203294000,47,47,70,70,1188414.0,0.0,2984047.0,7,2020
202008,CA,0203121000,47,47,70,70,2370642.0,0.0,3500000.0,8,2020
202008,CA,0203192000,47,47,70,70,10537182.0,0.0,38566163.0,8,2020
202008,CA,0203229000,47,47,70,70,47431.0,0.0,92545.0,8,2020
202008,CA,0203292000,47,47,70,70,110911.0,0.0,642961.0,8,2020
202008,CA,0203294000,47,47,70,70,1378685.0,0.0,3296256.0,8,2020
202009,CA,0203121000,47,47,70,70,1049627.0,0.0,1954701.0,9,2020
202009,CA,0203192000,47,47,70,70,9715521.0,0.0,37072830.0,9,2020
202009,CA,0203229000,47,47,70,70,258708.0,0.0,537083.0,9,2020
202009,CA,0203292000,47,47,70,70,98627.0,0.0,530908.0,9,2020
202009,CA,0203294000,47,47,70,70,1902987.0,0.0,4886614.0,9,2020
202010,CA,0203121000,47,47,70,70,634476.0,0.0,1325600.0,10,2020
202010,CA,0203192000,47,47,70,70,11171188.0,0.0,45064590.0,10,2020
202010,CA,0203229000,47,47,70,70,37362.0,0.0,68842.0,10,2020
202010,CA,0203292000,47,47,70,70,18299.0,0.0,58742.0,10,2020
202010,CA,0203294000,47,47,70,70,1602340.0,0.0,4831636.0,10,2020
202011,CA,0203121000,47,47,70,70,376698.0,0.0,677085.0,11,2020
202011,CA,0203192000,47,47,70,70,9269116.0,0.0,36552855.0,11,2020
202011,CA,0203229000,47,47,70,70,78920.0,0.0,185274.0,11,2020
202011,CA,0203292000,47,47,70,70,90183.0,0.0,286377.0,11,2020
202011,CA,0203294000,47,47,70,70,1049478.0,0.0,3314872.0,11,2020
202012,CA,0203121000,47,47,70,70,367902.0,0.0,797505.0,12,2020
202012,CA,0203192000,47,47,70,70,7030777.0,0.0,26817068.0,12,2020
202012,CA,0203292000,47,47,70,70,28580.0,0.0,163795.0,12,2020
202012,CA,0203294000,47,47,70,70,1349877.0,0.0,3991766.0,12,2020
202101,CA,0203121000,47,47,70,70,486205.0,0.0,872428.0,1,2021
202101,CA,0203192000,47,47,70,70,8818458.0,0.0,32352462.0,1,2021
202101,CA,0203229000,47,47,70,70,16726.0,0.0,48322.0,1,2021
202101,CA,0203292000,47,47,70,70,71717.0,0.0,222107.0,1,2021
202101,CA,0203294000,47,47,70,70,1314454.0,0.0,3557621.0,1,2021
202102,CA,0203121000,47,47,70,70,1095221.0,0.0,2067174.0,2,2021
202102,CA,0203192000,47,47,70,70,9401399.0,0.0,37226219.0,2,2021
202102,CA,0203229000,47,47,70,70,77107.0,0.0,177713.0,2,2021
202102,CA,0203292000,47,47,70,70,32479.0,0.0,188608.0,2,2021
202102,CA,0203294000,47,47,70,70,1301637.0,0.0,3770007.0,2,2021
202103,CA,0203121000,47,47,70,70,209473.0,0.0,390856.0,3,2021
202103,CA,0203192000,47,47,70,70,8255373.0,0.0,32786266.0,3,2021
202103,CA,0203229000,47,47,70,70,9238.0,0.0,22477.0,3,2021
202103,CA,0203292000,47,47,70,70,101906.0,0.0,535754.0,3,2021
202103,CA,0203294000,47,47,70,70,1507173.0,0.0,4573785.0,3,2021
202104,CA,0203121000,47,47,70,70,314143.0,0.0,556815.0,4,2021
202104,CA,0203192000,47,47,70,70,8543045.0,0.0,37977396.0,4,2021
202104,CA,0203229000,47,47,70,70,22808.0,0.0,49933.0,4,2021
202104,CA,0203292000,47,47,70,70,26722.0,0.0,159619.0,4,2021
202104,CA,0203294000,47,47,70,70,1465878.0,0.0,4353114.0,4,2021
202105,CA,0203121000,47,47,70,70,535352.0,0.0,991284.0,5,2021
202105,CA,0203192000,47,47,70,70,8155297.0,0.0,38764153.0,5,2021
202105,CA,0203229000,47,47,70,70,54932.0,0.0,125010.0,5,2021
202105,CA,0203292000,47,47,70,70,58128.0,0.0,215680.0,5,2021
202105,CA,0203294000,47,47,70,70,1352636.0,0.0,4212750.0,5,2021
202106,CA,0203121000,47,47,70,70,981626.0,0.0,1809905.0,6,2021
202106,CA,0203192000,47,47,70,70,6349220.0,0.0,35123708.0,6,2021
202106,CA,0203229000,47,47,70,70,27564.0,0.0,68571.0,6,2021
202106,CA,0203292000,47,47,70,70,927.0,0.0,10218.0,6,2021
202106,CA,0203294000,47,47,70,70,1039525.0,0.0,3336166.0,6,2021
202107,CA,0203121000,47,47,70,70,546129.0,0.0,1072738.0,7,2021
202107,CA,0203192000,47,47,70,70,7775658.0,0.0,37475541.0,7,2021
202107,CA,0203292000,47,47,70,70,65344.0,0.0,319207.0,7,2021
202107,CA,0203294000,47,47,70,70,1149836.0,0.0,3447905.0,7,2021
202108,CA,0203121000,47,47,70,70,749466.0,0.0,1614025.0,8,2021
202108,CA,0203192000,47,47,70,70,7016963.0,0.0,35838985.0,8,2021
202108,CA,0203229000,47,47,70,70,81586.0,0.0,200782.0,8,2021
202108,CA,0203292000,47,47,70,70,2130.0,0.0,8615.0,8,2021
202108,CA,0203294000,47,47,70,70,946652.0,0.0,3180465.0,8,2021
202109,CA,0203121000,47,47,70,70,441996.0,0.0,963189.0,9,2021
202109,CA,0203192000,47,47,70,70,7478912.0,0.0,36570179.0,9,2021
202109,CA,0203229000,47,47,70,70,9575.0,0.0,23791.0,9,2021
202109,CA,0203292000,47,47,70,70,37390.0,0.0,203294.0,9,2021
202109,CA,0203294000,47,47,70,70,1135382.0,0.0,4099556.0,9,2021
202110,CA,0203121000,47,47,70,70,231194.0,0.0,412725.0,10,2021
202110,CA,0203192000,47,47,70,70,8817423.0,0.0,39992228.0,10,2021
202110,CA,0203292000,47,47,70,70,74016.0,0.0,448197.0,10,2021
202110,CA,0203294000,47,47,70,70,915686.0,0.0,3192672.0,10,2021
202111,CA,0203121000,47,47,70,70,225190.0,0.0,520011.0,11,2021
202111,CA,0203192000,47,47,70,70,7856388.0,0.0,32722040.0,11,2021
202111,CA,0203229000,47,47,70,70,2809.0,0.0,6785.0,11,2021
202111,CA,0203292000,47,47,70,70,24339.0,0.0,73101.0,11,2021
202111,CA,0203294000,47,47,70,70,1383028.0,0.0,4426659.0,11,2021
202112,CA,0203121000,47,47,70,70,251095.0,0.0,581750.0,12,2021
202112,CA,0203192000,47,47,70,70,6950425.0,0.0,27297567.0,12,2021
202112,CA,0203292000,47,47,70,70,18610.0,0.0,48750.0,12,2021
202112,CA,0203294000,47,47,70,70,1224144.0,0.0,3893502.0,12,2021
202201,CA,0203121000,47,47,70,70,576807.0,0.0,1210659.0,1,2022
202201,CA,0203192000,47,47,70,70,7350767.0,0.0,30855918.0,1,2022
202201,CA,0203292000,47,47,70,70,17374.0,0.0,158539.0,1,2022
202201,CA,0203294000,47,47,70,70,911749.0,0.0,2823169.0,1,2022
202202,CA,0203121000,47,47,70,70,142399.0,0.0,330562.0,2,2022
202202,CA,0203192000,47,47,70,70,7026949.0,0.0,29764616.0,2,2022
202202,CA,0203292000,47,47,70,70,8549.0,0.0,55041.0,2,2022
202202,CA,0203294000,47,47,70,70,1073167.0,0.0,3205675.0,2,2022
202203,CA,0203121000,47,47,70,70,204633.0,0.0,350660.0,3,2022
202203,CA,0203192000,47,47,70,70,6269633.0,0.0,25767800.0,3,2022
202203,CA,0203292000,47,47,70,70,35190.0,0.0,269571.0,3,2022
202203,CA,0203294000,47,47,70,70,876613.0,0.0,2796510.0,3,2022
202204,CA,0203121000,47,47,70,70,179475.0,0.0,322300.0,4,2022
202204,CA,0203192000,47,47,70,70,5280797.0,0.0,24185281.0,4,2022
202204,CA,0203229000,47,47,70,70,12984.0,0.0,30138.0,4,2022
202204,CA,0203292000,47,47,70,70,66927.0,0.0,284251.0,4,2022
202204,CA,0203294000,47,47,70,70,804001.0,0.0,2572232.0,4,2022
202205,CA,0203121000,47,47,70,70,156641.0,0.0,309741.0,5,2022
202205,CA,0203192000,47,47,70,70,6266822.0,0.0,30352585.0,5,2022
202205,CA,0203229000,47,47,70,70,18147.0,0.0,33790.0,5,2022
202205,CA,0203292000,47,47,70,70,46790.0,0.0,283149.0,5,2022
202205,CA,0203294000,47,47,70,70,707172.0,0.0,2179881.0,5,2022
202206,CA,0203121000,47,47,70,70,194786.0,0.0,412017.0,6,2022
202206,CA,0203192000,47,47,70,70,5239437.0,0.0,23980611.0,6,2022
202206,CA,0203229000,47,47,70,70,9766.0,0.0,26468.0,6,2022
202206,CA,0203292000,47,47,70,70,47388.0,0.0,235003.0,6,2022
202206,CA,0203294000,47,47,70,70,801889.0,0.0,2574329.0,6,2022
202207,CA,0203121000,47,47,70,70,180409.0,0.0,369629.0,7,2022
202207,CA,0203192000,47,47,70,70,5957135.0,0.0,28132110.0,7,2022
202207,CA,0203229000,47,47,70,70,8787.0,0.0,20878.0,7,2022
202207,CA,0203292000,47,47,70,70,89643.0,0.0,422905.0,7,2022
202207,CA,0203294000,47,47,70,70,752193.0,0.0,2628535.0,7,2022
202208,CA,0203121000,47,47,70,70,379461.0,0.0,759005.0,8,2022
202208,CA,0203192000,47,47,70,70,5775442.0,0.0,27147096.0,8,2022
202208,CA,0203229000,47,47,70,70,114938.0,0.0,269454.0,8,2022
202208,CA,0203292000,47,47,70,70,252485.0,0.0,1216777.0,8,2022
202208,CA,0203294000,47,47,70,70,888340.0,0.0,3122501.0,8,2022
202209,CA,0203121000,47,47,70,70,274366.0,0.0,639929.0,9,2022
202209,CA,0203192000,47,47,70,70,6492050.0,0.0,28724677.0,9,2022
202209,CA,0203229000,47,47,70,70,55755.0,0.0,112625.0,9,2022
202209,CA,0203292000,47,47,70,70,107833.0,0.0,471753.0,9,2022
202209,CA,0203294000,47,47,70,70,920247.0,0.0,3298197.0,9,2022
202210,CA,0203121000,47,47,70,70,423945.0,0.0,948788.0,10,2022
202210,CA,0203192000,47,47,70,70,8510823.0,0.0,34981515.0,10,2022
202210,CA,0203229000,47,47,70,70,2868.0,0.0,6422.0,10,2022
202210,CA,0203292000,47,47,70,70,82529.0,0.0,265717.0,10,2022
202210,CA,0203294000,47,47,70,70,1027954.0,0.0,3950928.0,10,2022
202211,CA,0203121000,47,47,70,70,419872.0,0.0,811264.0,11,2022
202211,CA,0203192000,47,47,70,70,8454491.0,0.0,31510309.0,11,2022
202211,CA,0203292000,47,47,70,70,209344.0,0.0,593891.0,11,2022
202211,CA,0203294000,47,47,70,70,959897.0,0.0,3954016.0,11,2022
202212,CA,0203121000,47,47,70,70,130925.0,0.0,252251.0,12,2022
202212,CA,0203192000,47,47,70,70,6778182.0,0.0,25073448.0,12,2022
202212,CA,0203292000,47,47,70,70,323980.0,0.0,1027856.0,12,2022
202212,CA,0203294000,47,47,70,70,910612.0,0.0,2983301.0,12,2022
202301,CA,0203121000,47,47,70,70,2036597.0,0.0,4157740.0,1,2023
202301,CA,0203192000,47,47,70,70,8576286.0,0.0,30690844.0,1,2023
202301,CA,0203229000,47,47,70,70,82798.0,0.0,177909.0,1,2023
202301,CA,0203292000,47,47,70,70,172258.0,0.0,480830.0,1,2023
202301,CA,0203294000,47,47,70,70,1174595.0,0.0,3737242.0,1,2023
202302,CA,0203121000,47,47,70,70,1330310.0,0.0,2791850.0,2,2023
202302,CA,0203192000,47,47,70,70,7095391.0,0.0,24831880.0,2,2023
202302,CA,0203229000,47,47,70,70,87519.0,0.0,180534.0,2,2023
202302,CA,0203292000,47,47,70,70,146762.0,0.0,388941.0,2,2023
202302,CA,0203294000,47,47,70,70,1482500.0,0.0,4236417.0,2,2023
202303,CA,0203121000,47,47,70,70,848516.0,0.0,1933994.0,3,2023
202303,CA,0203192000,47,47,70,70,7539710.0,0.0,28631302.0,3,2023
202303,CA,0203229000,47,47,70,70,5356.0,0.0,12017.0,3,2023
202303,CA,0203292000,47,47,70,70,289477.0,0.0,610270.0,3,2023
202303,CA,0203294000,47,47,70,70,1351654.0,0.0,3821635.0,3,2023
202304,CA,0203121000,47,47,70,70,440022.0,0.0,899208.0,4,2023
202304,CA,0203192000,47,47,70,70,7485981.0,0.0,28217628.0,4,2023
202304,CA,0203229000,47,47,70,70,103019.0,0.0,236204.0,4,2023
202304,CA,0203292000,47,47,70,70,98331.0,0.0,309925.0,4,2023
202304,CA,0203294000,47,47,70,70,1117285.0,0.0,3101316.0,4,2023
202305,CA,0203121000,47,47,70,70,996449.0,0.0,2233031.0,5,2023
202305,CA,0203192000,47,47,70,70,7656693.0,0.0,30136485.0,5,2023
202305,CA,0203229000,47,47,70,70,12683.0,0.0,36674.0,5,2023
202305,CA,0203292000,47,47,70,70,131023.0,0.0,483915.0,5,2023
202305,CA,0203294000,47,47,70,70,1268303.0,0.0,3344494.0,5,2023
202306,CA,0203121000,47,47,70,70,1006533.0,0.0,2260894.0,6,2023
202306,CA,0203192000,47,47,70,70,7464076.0,0.0,29678455.0,6,2023
202306,CA,0203229000,47,47,70,70,18125.0,0.0,39896.0,6,2023
202306,CA,0203292000,47,47,70,70,452612.0,0.0,1543955.0,6,2023
202306,CA,0203294000,47,47,70,70,1329258.0,0.0,3676023.0,6,2023
202307,CA,0203121000,47,47,70,70,1067997.0,0.0,2247138.0,7,2023
202307,CA,0203192000,47,47,70,70,7821381.0,0.0,33355575.0,7,2023
202307,CA,0203229000,47,47,70,70,144516.0,0.0,332810.0,7,2023
202307,CA,0203292000,47,47,70,70,266755.0,0.0,907381.0,7,2023
202307,CA,0203294000,47,47,70,70,1068106.0,0.0,3013101.0,7,2023
202308,CA,0203121000,47,47,70,70,1374016.0,0.0,3508036.0,8,2023
202308,CA,0203192000,47,47,70,70,8587069.0,0.0,36044206.0,8,2023
202308,CA,0203229000,47,47,70,70,17962.0,0.0,38129.0,8,2023
202308,CA,0203292000,47,47,70,70,146909.0,0.0,469782.0,8,2023
202308,CA,0203294000,47,47,70,70,1025947.0,0.0,3065538.0,8,2023
202309,CA,0203121000,47,47,70,70,1939370.0,0.0,4162749.0,9,2023
202309,CA,0203192000,47,47,70,70,8472286.0,0.0,33226723.0,9,2023
202309,CA,0203229000,47,47,70,70,121372.0,0.0,276766.0,9,2023
202309,CA,0203292000,47,47,70,70,32931.0,0.0,162816.0,9,2023
202309,CA,0203294000,47,47,70,70,795283.0,0.0,2302150.0,9,2023
202310,CA,0203121000,47,47,70,70,1005314.0,0.0,2164076.0,10,2023
202310,CA,0203192000,47,47,70,70,8704844.0,0.0,33326351.0,10,2023
202310,CA,0203229000,47,47,70,70,8048.0,0.0,39221.0,10,2023
202310,CA,0203292000,47,47,70,70,187214.0,0.0,767520.0,10,2023
202310,CA,0203294000,47,47,70,70,914142.0,0.0,2631334.0,10,2023
202311,CA,0203121000,47,47,70,70,682600.0,0.0,1400309.0,11,2023
202311,CA,0203192000,47,47,70,70,8383414.0,0.0,31286892.0,11,2023
202311,CA,0203229000,47,47,70,70,4953.0,0.0,14610.0,11,2023
202311,CA,0203292000,47,47,70,70,100535.0,0.0,397555.0,11,2023
202311,CA,0203294000,47,47,70,70,688612.0,0.0,1663771.0,11,2023
202312,CA,0203121000,47,47,70,70,517069.0,0.0,1253264.0,12,2023
202312,CA,0203192000,47,47,70,70,8985433.0,0.0,33993920.0,12,2023
202312,CA,0203229000,47,47,70,70,39565.0,0.0,127110.0,12,2023
202312,CA,0203292000,47,47,70,70,44563.0,0.0,154054.0,12,2023
202312,CA,0203294000,47,47,70,70,627425.0,0.0,1729938.0,12,2023
202401,CA,0203121000,47,47,70,70,924357.0,0.0,1709466.0,1,2024
202401,CA,0203192000,47,47,70,70,8731689.0,0.0,32768511.0,1,2024
202401,CA,0203292000,47,47,70,70,52463.0,0.0,219201.0,1,2024
202401,CA,0203294000,47,47,70,70,683664.0,0.0,1755697.0,1,2024
202402,CA,0203121000,47,47,70,70,555585.0,0.0,1028796.0,2,2024
202402,CA,0203192000,47,47,70,70,7156534.0,0.0,27453447.0,2,2024
202402,CA,0203229000,47,47,70,70,16688.0,0.0,22965.0,2,2024
202402,CA,0203292000,47,47,70,70,65803.0,0.0,307430.0,2,2024
202402,CA,0203294000,47,47,70,70,949938.0,0.0,2470439.0,2,2024
202403,CA,0203121000,47,47,70,70,674911.0,0.0,1276539.0,3,2024
202403,CA,0203192000,47,47,70,70,7657948.0,0.0,30872227.0,3,2024
202403,CA,0203229000,47,47,70,70,12636.0,0.0,42099.0,3,2024
202403,CA,0203292000,47,47,70,70,106137.0,0.0,461835.0,3,2024
202403,CA,0203294000,47,47,70,70,706094.0,0.0,1518142.0,3,2024
202404,CA,0203121000,47,47,70,70,500709.0,0.0,1010069.0,4,2024
202404,CA,0203192000,47,47,70,70,6739636.0,0.0,27718832.0,4,2024
202404,CA,0203292000,47,47,70,70,101597.0,0.0,408914.0,4,2024
202404,CA,0203294000,47,47,70,70,919663.0,0.0,2118065.0,4,2024
202405,CA,0203121000,47,47,70,70,677415.0,0.0,1361972.0,5,2024
202405,CA,0203192000,47,47,70,70,6576071.0,0.0,28700809.0,5,2024
202405,CA,0203229000,47,47,70,70,22163.0,0.0,30649.0,5,2024
202405,CA,0203292000,47,47,70,70,176625.0,0.0,703997.0,5,2024
202405,CA,0203294000,47,47,70,70,845645.0,0.0,2438235.0,5,2024
202406,CA,0203121000,47,47,70,70,588842.0,0.0,1194421.0,6,2024
202406,CA,0203192000,47,47,70,70,8317983.0,0.0,36565229.0,6,2024
202406,CA,0203210000,47,47,70,70,4303.0,0.0,33529.0,6,2024
202406,CA,0203229000,47,47,70,70,2301.0,0.0,5246.0,6,2024
202406,CA,0203292000,47,47,70,70,161610.0,0.0,744058.0,6,2024
202406,CA,0203294000,47,47,70,70,663944.0,0.0,1927618.0,6,2024
202407,CA,0203121000,47,47,70,70,954689.0,0.0,2033730.0,7,2024
202407,CA,0203192000,47,47,70,70,7418918.0,0.0,31549134.0,7,2024
202407,CA,0203229000,47,47,70,70,34045.0,0.0,106390.0,7,2024
202407,CA,0203292000,47,47,70,70,116362.0,0.0,460072.0,7,2024
202407,CA,0203294000,47,47,70,70,731663.0,0.0,1814328.0,7,2024
202408,CA,0203121000,47,47,70,70,1420515.0,0.0,3135397.0,8,2024
202408,CA,0203192000,47,47,70,70,8208815.0,0.0,34855837.0,8,2024
202408,CA,0203292000,47,47,70,70,141709.0,0.0,641864.0,8,2024
202408,CA,0203294000,47,47,70,70,892888.0,0.0,2564144.0,8,2024
202409,CA,0203121000,47,47,70,70,850124.0,0.0,1782103.0,9,2024
202409,CA,0203192000,47,47,70,70,8107704.0,0.0,32594854.0,9,2024
202409,CA,0203229000,47,47,70,70,3685.0,0.0,13719.0,9,2024
202409,CA,0203292000,47,47,70,70,45909.0,0.0,221483.0,9,2024
202409,CA,0203294000,47,47,70,70,768646.0,0.0,2257084.0,9,2024
202410,CA,0203121000,47,47,70,70,1186344.0,0.0,2511123.0,10,2024
202410,CA,0203192000,47,47,70,70,8022874.0,0.0,31456259.0,10,2024
202410,CA,0203229000,47,47,70,70,2405.0,0.0,7455.0,10,2024
202410,CA,0203292000,47,47,70,70,37244.0,0.0,177026.0,10,2024
202410,CA,0203294000,47,47,70,70,710251.0,0.0,1925411.0,10,2024
202411,CA,0203121000,47,47,70,70,1033512.0,0.0,2102727.0,11,2024
202411,CA,0203192000,47,47,70,70,8581959.0,0.0,35854702.0,11,2024
202411,CA,0203292000,47,47,70,70,98651.0,0.0,408431.0,11,2024
202411,CA,0203294000,47,47,70,70,769809.0,0.0,1975512.0,11,2024
202412,CA,0203121000,47,47,70,70,638915.0,0.0,1419687.0,12,2024
202412,CA,0203192000,47,47,70,70,7742580.0,0.0,30643464.0,12,2024
202412,CA,0203229000,47,47,70,70,16009.0,0.0,45464.0,12,2024
202412,CA,0203292000,47,47,70,70,109322.0,0.0,499919.0,12,2024
202412,CA,0203294000,47,47,70,70,808505.0,0.0,2243107.0,12,2024
202501,CA,0203121000,47,47,70,70,821919.0,0.0,1658894.0,1,2025
202501,CA,0203192000,47,47,70,70,7228224.0,0.0,27711688.0,1,2025
202501,CA,0203229000,47,47,70,70,17690.0,0.0,37559.0,1,2025
202501,CA,0203292000,47,47,70,70,34692.0,0.0,108454.0,1,2025
202501,CA,0203294000,47,47,70,70,788099.0,0.0,2172114.0,1,2025
202502,CA,0203121000,47,47,70,70,663669.0,0.0,1306613.0,2,2025
202502,CA,0203192000,47,47,70,70,6219034.0,0.0,25567111.0,2,2025
202502,CA,0203229000,47,47,70,70,533.0,0.0,5380.0,2,2025
202502,CA,0203292000,47,47,70,70,32302.0,0.0,80954.0,2,2025
202502,CA,0203294000,47,47,70,70,1013711.0,0.0,2559516.0,2,2025
202503,CA,0203121000,47,47,70,70,327796.0,0.0,719758.0,3,2025
202503,CA,0203192000,47,47,70,70,5645971.0,0.0,22901430.0,3,2025
202503,CA,0203229000,47,47,70,70,8100.0,0.0,34252.0,3,2025
202503,CA,0203292000,47,47,70,70,83379.0,0.0,288452.0,3,2025
202503,CA,0203294000,47,47,70,70,941120.0,0.0,2645424.0,3,2025
202504,CA,0203121000,47,47,70,70,195940.0,0.0,368544.0,4,2025
202504,CA,0203192000,47,47,70,70,3400465.0,0.0,13657787.0,4,2025
202504,CA,0203292000,47,47,70,70,114061.0,0.0,433646.0,4,2025
202504,CA,0203294000,47,47,70,70,596929.0,0.0,1916556.0,4,2025
202505,CA,0203121000,47,47,70,70,674127.0,0.0,1384359.0,5,2025
202505,CA,0203192000,47,47,70,70,5541603.0,0.0,23600716.0,5,2025
202505,CA,0203292000,47,47,70,70,54901.0,0.0,227221.0,5,2025
202505,CA,0203294000,47,47,70,70,814881.0,0.0,2338920.0,5,2025
202506,CA,0203121000,47,47,70,70,702740.0,0.0,1614101.0,6,2025
202506,CA,0203192000,47,47,70,70,5486862.0,0.0,24589124.0,6,2025
202506,CA,0203229000,47,47,70,70,3608.0,0.0,14680.0,6,2025
202506,CA,0203292000,47,47,70,70,36440.0,0.0,135913.0,6,2025
202506,CA,0203294000,47,47,70,70,872037.0,0.0,2402046.0,6,2025
202507,CA,0203121000,47,47,70,70,826588.0,0.0,1762452.0,7,2025
202507,CA,0203192000,47,47,70,70,5585678.0,0.0,25652748.0,7,2025
202507,CA,0203292000,47,47,70,70,16751.0,0.0,62306.0,7,2025
202507,CA,0203294000,47,47,70,70,552782.0,0.0,1512664.0,7,2025
202508,CA,0203121000,47,47,70,70,749198.0,0.0,1679874.0,8,2025
202508,CA,0203192000,47,47,70,70,5618335.0,0.0,25261982.0,8,2025
202508,CA,0203292000,47,47,70,70,75069.0,0.0,267437.0,8,2025
202508,CA,0203294000,47,47,70,70,628480.0,0.0,2091247.0,8,2025
202509,CA,0203121000,47,47,70,70,828657.0,0.0,1966509.0,9,2025
202509,CA,0203192000,47,47,70,70,6288551.0,0.0,27138237.0,9,2025
202509,CA,0203292000,47,47,70,70,62756.0,0.0,267129.0,9,2025
202509,CA,0203294000,47,47,70,70,499184.0,0.0,1772681.0,9,2025
202510,CA,0203121000,47,47,70,70,1112134.0,0.0,2702504.0,10,2025
202510,CA,0203192000,47,47,70,70,6550553.0,0.0,26707899.0,10,2025
202510,CA,0203229000,47,47,70,70,3228.0,0.0,13904.0,10,2025
202510,CA,0203292000,47,47,70,70,62761.0,0.0,262230.0,10,2025
202510,CA,0203294000,47,47,70,70,773248.0,0.0,2762716.0,10,2025
202511,CA,0203121000,47,47,70,70,909365.0,0.0,2049575.0,11,2025
202511,CA,0203192000,47,47,70,70,6856594.0,0.0,27049150.0,11,2025
202511,CA,0203229000,47,47,70,70,4553.0,0.0,16054.0,11,2025
202511,CA,0203292000,47,47,70,70,18180.0,0.0,80870.0,11,2025
202511,CA,0203294000,47,47,70,70,893774.0,0.0,2904114.0,11,2025
202512,CA,0203121000,47,47,70,70,218854.0,0.0,499912.0,12,2025
202512,CA,0203192000,47,47,70,70,7158080.0,0.0,28981089.0,12,2025
202512,CA,0203229000,47,47,70,70,3359.0,0.0,9144.0,12,2025
202512,CA,0203292000,47,47,70,70,54716.0,0.0,191107.0,12,2025
202512,CA,0203294000,47,47,70,70,765956.0,0.0,2543038.0,12,2025
